CREATE TABLE `absence_types` (
  `id` bigint(20) unsigned NOT NULL AUTO_INCREMENT,
  `name` varchar(191) COLLATE utf8mb4_unicode_ci NOT NULL,
  `usable_by_employee` tinyint(4) NOT NULL DEFAULT '0',
  `approvable` tinyint(4) NOT NULL DEFAULT '0',
  `color` varchar(191) COLLATE utf8mb4_unicode_ci NOT NULL,
  `icon` varchar(191) COLLATE utf8mb4_unicode_ci NOT NULL,
  `created_at` timestamp NULL DEFAULT NULL,
  `updated_at` timestamp NULL DEFAULT NULL,
  `deleted_at` timestamp NULL DEFAULT NULL,
  PRIMARY KEY (`id`)
) ENGINE=InnoDB DEFAULT CHARSET=utf8mb4 COLLATE=utf8mb4_unicode_ci;
;-- -. . -..- - / . -. - .-. -.--
LOCK TABLES `absence_types` WRITE;
;-- -. . -..- - / . -. - .-. -.--
/*!40000 ALTER TABLE `absence_types` DISABLE KEYS */;
;-- -. . -..- - / . -. - .-. -.--
INSERT INTO `absence_types` (`id`, `name`, `usable_by_employee`, `approvable`, `color`, `icon`, `created_at`, `updated_at`, `deleted_at`)
VALUES
	(1,'Urlaub',1,1,'green','airplanemode_active','2020-02-03 11:54:59','2020-02-03 11:54:59',NULL),
	(2,'Krankheit',0,0,'red','bug_report','2020-02-03 11:54:59','2020-02-03 11:54:59',NULL),
	(3,'Seminar',1,0,'yellow','chrome_reader_mode','2020-02-03 11:54:59','2020-02-03 11:54:59',NULL),
	(4,'Elternzeit',0,0,'blue','child_friendly','2020-02-03 11:54:59','2020-02-03 11:54:59',NULL),
	(5,'Schule',1,0,'orange','school','2020-02-03 11:54:59','2020-02-03 11:54:59',NULL),
	(6,'Sabbatical',0,0,'cyan','local_bar','2020-02-03 11:54:59','2020-02-03 11:54:59',NULL);
;-- -. . -..- - / . -. - .-. -.--
/*!40000 ALTER TABLE `absence_types` ENABLE KEYS */;
;-- -. . -..- - / . -. - .-. -.--
DROP TABLE IF EXISTS `absences`;
;-- -. . -..- - / . -. - .-. -.--
CREATE TABLE `absences` (
  `id` bigint(20) unsigned NOT NULL AUTO_INCREMENT,
  `employee_id` bigint(20) unsigned NOT NULL,
  `type_id` bigint(20) unsigned DEFAULT NULL,
  `start` datetime NOT NULL,
  `end` datetime NOT NULL,
  `approved` tinyint(4) NOT NULL DEFAULT '0',
  `approver_id` bigint(20) unsigned DEFAULT NULL,
  `approver_notificated` date DEFAULT NULL,
  `created_by_id` bigint(20) unsigned DEFAULT NULL,
  `created_at` timestamp NULL DEFAULT NULL,
  `updated_at` timestamp NULL DEFAULT NULL,
  `deleted_at` timestamp NULL DEFAULT NULL,
  PRIMARY KEY (`id`),
  KEY `absences_employee_id_foreign` (`employee_id`),
  KEY `absences_type_id_foreign` (`type_id`),
  KEY `absences_approver_id_foreign` (`approver_id`),
  KEY `absences_created_by_id_foreign` (`created_by_id`),
  CONSTRAINT `absences_approver_id_foreign` FOREIGN KEY (`approver_id`) REFERENCES `users` (`id`) ON DELETE SET NULL,
  CONSTRAINT `absences_created_by_id_foreign` FOREIGN KEY (`created_by_id`) REFERENCES `users` (`id`) ON DELETE SET NULL,
  CONSTRAINT `absences_employee_id_foreign` FOREIGN KEY (`employee_id`) REFERENCES `users` (`id`) ON DELETE CASCADE,
  CONSTRAINT `absences_type_id_foreign` FOREIGN KEY (`type_id`) REFERENCES `absence_types` (`id`) ON DELETE SET NULL
) ENGINE=InnoDB DEFAULT CHARSET=utf8mb4 COLLATE=utf8mb4_unicode_ci;
;-- -. . -..- - / . -. - .-. -.--
DROP TABLE IF EXISTS `addresses`;
;-- -. . -..- - / . -. - .-. -.--
CREATE TABLE `addresses` (
  `id` bigint(20) unsigned NOT NULL AUTO_INCREMENT,
  `gender` enum('m','f','d','c','h','g','l','a') COLLATE utf8mb4_unicode_ci DEFAULT NULL,
  `title` varchar(191) COLLATE utf8mb4_unicode_ci DEFAULT NULL,
  `first_name` varchar(191) COLLATE utf8mb4_unicode_ci DEFAULT NULL,
  `last_name` varchar(191) COLLATE utf8mb4_unicode_ci DEFAULT NULL,
  `company_name` varchar(191) COLLATE utf8mb4_unicode_ci DEFAULT NULL,
  `street` varchar(191) COLLATE utf8mb4_unicode_ci DEFAULT NULL,
  `zip` varchar(191) COLLATE utf8mb4_unicode_ci DEFAULT NULL,
  `city` varchar(191) COLLATE utf8mb4_unicode_ci DEFAULT NULL,
  `country` varchar(191) COLLATE utf8mb4_unicode_ci DEFAULT NULL,
  `email` varchar(191) COLLATE utf8mb4_unicode_ci DEFAULT NULL,
  `phone` varchar(191) COLLATE utf8mb4_unicode_ci DEFAULT NULL,
  `fax` varchar(191) COLLATE utf8mb4_unicode_ci DEFAULT NULL,
  `url` varchar(191) COLLATE utf8mb4_unicode_ci DEFAULT NULL,
  `deleted_at` timestamp NULL DEFAULT NULL,
  `created_at` timestamp NULL DEFAULT NULL,
  `updated_at` timestamp NULL DEFAULT NULL,
  PRIMARY KEY (`id`)
) ENGINE=InnoDB DEFAULT CHARSET=utf8mb4 COLLATE=utf8mb4_unicode_ci;
;-- -. . -..- - / . -. - .-. -.--
LOCK TABLES `addresses` WRITE;
;-- -. . -..- - / . -. - .-. -.--
/*!40000 ALTER TABLE `addresses` DISABLE KEYS */;
;-- -. . -..- - / . -. - .-. -.--
INSERT INTO `addresses` (`id`, `gender`, `title`, `first_name`, `last_name`, `company_name`, `street`, `zip`, `city`, `country`, `email`, `phone`, `fax`, `url`, `deleted_at`, `created_at`, `updated_at`)
VALUES
	(1,NULL,NULL,NULL,NULL,'Münster','Rothenburg 5','48143','Münster','Deutschland','info@spk-immo.de','+49 (0)251 598-31730',NULL,'www.spk-immo.de',NULL,'2019-11-11 02:13:52','2020-01-09 11:56:05'),
	(2,NULL,NULL,NULL,NULL,'Telgte','Baßfeld 11-13','48291','Telgte','Deutschland','info@spk-immo.de','+49 (0)2504 930-153011',NULL,'https://www.spk-immoo.de',NULL,'2019-11-11 02:13:52','2019-11-11 02:13:52'),
	(3,NULL,NULL,NULL,NULL,'Ahlen','Moltkestraße 38','59299','Ahlen','Deutschland','info@spk-immo.de','+49 (0)2382 854-28123',NULL,'https://www.spk-immoo.de',NULL,'2019-11-11 02:13:52','2019-11-11 02:13:52'),
	(4,NULL,NULL,NULL,NULL,'Oelde','Bahnhofstraße 29','59302','Oelde','Deutschland','info@spk-immo.de','+49 (0)2522 822-24134',NULL,'https://www.spk-immoo.de',NULL,'2019-11-11 02:13:52','2019-11-11 02:13:52'),
	(5,NULL,NULL,NULL,NULL,'Warendorf','Münsterstraße 21','48231','Warendorf','Deutschland','info@spk-immo.de','+49 (0)2581 55-20368',NULL,'https://www.spk-immoo.de',NULL,'2019-11-11 02:13:52','2019-11-11 02:13:52'),
	(6,'m',NULL,'Stefan','Böckmann',NULL,'Rothenburg 5','48143','Münster','Deutschland','stefan.boeckmann@sparkasse-mslo.de','0251 598-31741','0251 598-831742','www.spk-immo.de',NULL,'2019-11-11 17:10:27','2020-01-23 15:16:36'),
	(7,'m',NULL,'Lars','Mönig',NULL,'Weseler Str','48143','Münster','Deutschland',NULL,'123451846',NULL,NULL,NULL,'2019-11-19 09:05:07','2019-11-19 09:05:07'),
	(8,'m',NULL,'Achim','Friedrich',NULL,'Hammer Str 5','48153','Münster','Deutschland',NULL,'0251 59831733',NULL,NULL,NULL,'2019-11-19 09:05:07','2019-11-19 09:05:07'),
	(9,'m',NULL,'Philip','Hamsen',NULL,'Kurneystr. 2','48161','Münster','Deutschland',NULL,'0165468',NULL,NULL,NULL,'2019-11-20 10:37:48','2019-11-20 10:37:48'),
	(10,'d',NULL,'Elke','Püschel',NULL,'Zur Steinbreede 60','49124','Georgsmarienhütte','Deutschland',NULL,'0123456',NULL,NULL,NULL,'2019-11-20 10:37:48','2019-11-20 10:37:48'),
	(11,NULL,NULL,NULL,NULL,NULL,NULL,NULL,NULL,NULL,NULL,NULL,NULL,NULL,NULL,'2019-12-06 12:49:41','2019-12-06 12:49:41'),
	(12,'m',NULL,'Jannik','Wolff',NULL,'Rothenburg 5','48143','Münster','Deutschland','jannik.wolff@sparkasse-mslo.de','0251 598-31752','0251 598-31729','www.spk-immo.de',NULL,'2019-12-10 12:33:18','2020-01-23 15:11:53'),
	(13,'d',NULL,'Christine und Meinolf','Schulze Brüning',NULL,'Sommersell 13','59320','Ennigerloh','Deutschland',NULL,'02528206',NULL,NULL,NULL,'2019-12-10 12:39:16','2019-12-10 12:39:16'),
	(14,'f',NULL,'Margareta','Große-Kleimann',NULL,'Warendorfer Str. 32','48291','Telgte','Deutschland',NULL,'01717829379',NULL,NULL,NULL,'2019-12-10 12:39:16','2019-12-10 12:39:16'),
	(15,'m',NULL,'Lars','Mönig',NULL,'Rothenburg 5','48143','Münster','Deutschland','lars.moenig@sparkasse-mslo.de','0251 598-31746','0251 598-31729','www.spk-immo.de',NULL,'2019-12-10 12:51:44','2020-01-23 15:14:47'),
	(16,'f',NULL,'Sarah','Große',NULL,'Rothenburg 5','48143','Münster','Deutschland','sarah.grosse@sparkasse-mslo.de','0251 598-31738','0251 598-31729','www.spk-immo.de',NULL,'2019-12-20 11:35:51','2020-01-23 15:16:01'),
	(17,'m',NULL,'Mark','Lackmann',NULL,'Rothenburg 5','48143','Münster','Deutschland','mark.lackmann@sparkasse-mslo.de','0251 598-31739','0251 598-31729','www.spk-immo.de',NULL,'2019-12-20 11:46:56','2020-01-23 15:15:34'),
	(18,'f',NULL,'Ulla','Waltermann',NULL,'Rothenburg 5','48143','Münster','Deutschland','ulla.waltermann@sparkasse-mslo.de','0251 598-31732','0251 598-31729','www.spk-immo.de',NULL,'2019-12-20 11:50:14','2020-01-23 15:17:53'),
	(19,'f',NULL,'Linda','Hörstker',NULL,'Rothenburg 5','48143','Münster','Deutschland','linda.hoerstker@sparkasse-mslo.de','0251 598-31742','0251 598-31729','www.spk-immo.de',NULL,'2019-12-20 11:55:26','2020-01-23 15:15:09'),
	(20,'m',NULL,'Tobias','Weber',NULL,'Rothenburg 5','48143','Münster','Deutschland','tobias.weber@sparkasse-mslo.de','02581 55-20368','02581 55-20371','www.spk-immo.de',NULL,'2019-12-20 11:57:45','2020-01-07 17:37:14'),
	(21,'m',NULL,'Georg','Wetterau',NULL,'Rothenburg 5','48143','Münster','Deutschland','georg.wetterau@sparkasse-mslo.de','0251 598-31734','0251 598-831734','www.spk-immo.de',NULL,'2019-12-20 14:48:17','2019-12-20 14:48:17'),
	(23,'f',NULL,'Stefanie','Stefer',NULL,'Rothenburg 5','48143','Münster','Deutschland','stefanie.stefer@sparkasse-mslo.de','0251 598-31740','0251 598-31729','www.spk-immo.de',NULL,'2019-12-20 14:50:59','2020-01-23 15:16:58'),
	(24,'m',NULL,'Veit','Müller',NULL,'Rothenburg 5','48143','Münster','Deutschland','veit.mueller@sparkasse-mslo.de','0251 598-31737','0251 598-31729','www.spk-immo.de',NULL,'2019-12-20 14:52:44','2020-01-23 15:18:09'),
	(25,'m',NULL,'Thomas','Große Daldrup',NULL,'Rothenburg 5','48143','Münster','Deutschland','thomas.grosse.daldrup@sparkasse-mslo.de','02522 822-24134','02522 822-24222','www.spk-immo.de',NULL,'2019-12-20 16:23:30','2020-01-07 17:36:57'),
	(26,'m',NULL,'Frank','Brormann','F.B.P.T.M.L. GmbH i. GR','Bahnhofstraße 30','59302','Oelde','Deutschland',NULL,'0170-2173311',NULL,NULL,NULL,'2019-12-20 16:27:51','2019-12-20 16:27:51'),
	(27,'m',NULL,'Christian','Michelswirth','Sparkasse Münsterland Ost Immobilienmanagement BS 120-04','Weseler Straße 230','48151','Münster','Deutschland',NULL,'0251 598-22242',NULL,NULL,NULL,'2019-12-20 16:27:51','2019-12-20 16:27:51'),
	(28,'m','Dr.','Christoph','Zimmermann',NULL,'Andreas-Hofer-Straße 12','48145','Münster','Deutschland',NULL,'0251 53559949',NULL,NULL,NULL,'2019-12-20 16:40:50','2019-12-20 16:40:50'),
	(29,'d',NULL,'Elena Strumann','Dr. Ansgar Strumann',NULL,'Staufenstraße 30','48145','Münster','Deutschland',NULL,'0171 3668811',NULL,NULL,NULL,'2019-12-20 16:40:50','2019-12-20 16:40:50'),
	(30,'c',NULL,'Maria Bültel-Hilkmann','Wolfgang Hilkmann',NULL,'Dorotheenstraße 15','48145','Münster','Deutschland',NULL,'0251 661250','0251 661250',NULL,NULL,'2019-12-27 11:02:41','2019-12-30 16:10:45'),
	(31,'m',NULL,'Peter','Dick','KuISI Immobilien GmbH','Mergenthaler Str. 30','48268','Greven','Deutschland',NULL,'02571 918080',NULL,NULL,NULL,'2019-12-27 11:02:41','2019-12-27 11:02:41'),
	(32,'d',NULL,'Claudia Büring','Dr. Jan Büring',NULL,'Aloysia-Delsen-Weg 4','48161','Münster','Deutschland',NULL,'0160 94490831',NULL,NULL,NULL,'2019-12-27 11:08:34','2019-12-27 11:08:34'),
	(33,'m',NULL,'Peter','Dick','KuISI Immobilien GmbH','Mergenthaler Straße 30','48268','Greven','Deutschland',NULL,'02571 918080',NULL,NULL,NULL,'2019-12-27 11:08:34','2019-12-27 11:08:34'),
	(34,'d',NULL,'Marion Achteresch','Christian Mader',NULL,'Schöppingenweg 107','48149','Münster','Deutschland',NULL,'02532 1889962',NULL,NULL,NULL,'2019-12-27 11:14:18','2019-12-27 11:14:18'),
	(35,'m',NULL,'Peter','Dick','KuISI Immobilien GmbH','Mergenthaler Straße 30','48268','Greven','Deutschland',NULL,'02571 918080',NULL,NULL,NULL,'2019-12-27 11:14:18','2019-12-27 11:14:18'),
	(36,'f',NULL,'Annegret','Niedrich',NULL,'Kanalstr. 50','48147','Münster','Deutschland',NULL,'0251 278726',NULL,NULL,NULL,'2019-12-27 11:20:26','2019-12-27 11:20:26'),
	(37,'m',NULL,'André','Steiling',NULL,'Von-Einem-Straße 9','48159','Münster','Deutschland',NULL,'0163 6950092',NULL,NULL,NULL,'2019-12-27 11:20:26','2019-12-27 11:20:26'),
	(38,'m',NULL,'Stefan','Haurenherm',NULL,'Weseler Straße 230','48151','Münster','Deutschland',NULL,'0251 598-45512',NULL,NULL,NULL,'2019-12-27 11:23:41','2019-12-27 11:23:41'),
	(39,'m',NULL,'Andreas','Möllenkamp',NULL,'Weseler STraße 230','48151','Münster','Deutschland',NULL,'0251 598-31073',NULL,NULL,NULL,'2019-12-27 11:24:18','2019-12-27 11:24:18'),
	(40,'d',NULL,'Kathrin Eßer','Michael Eßer',NULL,'Unckelstraße 9','48165','Münster','Deutschland',NULL,'02501 9737766',NULL,NULL,NULL,'2019-12-27 11:40:53','2019-12-27 11:40:53'),
	(41,'f',NULL,'Sibylle','Strümpler',NULL,'Hummelbrink 10','48165','Münster','Deutschland',NULL,'02501 9649330',NULL,NULL,NULL,'2019-12-27 11:40:53','2019-12-27 11:40:53'),
	(42,'f',NULL,'Julia','Bröker','Sparkassen Immobilien GmbH','Rothenburg 5','48143','Münster','Deutschland','julia.broeker@sparkasse-mslo.de','0251 598-31731','0251 598-831731','www.spk-immo.de',NULL,'2020-01-03 10:23:10','2020-01-03 10:23:10'),
	(43,'f',NULL,'Elisabeth','Buhne','Sparkassen Immobilien GmbH','Rothenburg 5','48143','Münster','Deutschland','elisabeth.buhne@sparkasse-mslo.de','0251 598-31723','0251 598-831723','www.spk-immo.de',NULL,'2020-01-03 10:24:05','2020-01-03 10:24:05'),
	(44,'f',NULL,'Anna','Schulte-Werning','Sparkassen Immobilien GmbH','Rothenburg 5','48143','Münster','Deutschland','anna.schulte-werning@sparkasse-mslo.de','0251 598-31719','0251 598-831719','www.spk-immo.de',NULL,'2020-01-03 10:25:01','2020-01-03 10:25:01'),
	(45,'f',NULL,'Anna Lena','Dinkhoff','Sparkassen Immobilien GmbH','Rothenburg 5','48143','Münster','Deutschland','anna.lena.dinkhoff@sparkasse-mslo.de','0251 598-31753','0251 598-831753','www.spk-immo.de',NULL,'2020-01-03 10:26:39','2020-01-03 10:26:39'),
	(46,'m',NULL,'Severin','Breitkopf',NULL,NULL,NULL,NULL,'Deutschland','info@web-n-app.de','07631 10 97 4',NULL,NULL,NULL,'2020-01-03 15:32:05','2020-01-03 15:32:05'),
	(47,'m',NULL,'rgregregre','erergregre',NULL,'test','23345','egrgregre','Deutschland',NULL,'4334433443',NULL,NULL,NULL,'2020-01-03 16:27:08','2020-01-03 16:27:08'),
	(48,'m',NULL,'test','test',NULL,'test 1','12345','test','Deutschland',NULL,'344343434',NULL,NULL,NULL,'2020-01-03 16:27:08','2020-01-03 16:27:08'),
	(49,'a',NULL,'Damen und','Herren','LBS Immobilien GmbH NordWest','Himmelreichallee 40','48149','Münster','Deutschland',NULL,'0251 1237',NULL,NULL,NULL,'2020-01-03 16:29:00','2020-01-03 16:29:00'),
	(50,'f',NULL,'Christine','Filthaut',NULL,'asdlkfjsöd','48115','Sendenhorst','Deutschland',NULL,'0251 1234',NULL,NULL,NULL,'2020-01-03 16:29:00','2020-01-03 16:29:00'),
	(51,'m',NULL,'Severin','Breitkopf',NULL,'Niedersachsenring 48','48147','Münster','Deutschland','severin.breitkopf@web-n-app.de',NULL,NULL,NULL,NULL,'2020-01-03 17:37:06','2020-01-03 17:37:06'),
	(52,'m',NULL,'Julian','Peveling',NULL,'Rothenburg 5','48143','Münster','Deutschland','julian.peveling@sparkasse-mslo.de','0251 598-31758','0251 598-31729','www.spk-immo.de',NULL,'2020-01-07 11:02:59','2020-01-23 15:12:26'),
	(53,'h',NULL,'Kathrin Hermwille','Nir Ben-Schlomo Halevy',NULL,'Am Berg Fidel 64','48153','Münster','Deutschland',NULL,NULL,NULL,NULL,NULL,'2020-01-07 17:00:19','2020-01-21 12:51:09'),
	(54,'f',NULL,'Christel','Zielke',NULL,'Im Sternenpark 8','31188','Holle','Deutschland',NULL,NULL,NULL,NULL,NULL,'2020-01-07 17:00:19','2020-01-07 17:00:19'),
	(55,'a',NULL,'Frau','Bauer','Sparkasse Nürnberg','Musteradresse','90327','Nürnberg','Deutschland',NULL,NULL,NULL,NULL,NULL,'2020-01-07 17:13:35','2020-01-07 17:13:35'),
	(56,'m',NULL,'Jürgen','Grönefeld',NULL,'Rothenburg 5','48143','Münster','Deutschland','juergen.groenefeld@sparkasse-mslo.de','02382 854-28120','02382 854-28350','www.spk-immo.de',NULL,'2020-01-07 17:23:28','2020-01-07 17:36:28'),
	(57,'f',NULL,'Kristin','Möwes','BC 200 Warendorf','BC 200 Warendorf',NULL,NULL,'Deutschland',NULL,NULL,NULL,NULL,NULL,'2020-01-07 17:28:04','2020-01-07 17:28:04'),
	(58,'c',NULL,'Elena und Andrey','Nuss',NULL,'Am Stockpiper 26','59229','Ahlen','Deutschland',NULL,NULL,NULL,NULL,NULL,'2020-01-07 17:29:53','2020-01-07 17:29:53'),
	(59,'f',NULL,'Gisela','Jaspert',NULL,'Kapellenstraße 25','59227','Ahlen','Deutschland',NULL,NULL,NULL,NULL,NULL,'2020-01-07 17:29:53','2020-01-07 17:29:53'),
	(60,'f',NULL,'Heike','Schneevogt','BC 011 Mecklenbeck',NULL,NULL,NULL,'Deutschland',NULL,NULL,NULL,NULL,NULL,'2020-01-07 17:54:21','2020-01-07 17:54:21'),
	(61,'h',NULL,'Dr. Franziska Nenning und','Ulrich Horsters',NULL,'Gescherweg 131','48161','Münster','Deutschland',NULL,NULL,NULL,NULL,NULL,'2020-01-07 17:56:32','2020-01-07 17:56:32'),
	(62,'c',NULL,'Stefan und Sabine','Hagedorn',NULL,'Am Hof Schultmann 123','48163','Münster','Deutschland',NULL,NULL,NULL,NULL,NULL,'2020-01-07 17:56:32','2020-01-07 17:56:32'),
	(63,'f',NULL,'Ines','Rosendahl','BC 274 Drensteinfurt',NULL,NULL,NULL,'Deutschland',NULL,NULL,NULL,NULL,NULL,'2020-01-08 09:28:46','2020-01-08 09:28:46'),
	(64,'c','Dr.','Michael und Stephanie','Weichbrodt',NULL,'Torminweg 15','48155','Münster','Deutschland',NULL,NULL,NULL,NULL,NULL,'2020-01-08 09:30:33','2020-01-08 09:30:33'),
	(65,'c',NULL,'Jörg und Renate','Heisterkamp',NULL,'Reinhausweg 12','48317','Drensteinfurt','Deutschland',NULL,NULL,NULL,NULL,NULL,'2020-01-08 09:30:33','2020-01-08 09:31:48'),
	(66,'m',NULL,'Stephan','Schürhoff','S-Immobilien GmbH der Sparkasse Westmünsterland','Overbergplatz 1','48249','Dülmen','Deutschland',NULL,NULL,NULL,NULL,NULL,'2020-01-08 09:42:19','2020-01-08 09:43:06'),
	(67,'m',NULL,'Florim','Nuha',NULL,'Raiffeisentraße 149','48249','Dülmen','Deutschland',NULL,NULL,NULL,NULL,NULL,'2020-01-08 09:42:19','2020-01-08 09:42:19'),
	(68,'m',NULL,'Peter','Jende','F020 Coerde',NULL,NULL,NULL,'Deutschland',NULL,NULL,NULL,NULL,NULL,'2020-01-08 09:45:41','2020-01-08 09:45:41'),
	(69,'f',NULL,'Stefanie','Sand','BC 045 Handorf',NULL,NULL,NULL,'Deutschland',NULL,NULL,NULL,NULL,NULL,'2020-01-08 09:50:34','2020-01-08 09:50:34'),
	(70,'m',NULL,'Marc','Arning','Arning Fieke Immobilien GbR','Sellen 37','48565','Steinfurt','Deutschland',NULL,NULL,NULL,NULL,NULL,'2020-01-08 09:52:44','2020-01-08 09:52:44'),
	(71,'m',NULL,'Ralf','Steinhoff',NULL,'Kanalstraß 12','48147','Münster','Deutschland',NULL,NULL,NULL,NULL,NULL,'2020-01-08 09:52:44','2020-01-08 09:52:44'),
	(72,'m',NULL,'Axel','Grulke','BC 055 Hiltrup',NULL,NULL,NULL,'Deutschland',NULL,NULL,NULL,NULL,NULL,'2020-01-08 10:58:57','2020-01-08 10:58:57'),
	(73,'m',NULL,'Holger','Hemsing',NULL,'Am Hagen 38 A','48165','Münster','Deutschland',NULL,NULL,NULL,NULL,NULL,'2020-01-08 11:01:25','2020-01-08 11:01:25'),
	(74,'g',NULL,'Gerd und Bernd Klaus','Vielmeyer',NULL,'Lagestraße 94','48165','Münster','Deutschland',NULL,NULL,NULL,NULL,NULL,'2020-01-08 11:01:25','2020-01-08 11:01:25'),
	(75,'f',NULL,'Nicole','Wewers','BC 230 Telgte',NULL,NULL,NULL,'Deutschland',NULL,NULL,NULL,NULL,NULL,'2020-01-08 11:12:19','2020-01-08 11:12:19'),
	(76,'c',NULL,'Christine und Meinolf','Schulze Brüning',NULL,'Sommersell 13','59320','Ennigerloh','Deutschland',NULL,NULL,NULL,NULL,NULL,'2020-01-08 11:14:10','2020-01-08 11:14:10'),
	(77,'f',NULL,'Margareta','Große-Kleimann',NULL,'Warendorfer Straße 32','48291','Telgte','Deutschland',NULL,NULL,NULL,NULL,NULL,'2020-01-08 11:14:10','2020-01-08 11:14:10'),
	(78,'f','Dr.','Theresa','Hermwille',NULL,'Manfred-von-Richthofen-Straße 17','48145','Münster','Deutschland',NULL,NULL,NULL,NULL,NULL,'2020-01-09 12:09:15','2020-01-09 12:09:15'),
	(79,'f',NULL,'Gabriele','Schemmel',NULL,'Bohlweg 22','48147','Münster','Deutschland',NULL,NULL,NULL,NULL,NULL,'2020-01-09 12:09:15','2020-01-09 12:09:15'),
	(80,'f',NULL,'Janine','Helfmeier',NULL,'Im Ried 6 a','33378','Rheda-Wiedenbrück','Deutschland',NULL,NULL,NULL,NULL,NULL,'2020-01-09 12:23:05','2020-01-09 12:23:05'),
	(81,'c',NULL,'Kerstin und Andreas','Künnemeyer',NULL,'Greffener Straße 24','48361','Beelen','Deutschland',NULL,NULL,NULL,NULL,NULL,'2020-01-09 12:27:25','2020-01-09 12:27:25'),
	(82,'f',NULL,'Nevanka','Rose',NULL,'Wiesenstraße 7','59302','Oelde','Deutschland',NULL,NULL,NULL,NULL,NULL,'2020-01-09 12:27:25','2020-01-09 12:27:25'),
	(83,'m',NULL,'Rudolf','Marhold',NULL,'St.-Lambertus-Kirchplatz 6','48317','Drensteinfurt','Deutschland',NULL,NULL,NULL,NULL,NULL,'2020-01-14 10:11:01','2020-01-14 10:11:01'),
	(84,'f',NULL,'Susanne','Arrenberg',NULL,'Langewanneweg 145','59063','Hamm','Deutschland',NULL,NULL,NULL,NULL,NULL,'2020-01-14 10:11:01','2020-01-14 10:11:01'),
	(85,'c',NULL,'Barbara und Grzegorz','Gnat',NULL,'Am Esterhagen 42','59227','Ahlen','Deutschland',NULL,NULL,NULL,NULL,NULL,'2020-01-14 10:28:43','2020-01-14 10:28:43'),
	(86,'c',NULL,'Claudia und Marcus','Lügger',NULL,'Knäppken 19','48317','Drensteinfurt','Deutschland',NULL,NULL,NULL,NULL,NULL,'2020-01-14 10:28:43','2020-01-14 10:28:43'),
	(87,'c',NULL,'Franziska und Alexander','Hummelt',NULL,'Südtor 7','48324','Sendenhorst','Deutschland',NULL,NULL,NULL,NULL,NULL,'2020-01-14 10:50:01','2020-01-14 10:50:01'),
	(88,'f',NULL,'Dorothea','Kaczmarczyk',NULL,'Ostpreußenring 23','48324','Sendenhorst','Deutschland',NULL,NULL,NULL,NULL,NULL,'2020-01-14 10:50:01','2020-01-14 10:50:01'),
	(89,'m',NULL,'Bernd','Ottenjahn','BC 205 Ostbevern',NULL,NULL,NULL,'Deutschland',NULL,NULL,NULL,NULL,NULL,'2020-01-14 11:07:50','2020-01-14 11:07:50'),
	(90,'c',NULL,'Jutta und Ludger','Markfort',NULL,'Loheide 139','48346','Ostbevern','Deutschland',NULL,NULL,NULL,NULL,NULL,'2020-01-14 11:17:05','2020-01-14 11:17:05'),
	(91,'f',NULL,'Barbara','Pletzer',NULL,'Bettina-von-Armin-Straße 11','37085','Göttingen','Deutschland',NULL,NULL,NULL,NULL,NULL,'2020-01-14 11:17:05','2020-01-14 11:17:05'),
	(92,'c',NULL,'Ursula und Rudolf','Marhold',NULL,'St.-Lambertus-Kirchplatz 6','48317','Drensteinfurt','Deutschland',NULL,NULL,NULL,NULL,NULL,'2020-01-14 11:26:21','2020-01-14 11:26:21'),
	(93,'d','Erbengemeinschaft S. Petrowski','Annette und Hans-Günter','Wolff',NULL,'Eichenweg 29','48317','Drensteinfurt','Deutschland',NULL,NULL,NULL,NULL,NULL,'2020-01-14 11:26:21','2020-01-14 11:26:21'),
	(94,'h',NULL,'Benjamin Quest','Bärbel Resing',NULL,'Paulstraße 7','48151','Münster','Deutschland',NULL,NULL,NULL,NULL,NULL,'2020-01-14 11:40:16','2020-01-14 11:52:27'),
	(95,'f',NULL,'Uta','Bußmann',NULL,'Böttcherstraße 79','48165','Münster','Deutschland',NULL,NULL,NULL,NULL,NULL,'2020-01-14 11:40:16','2020-01-14 11:40:16'),
	(96,'f',NULL,'Marion','Schüttler','BC 045 Handorf',NULL,NULL,NULL,'Deutschland',NULL,NULL,NULL,NULL,NULL,'2020-01-14 11:44:12','2020-01-14 11:44:12'),
	(97,'c',NULL,'Anne und Helmut','Röper',NULL,'Friedrich-Ebert-Straße 4','59302','Oelde','Deutschland',NULL,NULL,NULL,NULL,NULL,'2020-01-14 11:58:39','2020-01-14 11:58:39'),
	(98,'f',NULL,'Elisabeth','Horstmann',NULL,'Stettiner Straße 7','59302','Oelde','Deutschland',NULL,NULL,NULL,NULL,NULL,'2020-01-14 11:58:39','2020-01-14 11:58:39'),
	(99,NULL,NULL,NULL,NULL,NULL,NULL,NULL,NULL,'Deutschland',NULL,NULL,NULL,NULL,NULL,'2020-01-14 14:02:21','2020-01-14 14:02:21'),
	(101,'m',NULL,'Severin','Breitkopf',NULL,NULL,NULL,NULL,'Deutschland','info@web-n-app.de',NULL,NULL,NULL,NULL,'2020-01-21 10:02:34','2020-01-21 10:02:34'),
	(102,'m',NULL,'Severin','Breitkopf',NULL,NULL,NULL,NULL,'Deutschland','info@web-n-app.de',NULL,NULL,NULL,NULL,'2020-01-21 10:26:01','2020-01-21 10:26:01'),
	(103,'m',NULL,'Andreas','Wienker','BC 200 Warendorf',NULL,NULL,NULL,'Deutschland',NULL,NULL,NULL,NULL,NULL,'2020-01-21 11:57:30','2020-01-21 12:02:08'),
	(104,'m',NULL,'Ludger','Hertleif','BC 200 Warendorf',NULL,NULL,NULL,'Deutschland',NULL,NULL,NULL,NULL,NULL,'2020-01-21 12:01:16','2020-01-21 12:01:16'),
	(105,'c',NULL,'Carolin','Philipp Esterhues',NULL,'Hubertistraße 2','48155','Münster','Deutschland',NULL,NULL,NULL,NULL,NULL,'2020-01-21 12:06:04','2020-01-21 12:11:06'),
	(106,'m',NULL,'Reinhard','Wienker',NULL,'Krimphovenweg 15','48231','Warendorf','Deutschland',NULL,NULL,NULL,NULL,NULL,'2020-01-21 12:06:04','2020-01-21 12:06:04'),
	(107,'f',NULL,'Claudia','Pliske','BC 242 Oelde',NULL,NULL,NULL,'Deutschland',NULL,NULL,NULL,NULL,NULL,'2020-01-21 12:19:32','2020-01-21 12:19:32'),
	(108,'m',NULL,'Marko','Vlaic',NULL,'Heidekamp 9','59302','Oelde','Deutschland',NULL,NULL,NULL,NULL,NULL,'2020-01-21 12:22:18','2020-01-21 12:22:18'),
	(109,'f',NULL,'Susanne','Schmidt-Wesemann',NULL,'Wibbeltstraße 66','59302','Oelde','Deutschland',NULL,NULL,NULL,NULL,NULL,'2020-01-21 12:22:18','2020-01-21 12:22:18'),
	(110,'m','Dr.','Lars','Algermissen',NULL,'Mühlenstraße 1','48143','Münster','Deutschland',NULL,NULL,NULL,NULL,NULL,'2020-01-21 12:34:54','2020-01-21 12:34:54'),
	(111,'h',NULL,'Edwina Holtermann','Klaus Hiekmann','PRO URBAN Holding GmbH','Auf der Herrschwiese 15','49716','Meppen','Deutschland',NULL,NULL,NULL,NULL,NULL,'2020-01-21 12:34:54','2020-01-21 12:38:28'),
	(112,NULL,NULL,NULL,NULL,NULL,NULL,NULL,NULL,'Deutschland',NULL,NULL,NULL,NULL,NULL,'2020-01-21 12:35:46','2020-01-21 12:35:46'),
	(113,NULL,NULL,NULL,NULL,NULL,NULL,NULL,NULL,'Deutschland',NULL,NULL,NULL,NULL,NULL,'2020-01-21 12:35:51','2020-01-21 12:35:51'),
	(114,'f',NULL,'Martina','Vortkamp',NULL,'Storks Kamp 36','48599','Gronau','Deutschland',NULL,NULL,NULL,NULL,NULL,'2020-01-23 11:03:08','2020-01-23 11:03:08'),
	(115,'f',NULL,'Bettina','Evels',NULL,'Blumenstraße 15','48151','Münster','Deutschland',NULL,NULL,NULL,NULL,NULL,'2020-01-23 11:03:08','2020-01-23 11:03:08'),
	(116,'f',NULL,'Anja','Dahlmanns','090.B',NULL,NULL,NULL,'Deutschland',NULL,NULL,NULL,NULL,NULL,'2020-01-23 11:06:38','2020-01-23 11:06:38'),
	(117,'m',NULL,'Matthias','Adick',NULL,'Buddenbaumstraße 30','48231','Warendorf','Deutschland',NULL,NULL,NULL,NULL,NULL,'2020-01-23 11:12:29','2020-01-23 11:12:29'),
	(118,'f',NULL,'Yvonne','Tietze',NULL,'Hangkamp 1','48231','Warendorf','Deutschland',NULL,NULL,NULL,NULL,NULL,'2020-01-23 11:12:29','2020-01-23 11:12:29'),
	(119,'m',NULL,'Heinz-Jörg','Steinhoff','540/03',NULL,NULL,NULL,'Deutschland',NULL,NULL,NULL,NULL,NULL,'2020-01-23 11:15:01','2020-01-23 11:15:01'),
	(120,'f',NULL,'Stefanie','Rhodenburg',NULL,'Fasanenweg 36','59846','Sundern','Deutschland',NULL,NULL,NULL,NULL,NULL,'2020-01-23 11:22:45','2020-01-23 11:22:45'),
	(121,'m',NULL,'Tobias','Schumacher',NULL,'Beethovenstraße 11','48739','Legden','Deutschland',NULL,NULL,NULL,NULL,NULL,'2020-01-23 11:22:45','2020-01-23 11:22:45'),
	(122,'m',NULL,'Thomas','Volmer (S-Immobilien Westmünsterland)','S-Immobilien GmbH der Sparkasse Westmünsterland','Overbergplatz 1','48249','Dülmen','Deutschland',NULL,NULL,NULL,NULL,NULL,'2020-01-23 11:28:45','2020-01-23 11:36:44'),
	(123,'m',NULL,'Stephan','Schürhoff','S-Immobilien GmbH der Sparkasse Westmünsterland','Overbergplatz 1','48249','Dülmen','Deutschland',NULL,NULL,NULL,NULL,NULL,'2020-01-23 11:33:01','2020-01-23 11:33:01'),
	(124,'m','S-Immobilien Westmünsterland','Thomas','Volmer (S-Immobilien Westmünsterl.)','S-Immobilien GmbH der Sparkasse Westmünsterland','Bahnhofstraße 1','48683','Ahaus','Deutschland',NULL,NULL,NULL,NULL,NULL,'2020-01-23 11:35:33','2020-01-23 12:04:45'),
	(125,'f',NULL,'Sibylle','Strümpfler',NULL,'Hummelbrink 10','48163','Münster','Deutschland',NULL,NULL,NULL,NULL,NULL,'2020-01-23 11:56:34','2020-01-23 11:56:34'),
	(126,'f',NULL,'Silke','Mayer /Erbengem. Brunner',NULL,'Mückentäle 22','72488','Sigmaringen','Deutschland',NULL,NULL,NULL,NULL,NULL,'2020-01-23 11:56:34','2020-01-23 11:56:34'),
	(127,'f',NULL,'Petra','Micke',NULL,'Mittelstraße 57','33602','Bielefeld','Deutschland',NULL,NULL,NULL,NULL,NULL,'2020-01-23 12:20:33','2020-01-23 12:20:33'),
	(128,'m',NULL,'Andreas','Kerschka',NULL,'Otto-Hühn-Straße 1','58256','Ennepetal','Deutschland',NULL,NULL,NULL,NULL,NULL,'2020-01-23 12:20:33','2020-01-23 12:20:33'),
	(129,'m',NULL,'Marcus','Kersting','070/01 BC 010',NULL,NULL,NULL,'Deutschland',NULL,NULL,NULL,NULL,NULL,'2020-01-23 12:28:17','2020-01-23 12:28:17'),
	(130,'f',NULL,'Sigrid','Eckey',NULL,'Wiesenweg 16','48317','Drensteinfurt','Deutschland',NULL,NULL,NULL,NULL,NULL,'2020-01-23 12:52:17','2020-01-23 12:52:17'),
	(131,'m',NULL,'Mario','Freese vertreten d.H. Reinermann',NULL,'Grenzweg 5','48317','Drensteinfurt','Deutschland',NULL,NULL,NULL,NULL,NULL,'2020-01-23 12:52:17','2020-01-23 12:52:17'),
	(132,'f',NULL,'Hildegard','Fenke','BC 200 Warendorf',NULL,NULL,NULL,'Deutschland',NULL,NULL,NULL,NULL,NULL,'2020-01-28 11:21:25','2020-01-28 11:21:25'),
	(133,'c',NULL,'Sabine Pasing','Frank Pasing',NULL,'Girondelle 83','44799','Bochum','Deutschland',NULL,NULL,NULL,NULL,NULL,'2020-01-28 11:25:16','2020-01-28 11:25:16'),
	(134,'f',NULL,'Dorothee','Bruns',NULL,'Borkenfeld 224','48161','Münster','Deutschland',NULL,NULL,NULL,NULL,NULL,'2020-01-28 11:25:16','2020-01-28 11:25:16'),
	(135,'f',NULL,'Brigitte','Schwering',NULL,'Weitkampweg 91','48161','Münster','Deutschland',NULL,NULL,NULL,NULL,NULL,'2020-01-28 11:37:25','2020-01-28 11:37:25'),
	(136,'h',NULL,'Dr. Ulrike Spieker','Prof. Dr. Claus Spieker',NULL,'Hanseller Straße 35','48161','Münster','Deutschland',NULL,NULL,NULL,NULL,NULL,'2020-01-28 11:37:25','2020-01-28 11:37:25'),
	(137,'h',NULL,'Lydia Hernandez','Boris Bringer',NULL,'Dauvemühle 34','48159','Münster','Deutschland',NULL,NULL,NULL,NULL,NULL,'2020-01-28 11:43:23','2020-01-28 11:43:23'),
	(138,'h',NULL,'Sonja Labadi','Manfred Zander',NULL,'Eifelstraße 26','58708','Menden','Deutschland',NULL,NULL,NULL,NULL,NULL,'2020-01-28 11:43:23','2020-01-28 11:43:23'),
	(139,'m',NULL,'Christian','Münzer',NULL,'Jahnstraße 21','48301','Nottuln','Deutschland',NULL,NULL,NULL,NULL,NULL,'2020-01-28 11:46:01','2020-01-28 11:46:01'),
	(140,'h',NULL,'Kristin Walkembach','Thorsten Holtrichter Rössmann',NULL,'Melcherstraße 78','48149','Münster','Deutschland',NULL,NULL,NULL,NULL,NULL,'2020-01-28 12:09:40','2020-01-28 12:09:40'),
	(141,'c',NULL,'Gertrud und Walter','Kirchner',NULL,'Uhlandstraße 38','59227','Ahlen','Deutschland',NULL,NULL,NULL,NULL,NULL,'2020-01-28 12:09:40','2020-01-28 12:09:40'),
	(142,'f',NULL,'Claudia Monica','Lazo Aquillar',NULL,'Hofstraße 15','48167','Münster','Deutschland',NULL,NULL,NULL,NULL,NULL,'2020-01-28 12:26:40','2020-01-28 12:26:40'),
	(143,'m','Dr.','Sirius','Beizai',NULL,'Hörsterplatz 10','48147','Münster','Deutschland',NULL,NULL,NULL,NULL,NULL,'2020-01-28 12:26:40','2020-01-28 12:26:40'),
	(144,'m',NULL,'Jens','Lohel','BS 420/02',NULL,NULL,NULL,'Deutschland',NULL,NULL,NULL,NULL,NULL,'2020-01-28 12:30:10','2020-01-28 12:30:10'),
	(145,'m',NULL,'Winfried','Romanowycz',NULL,'Am Haselhof 141','48163','Münster','Deutschland',NULL,NULL,NULL,NULL,NULL,'2020-01-28 13:17:46','2020-01-28 13:17:46'),
	(146,'m',NULL,'Wilhelm','Siemer',NULL,'Kettelerstraße 14','59269','Beckum','Deutschland',NULL,NULL,NULL,NULL,NULL,'2020-01-28 13:17:46','2020-01-28 13:17:46'),
	(147,'m',NULL,'Fabian','Schröer',NULL,'Alter Postweg 69','59229','Ahlen','Deutschland',NULL,NULL,NULL,NULL,NULL,'2020-01-28 13:23:43','2020-01-28 13:23:43'),
	(148,'f',NULL,'Regina','Greve',NULL,'Kettelerstraße 14','59269','Beckum','Deutschland',NULL,NULL,NULL,NULL,NULL,'2020-01-28 13:23:43','2020-01-28 13:23:43'),
	(149,'m',NULL,'Roland','Gospodarek',NULL,'Wolbecker Straße 11','48155','Münster','Deutschland',NULL,NULL,NULL,NULL,NULL,'2020-01-28 13:31:51','2020-01-28 13:31:51'),
	(150,'m',NULL,'Nicolas','Hendricks',NULL,'Wolbecker Straße 290','48155','Münster','Deutschland',NULL,NULL,NULL,NULL,NULL,'2020-01-28 13:31:51','2020-01-28 13:31:51'),
	(151,'c',NULL,'Kerstin Lindt','Richard Lindt',NULL,'Mergelberg 266','48161','Münster','Deutschland',NULL,NULL,NULL,NULL,NULL,'2020-01-28 13:39:27','2020-01-28 13:39:27'),
	(152,'f',NULL,'Elisabeth Bernhardine','Röttger',NULL,'Bahnhofstraße 51','45259','Essen','Deutschland',NULL,NULL,NULL,NULL,NULL,'2020-01-28 13:39:27','2020-01-28 13:39:27'),
	(153,'d',NULL,'Paulushof GmbH','Thomas Vennemann',NULL,'Paul-Gerhardt-Straße 38-44','48161','Münster','Deutschland',NULL,NULL,NULL,NULL,NULL,'2020-01-28 13:52:45','2020-01-28 13:52:45'),
	(154,'d',NULL,'Ev. Kirchengemeinde','Roxel',NULL,'Osthofstraße 6','48163','Münster','Deutschland',NULL,NULL,NULL,NULL,NULL,'2020-01-28 13:52:45','2020-01-28 13:52:45'),
	(155,'m',NULL,'Erik','Dienesch',NULL,'Burgriede 13','49716','Meppen','Deutschland',NULL,NULL,NULL,NULL,NULL,'2020-01-28 14:11:45','2020-01-28 14:11:45'),
	(156,'c',NULL,'Waltraud Brüggemann','Peter Brüggemann',NULL,'Lühnstiege 10','48151','Münster','Deutschland',NULL,NULL,NULL,NULL,NULL,'2020-01-28 14:11:45','2020-01-28 14:11:45'),
	(157,'m',NULL,'Ulrich Erich','Becker',NULL,'Tsingtauer Straße 94','81827','München','Deutschland',NULL,NULL,NULL,NULL,NULL,'2020-01-28 14:27:44','2020-01-28 14:27:44'),
	(158,'f',NULL,'Alexa','van de Moortel',NULL,'Lindgesweg 1','50374','Erfstadt','Deutschland',NULL,NULL,NULL,NULL,NULL,'2020-01-28 14:27:44','2020-01-28 14:27:44'),
	(159,'c',NULL,'Meike Ohrndorf','Pascal Ohrndorf',NULL,'Bohlweg 40','48147','Münster','Deutschland',NULL,NULL,NULL,NULL,NULL,'2020-01-28 14:34:47','2020-01-28 14:34:47'),
	(160,'h',NULL,'Maike Kastner','Ron Kastner',NULL,'Vennheideweg 64','48165','Münster','Deutschland',NULL,NULL,NULL,NULL,NULL,'2020-01-28 14:34:47','2020-01-28 14:34:47'),
	(161,'f',NULL,'Anja','Brüning','090.B',NULL,NULL,NULL,'Deutschland',NULL,NULL,NULL,NULL,NULL,'2020-01-28 14:38:28','2020-01-28 14:38:28'),
	(162,'m',NULL,'Ralf','Graß',NULL,'Möselerhook 15','48163','Münster','Deutschland',NULL,NULL,NULL,NULL,NULL,'2020-01-30 10:44:03','2020-01-30 10:44:03'),
	(163,'f',NULL,'Gabriele','Veit',NULL,'Gunta-Stölzl-Straße 29','99085','Erfurt','Deutschland',NULL,NULL,NULL,NULL,NULL,'2020-01-30 10:44:03','2020-01-30 10:44:03'),
	(164,'c',NULL,'Anna Schaum','Phillip Schaum',NULL,'Emsstraße 8','48145','Münster','Deutschland',NULL,NULL,NULL,NULL,NULL,'2020-01-30 10:50:25','2020-01-30 10:50:25'),
	(165,'m',NULL,'Christian','Seiffert',NULL,'Peter-Rossegger-Weg 38a','48155','Münster','Deutschland',NULL,NULL,NULL,NULL,NULL,'2020-01-30 10:50:25','2020-01-30 10:50:25'),
	(166,'f',NULL,'Martina','Balzer','BC 022 Mondstraße',NULL,NULL,NULL,'Deutschland',NULL,NULL,NULL,NULL,NULL,'2020-01-30 10:52:39','2020-01-30 10:52:39'),
	(167,'c',NULL,'Aydan Ceyhan','Mehmet Samed Ceyhan',NULL,'Pommernstraße 8','59229','Ahlen','Deutschland',NULL,NULL,NULL,NULL,NULL,'2020-01-30 10:57:11','2020-01-30 10:57:11'),
	(168,'m',NULL,'Abdellatif','Taté',NULL,'Fritz-Husemann-Straße 33','59229','Ahlen','Deutschland',NULL,NULL,NULL,NULL,NULL,'2020-01-30 10:57:11','2020-01-30 10:57:11'),
	(169,'c',NULL,'Agnieszka Zgondek','Damian Zgondek',NULL,'Nordring 31c','59302','Oelde','Deutschland',NULL,NULL,NULL,NULL,NULL,'2020-01-30 11:01:55','2020-01-30 11:01:55'),
	(170,'d',NULL,'Erbengemeinschaft','Schwarzbach',NULL,'Albrecht-Dürer-Straße 11','59302','Oelde','Deutschland',NULL,NULL,NULL,NULL,NULL,'2020-01-30 11:01:55','2020-01-30 11:01:55'),
	(171,'f',NULL,'Brigitte','Gärtner','BC 200 Warendorf','BC 200 Warendorf',NULL,NULL,'Deutschland',NULL,NULL,NULL,NULL,NULL,'2020-01-30 11:04:21','2020-01-30 11:04:21'),
	(172,'m',NULL,'Matthias','Klomfas',NULL,'Meinenkampstraße 4','48165','Münster','Deutschland',NULL,NULL,NULL,NULL,NULL,'2020-01-30 11:44:02','2020-01-30 11:44:02'),
	(173,'d',NULL,'Erbengemeinschaft','Klauschies',NULL,'Meißenstraße 105','38124','Braunschweig','Deutschland',NULL,NULL,NULL,NULL,NULL,'2020-01-30 11:44:02','2020-01-30 11:44:02'),
	(174,'h',NULL,'Regina Relleke-Schneider','Patrick Relleke',NULL,'Stromberger Straße 71','59269','Beckum','Deutschland',NULL,NULL,NULL,NULL,NULL,'2020-01-30 11:59:36','2020-01-30 11:59:36'),
	(175,'l',NULL,'Anneliese Weinekötter','Martina Weinekötter',NULL,'Gustav-Stresemann-Str. 25','59302','Oelde','Deutschland',NULL,NULL,NULL,NULL,NULL,'2020-01-30 11:59:36','2020-01-30 11:59:36'),
	(176,'f',NULL,'Anne','Bartsch','BC 043 Wolbeck',NULL,NULL,NULL,'Deutschland',NULL,NULL,NULL,NULL,NULL,'2020-01-30 13:47:32','2020-01-30 13:47:32'),
	(177,'m',NULL,'Kevin','Pauer',NULL,'Kücklingsweg 9a','48301','Nottuln','Deutschland',NULL,NULL,NULL,NULL,NULL,'2020-02-03 09:07:41','2020-02-03 09:07:41'),
	(178,'m',NULL,'Karl-Heinz','Wortmann',NULL,'Sendener Stiege 41d','48163','Münster','Deutschland',NULL,NULL,NULL,NULL,NULL,'2020-02-03 09:07:41','2020-02-03 09:07:41'),
	(179,'m',NULL,'Tim','Schröder','420/01',NULL,NULL,NULL,'Deutschland',NULL,NULL,NULL,NULL,NULL,'2020-02-03 09:09:30','2020-02-03 09:09:30'),
	(180,'c',NULL,'Daniela Jung','Konstantin Jung',NULL,'Riether Straße 71f','48317','Drensteinfurt','Deutschland',NULL,NULL,NULL,NULL,NULL,'2020-02-03 09:23:18','2020-02-03 09:23:18'),
	(181,'c',NULL,'Kathrin Licht','Julian Licht',NULL,'Weidenbrede 6','48317','Drensteinfurt','Deutschland',NULL,NULL,NULL,NULL,NULL,'2020-02-03 09:23:18','2020-02-03 09:23:18'),
	(182,'m',NULL,'Markus','Remann','MIVH Münsteraner Immobilienvertriebs- u. Handelsges. mbH','Engelstraße 50','48143','Münster','Deutschland',NULL,NULL,NULL,NULL,NULL,'2020-02-03 09:32:09','2020-02-03 09:32:09'),
	(183,'f',NULL,'Kerstin','Schüngel','Schüngel GbR Objekt Lühnstiege 6','Lühnstiege 6','48151','Münster','Deutschland',NULL,NULL,NULL,NULL,NULL,'2020-02-03 09:32:09','2020-02-03 09:32:09'),
	(184,'m',NULL,'Manfred','Vellmer',NULL,'Rumphorstweg 59','48147','Münster','Deutschland',NULL,NULL,NULL,NULL,NULL,'2020-02-03 09:44:35','2020-02-03 09:44:35'),
	(185,'h',NULL,'Holtermann','Hiekmann','PRO URBAN Holding GmbH','Auf der Herrschwiese 15','49716','Meppen','Deutschland',NULL,NULL,NULL,NULL,NULL,'2020-02-03 09:44:35','2020-02-03 09:44:35'),
	(186,'m',NULL,'Christoph','Hertz',NULL,'Jeilerstraße 14','48147','Münster','Deutschland',NULL,NULL,NULL,NULL,NULL,'2020-02-03 09:53:39','2020-02-03 09:53:39'),
	(187,'m',NULL,'Hubertus','Foyer',NULL,'Schmeddingstraße 8','48149','Münster','Deutschland',NULL,NULL,NULL,NULL,NULL,'2020-02-03 09:53:39','2020-02-03 09:53:39'),
	(188,'m',NULL,'Wolfgang','Gogoll','420/01',NULL,NULL,NULL,'Deutschland',NULL,NULL,NULL,NULL,NULL,'2020-02-03 09:56:28','2020-02-03 09:56:28'),
	(189,'c',NULL,'Stephanie Wensing','Benedikt Wensing',NULL,'Harmannweg 6','48317','Drensteinfurt','Deutschland',NULL,NULL,NULL,NULL,NULL,'2020-02-03 10:58:31','2020-02-03 10:58:31'),
	(190,'c',NULL,'Renate Schönhoff','Bruno Schönhoff',NULL,'Göttendorfer Weg 13a','48317','Drensteinfurt','Deutschland',NULL,NULL,NULL,NULL,NULL,'2020-02-03 10:58:31','2020-02-03 10:58:31'),
	(191,'f',NULL,'Alina','Koch','250/22 KSC',NULL,NULL,NULL,'Deutschland',NULL,NULL,NULL,NULL,NULL,'2020-02-03 11:01:59','2020-02-03 11:01:59'),
	(192,'m',NULL,'Ralf','Beckamp','BC 242 Oelde',NULL,NULL,NULL,'Deutschland',NULL,NULL,NULL,NULL,NULL,'2020-02-04 14:55:33','2020-02-04 14:55:33'),
	(193,'m',NULL,'Antonio-Salvatore','Pisanelli',NULL,'Düsternstraße 52','48231','Warendorf','Deutschland',NULL,NULL,NULL,NULL,NULL,'2020-02-11 11:30:18','2020-02-11 11:30:18'),
	(194,'f',NULL,'Daniela','Tolic','Schäfer Erbengemeinschaft','Andreasstraße 7','48231','Warendorf','Deutschland',NULL,NULL,NULL,NULL,NULL,'2020-02-11 11:30:18','2020-02-11 11:30:18'),
	(195,'m',NULL,'Klaus-Dieter','Leuchtmann','BC 200 Warendorf','BC 200 Warendorf',NULL,NULL,'Deutschland',NULL,NULL,NULL,NULL,NULL,'2020-02-11 11:33:25','2020-02-11 11:33:25'),
	(196,'f',NULL,'Christin','Dingwerth',NULL,'Roggenmarkt 3','48143','Münster','Deutschland',NULL,NULL,NULL,NULL,NULL,'2020-02-11 11:38:44','2020-02-11 11:38:44'),
	(197,'m',NULL,'Walter','Tebel',NULL,'Luise-Hensel-Straße 7','48231','Warendorf','Deutschland',NULL,NULL,NULL,NULL,NULL,'2020-02-11 11:38:44','2020-02-11 11:38:44'),
	(198,'m',NULL,'Stefan','Grauthoff','BC 200 Warendorf','BC 200 Warendorf',NULL,NULL,'Deutschland',NULL,NULL,NULL,NULL,NULL,'2020-02-11 11:45:06','2020-02-11 11:45:06'),
	(199,'m',NULL,'Rolf','Ewald','Pensionär',NULL,NULL,NULL,'Deutschland',NULL,NULL,NULL,NULL,NULL,'2020-02-11 11:46:04','2020-02-11 11:46:04'),
	(200,'c',NULL,'Dr. Antje Völker','Dr. Ansgar Völker',NULL,'Kühlwetterstraße 1','40239','Düsseldorf','Deutschland',NULL,NULL,NULL,NULL,NULL,'2020-02-11 11:51:42','2020-02-11 11:51:42'),
	(201,'m',NULL,'Hubert','Heuer',NULL,'Karlstraße 5','48231','Warendorf','Deutschland',NULL,NULL,NULL,NULL,NULL,'2020-02-11 11:51:42','2020-02-11 11:51:42'),
	(202,'c',NULL,'Christina Meiners','Christof Meiners',NULL,'Lehmkamp 26','48161','Münster','Deutschland',NULL,NULL,NULL,NULL,NULL,'2020-02-11 11:56:52','2020-02-11 11:56:52'),
	(203,'c',NULL,'Beate Erhart','Dr. Rudolf Erhart',NULL,'Oberspredey 49a','44577','Castrop-Rauxel','Deutschland',NULL,NULL,NULL,NULL,NULL,'2020-02-11 11:56:52','2020-02-11 11:56:52'),
	(204,'f',NULL,'Heike','Rohrwöck-Wonnemann',NULL,'Neukelsterbachstraße 31','65451','Kelsterbach','Deutschland',NULL,NULL,NULL,NULL,NULL,'2020-02-13 08:49:27','2020-02-13 08:49:27'),
	(205,'c',NULL,'Maria-Luise Bicking','Antonius Bicking',NULL,'Nelkenstraße 56','59229','Ahlen','Deutschland',NULL,NULL,NULL,NULL,NULL,'2020-02-13 08:49:27','2020-02-13 08:49:27'),
	(206,'m','Dr.','Philipp','Wiebringhaus',NULL,'Jahnstraße 51','48147','Münster','Deutschland',NULL,NULL,NULL,NULL,NULL,'2020-02-13 11:16:44','2020-02-13 11:16:44'),
	(207,'c',NULL,'Dr. Anna Schmedt','Dr. Andre Schmedt',NULL,'Melchersstraße 34','48149','Münster','Deutschland',NULL,NULL,NULL,NULL,NULL,'2020-02-13 11:16:44','2020-02-13 11:16:44'),
	(208,'f',NULL,'Isabell','Terwort','530/02',NULL,NULL,NULL,'Deutschland',NULL,NULL,NULL,NULL,NULL,'2020-02-13 11:22:00','2020-02-13 11:22:00'),
	(209,'c',NULL,'Vanessa Sprott','Michael Sprott',NULL,'Margarete-Windthorst-Straße 1','48336','Sassenberg','Deutschland',NULL,NULL,NULL,NULL,NULL,'2020-02-13 12:01:40','2020-02-13 12:01:40'),
	(210,'f',NULL,'Anneliese','Hülsmann',NULL,'Pastor Hünteler Straße 1','48336','Sassenberg','Deutschland',NULL,NULL,NULL,NULL,NULL,'2020-02-13 12:01:40','2020-02-13 12:01:40'),
	(211,'f',NULL,'Jutta','Lüffe','BC 206 Sassenberg',NULL,NULL,NULL,'Deutschland',NULL,NULL,NULL,NULL,NULL,'2020-02-13 12:05:53','2020-02-13 12:05:53'),
	(212,'m',NULL,'Sergej','Appelhans','Immoankauf Direkt GmbH','Dorfstraße 14','49124','Georgsmarienhütte','Deutschland',NULL,NULL,NULL,NULL,NULL,'2020-02-13 12:13:32','2020-02-13 12:13:32'),
	(213,'m',NULL,'Horst','Hohoff',NULL,'Gremmendorfer Weg 87','48167','Münster','Deutschland',NULL,NULL,NULL,NULL,NULL,'2020-02-13 12:13:32','2020-02-13 12:13:32'),
	(214,'f',NULL,'Monika','Swietlik','BC 008 Gremmendorf',NULL,NULL,NULL,'Deutschland',NULL,NULL,NULL,NULL,NULL,'2020-02-13 12:25:25','2020-02-13 12:25:25'),
	(215,'f',NULL,'Katharina','Kirsch',NULL,'Rudolf-Harbig-Straße 9','48324','Sendenhorst','Deutschland',NULL,NULL,NULL,NULL,NULL,'2020-02-13 12:36:22','2020-02-13 12:36:22'),
	(216,'f',NULL,'Christiane','Dahlhaus',NULL,'Parkstraße 42','59227','Ahlen','Deutschland',NULL,NULL,NULL,NULL,NULL,'2020-02-13 12:36:22','2020-02-13 12:36:22'),
	(217,'f',NULL,'Claudia','Weitenberg','BC 280 Ahlen',NULL,NULL,NULL,'Deutschland',NULL,NULL,NULL,NULL,NULL,'2020-02-13 12:38:57','2020-02-13 12:38:57'),
	(218,'c',NULL,'Charlott Plett','Paul Plett','GbR Hülsebrockstraße 161','Warendorfer Straße 73','48145','Münster','Deutschland',NULL,NULL,NULL,NULL,NULL,'2020-02-13 12:50:25','2020-02-13 12:50:25'),
	(219,'f',NULL,'Anke','Korte',NULL,'Hülsebrockstraße 161','48165','Münster','Deutschland',NULL,NULL,NULL,NULL,NULL,'2020-02-13 12:50:25','2020-02-13 12:50:25'),
	(220,'h',NULL,'May-Brit Quella','Robert Quella',NULL,'Friedenstraße 8b','42929','Wermelskirchen','Deutschland',NULL,NULL,NULL,NULL,NULL,'2020-02-13 12:59:08','2020-02-13 12:59:08'),
	(221,'m',NULL,'Herr','Rösmann','Rösmann Bau- und Immobiliengesellschaft mbH & Co. KG','Feldstiege 38','48161','Münster','Deutschland',NULL,NULL,NULL,NULL,NULL,'2020-02-13 12:59:08','2020-02-13 12:59:08'),
	(222,'m',NULL,'Dirk','Overhage','530/01',NULL,NULL,NULL,'Deutschland',NULL,NULL,NULL,NULL,NULL,'2020-02-13 13:04:11','2020-02-13 13:04:11'),
	(223,'c',NULL,'Doris Akyaman','Attila Akyaman',NULL,'Schlossfeld 79','48308','Senden','Deutschland',NULL,NULL,NULL,NULL,NULL,'2020-02-13 13:10:29','2020-02-13 13:10:29'),
	(224,'m',NULL,'Herr','Rösman','Rösmann Bau- und Immobiliengesellschaft mbH & Co. KG','Feldstiege 38','48161','Münster','Deutschland',NULL,NULL,NULL,NULL,NULL,'2020-02-13 13:10:29','2020-02-13 13:10:29'),
	(225,'h',NULL,'Fernanda Bogado','Clovis Mariano Faggion',NULL,'Isolde-Kurz-Straße 111a','48161','Münster','Deutschland',NULL,NULL,NULL,NULL,NULL,'2020-02-13 13:18:20','2020-02-13 13:18:20'),
	(226,'m',NULL,'Herr','Rösmann','Rösmann Bau- und Immobiliengesellschaft mbH & Co. KG','Feldstiege 38','48161','Münster','Deutschland',NULL,NULL,NULL,NULL,NULL,'2020-02-13 13:18:20','2020-02-13 13:18:20'),
	(227,'h',NULL,'Stella Marquardt','Tobias Fersch',NULL,'Hermann-Löns-Weg 26','48291','Telgte','Deutschland',NULL,NULL,NULL,NULL,NULL,'2020-02-18 13:25:40','2020-02-18 13:25:40'),
	(228,'m','Dr.','Armin','Schulz',NULL,'Sentruper Straße 187','48149','Münster','Deutschland',NULL,NULL,NULL,NULL,NULL,'2020-02-18 13:25:40','2020-02-18 13:25:40'),
	(229,'m',NULL,'Jan','Fitze','090.A',NULL,NULL,NULL,'Deutschland',NULL,NULL,NULL,NULL,NULL,'2020-02-18 13:27:25','2020-02-18 13:27:25'),
	(230,'m',NULL,'Eckhard','Dieckmann',NULL,'Mühlenweg 2','59329','Wadersloh','Deutschland',NULL,NULL,NULL,NULL,NULL,'2020-02-18 13:33:13','2020-02-18 13:33:13'),
	(231,'m',NULL,'Christian','Michelswirth','Sparkasse Münsterland Ost Immobilienmanagement BS 120-01','Weseler Straße 230','48151','Münster','Deutschland',NULL,'0251 598-22242',NULL,NULL,NULL,'2020-02-18 13:33:13','2020-02-18 13:33:13'),
	(232,'f',NULL,'Annabel','Schirrmeister',NULL,'Wörthstraße 30','48151','Münster','Deutschland',NULL,NULL,NULL,NULL,NULL,'2020-02-18 13:41:32','2020-02-18 13:41:32'),
	(233,'f',NULL,'Karin','Lange',NULL,'Luca Lane 4','8022','Christchurch','Deutschland','info@karinlange.com',NULL,NULL,NULL,NULL,'2020-02-18 13:41:32','2020-02-18 13:41:32'),
	(234,'f',NULL,'Helga','Reppenhorst','BC 003 Mauritz',NULL,NULL,NULL,'Deutschland',NULL,NULL,NULL,NULL,NULL,'2020-02-18 13:43:44','2020-02-18 13:43:44'),
	(235,'h',NULL,'Sophia Schindler-Rotermund','Hendrik Rotermund',NULL,'Hegerskamp 30','48155','Münster','Deutschland',NULL,NULL,NULL,NULL,NULL,'2020-02-25 11:27:15','2020-02-25 11:27:15'),
	(236,'f',NULL,'Maria','Hülsmann',NULL,'Marienstraße 4','48336','Sassenberg','Deutschland',NULL,NULL,NULL,NULL,NULL,'2020-02-25 11:27:15','2020-02-25 11:27:15'),
	(237,'f',NULL,'Christina','Niehoff','BC 205 Ostbevern',NULL,NULL,NULL,'Deutschland',NULL,NULL,NULL,NULL,NULL,'2020-02-25 11:28:40','2020-02-25 11:28:40'),
	(238,'f',NULL,'Christa','Backmann','540/03',NULL,NULL,NULL,'Deutschland',NULL,NULL,NULL,NULL,NULL,'2020-02-27 09:26:25','2020-02-27 09:26:25'),
	(239,'m',NULL,'Fehime','Ünasi',NULL,'Lessingstraße 80','59227','Ahlen','Deutschland',NULL,NULL,NULL,NULL,NULL,'2020-02-27 10:14:45','2020-02-27 10:14:45'),
	(240,'m',NULL,'Roland','Beuing',NULL,'Reinhausweg 9','48317','Drensteinfurt','Deutschland',NULL,NULL,NULL,NULL,NULL,'2020-02-27 10:14:45','2020-02-27 10:14:45'),
	(241,'m',NULL,'Taner','Öcal','BC 281 Ahlen Hansaplatz',NULL,NULL,NULL,'Deutschland',NULL,NULL,NULL,NULL,NULL,'2020-02-27 10:20:39','2020-02-27 10:20:39'),
	(242,'g',NULL,'Leonel Domingues Martins','Manuel Chaves Martins','Martins Immobilien Verwaltungs GbR','Deermannskamp 21','48161','Münster','Deutschland',NULL,NULL,NULL,NULL,NULL,'2020-02-27 10:29:56','2020-02-27 10:29:56'),
	(243,'c',NULL,'Donate Baron','Jürgen Baron',NULL,'Breslauer Straße 68','48157','Münster','Deutschland',NULL,NULL,NULL,NULL,NULL,'2020-02-27 10:29:56','2020-02-27 10:29:56'),
	(244,'m',NULL,'Aslan','Ünesi',NULL,'Rottmannstraße 137','59229','Ahlen','Deutschland',NULL,NULL,NULL,NULL,NULL,'2020-02-27 10:42:44','2020-02-27 10:42:44'),
	(245,'m',NULL,'Christian','Michelswirth','Sparkasse Münsterland Ost Immobilienmanagement BS 120-01','Weseler Straße 230','48151','Münster','Deutschland',NULL,'0251 598-22242',NULL,NULL,NULL,'2020-02-27 10:42:44','2020-02-27 10:42:44'),
	(246,'m',NULL,'Norbert','Schlüter',NULL,'Pastor-Jenne-Weg 23','59227','Ahlen','Deutschland',NULL,NULL,NULL,NULL,NULL,'2020-02-27 10:52:46','2020-02-27 10:52:46'),
	(247,'m',NULL,'Christian','Michelswirth','Sparkasse Münsterland Ost Immobilienmanagement BS 120-01','Weseler Straße 230','48151','Münster','Deutschland',NULL,'0251 598-22242',NULL,NULL,NULL,'2020-02-27 10:52:46','2020-02-27 10:52:46'),
	(248,'h',NULL,'Dr. Corinna Mühleib','Dr. Lars Algermissen',NULL,'Mühlenstraße 1','48143','Münster','Deutschland',NULL,NULL,NULL,NULL,NULL,'2020-02-27 10:58:07','2020-02-27 10:58:07'),
	(249,'h',NULL,'Beate Reinersmann-Kindermann','Manfred Reinersmann-Kindermann','Reinersmann-Kindermann Erbengemeinschaft','Münzstraße 51','48143','Münster','Deutschland',NULL,NULL,NULL,NULL,NULL,'2020-02-27 10:58:07','2020-02-27 10:58:07'),
	(250,'c',NULL,'Katharina Eberle','Christian Eberle',NULL,'Bismarckstraße 43','59229','Ahlen','Deutschland',NULL,NULL,NULL,NULL,NULL,'2020-02-27 12:32:26','2020-02-27 12:32:26'),
	(251,'c',NULL,'Elviara Teichrib','Eugen Teichrib',NULL,'Friedrich-Ebert-Straße 25','59227','Ahlen','Deutschland',NULL,NULL,NULL,NULL,NULL,'2020-02-27 12:32:26','2020-02-27 12:32:26'),
	(252,'m',NULL,'Andreas','Diekneite','540/02 BC 280',NULL,NULL,NULL,'Deutschland',NULL,NULL,NULL,NULL,NULL,'2020-02-27 12:35:22','2020-02-27 12:35:22'),
	(253,'f',NULL,'Ilwa','Olgemöller',NULL,'Paderborner Straße 13','48231','Warendorf','Deutschland',NULL,NULL,NULL,NULL,NULL,'2020-03-02 09:01:17','2020-03-02 09:01:17'),
	(254,'c',NULL,'Hulda Eichmann','Heinz Eichmann',NULL,'Westtor 24','48324','Sendenhorst','Deutschland',NULL,NULL,NULL,NULL,NULL,'2020-03-02 09:01:17','2020-03-02 09:01:17'),
	(255,'f',NULL,'Jeanette','Holtmann',NULL,'Geneickener Straße 184','41238','Mönchengladbach','Deutschland',NULL,NULL,NULL,NULL,NULL,'2020-03-02 09:12:51','2020-03-02 09:12:51'),
	(256,'c',NULL,'Gabriele Haverkamp','Lutz Haverkamp',NULL,'Orff-Straße 5a','48346','Ostbevern','Deutschland',NULL,NULL,NULL,NULL,NULL,'2020-03-02 09:12:51','2020-03-02 09:12:51'),
	(257,'m',NULL,'Thomas','Lattermann','BC 205 Ostbevern',NULL,NULL,NULL,'Deutschland',NULL,NULL,NULL,NULL,NULL,'2020-03-02 09:16:25','2020-03-02 09:16:25'),
	(258,'f',NULL,'Maria Helena De Matos Lima','Afonso',NULL,'Langeoogweg 11','48159','Münster','Deutschland',NULL,NULL,NULL,NULL,NULL,'2020-03-02 10:51:13','2020-03-02 10:51:13'),
	(259,'m',NULL,'Frank','Middendorf',NULL,'Mannheimer Straße 32','10713','Berlin','Deutschland',NULL,NULL,NULL,NULL,NULL,'2020-03-02 10:51:13','2020-03-02 10:51:13'),
	(260,'f',NULL,'Marion','Helweg','BC 043 Wolbeck',NULL,NULL,NULL,'Deutschland',NULL,NULL,NULL,NULL,NULL,'2020-03-02 10:53:13','2020-03-02 10:53:13'),
	(261,'m',NULL,'Oguz','Erdem',NULL,'Joseph-Haydn-Straße 4','21365','Adendorf','Deutschland',NULL,NULL,NULL,NULL,NULL,'2020-03-10 12:49:25','2020-03-10 12:49:25'),
	(262,'f',NULL,'Karin','Graßhoff',NULL,'Wickenkamp 16','59302','Oelde','Deutschland',NULL,NULL,NULL,NULL,NULL,'2020-03-10 12:49:25','2020-03-10 12:49:25'),
	(263,'c',NULL,'Renate Scharf','Helmut Scharf',NULL,'Hainbuchenweg 2','73447','Oberkochen','Deutschland',NULL,NULL,NULL,NULL,NULL,'2020-03-10 12:54:20','2020-03-10 12:54:20'),
	(264,'m',NULL,'Peter','Dick','KuISI Immobilien GmbH','Mergenthaler Str. 30','48268','Greven','Deutschland',NULL,'02571 918080',NULL,NULL,NULL,'2020-03-10 12:54:20','2020-03-10 12:54:20'),
	(265,'m',NULL,'Wilhelm Heinrich','Klapproth',NULL,'Hammerstraße 221 a','48153','Münster','Deutschland',NULL,NULL,NULL,NULL,NULL,'2020-03-10 12:58:15','2020-03-10 12:58:15'),
	(266,'m',NULL,'Heinz-Jürgen','Dobers',NULL,'Pewostraße 21','48167','Münster','Deutschland',NULL,NULL,NULL,NULL,NULL,'2020-03-10 12:58:15','2020-03-10 12:58:15'),
	(267,'f',NULL,'Patricia','Löber',NULL,'Von-Galen-Straße 19','59229','Ahlen','Deutschland',NULL,NULL,NULL,NULL,NULL,'2020-03-10 13:02:08','2020-03-10 13:02:08'),
	(268,'m',NULL,'Torsten','Riepl',NULL,'Am Berthaschacht 28','48317','Drensteinfurt','Deutschland',NULL,NULL,NULL,NULL,NULL,'2020-03-10 13:02:08','2020-03-10 13:02:08'),
	(269,'m',NULL,'Andreas','Radke','065/01 BC 280',NULL,NULL,NULL,'Deutschland',NULL,NULL,NULL,NULL,NULL,'2020-03-10 13:05:06','2020-03-10 13:05:06'),
	(270,'c',NULL,'Nicole Thöne','Alexander Thöne',NULL,'Am Krusen Bäumchen 14','58239','Schwerte','Deutschland',NULL,NULL,NULL,NULL,NULL,'2020-03-10 13:12:29','2020-03-10 13:12:29'),
	(271,'m','Dr.','Michael','Lange',NULL,'Kolpingstraße 48','48351','Everswinkel','Deutschland',NULL,NULL,NULL,NULL,NULL,'2020-03-10 13:12:29','2020-03-10 13:12:29'),
	(272,'f',NULL,'Sarah-Marie','Isenberg','BC 202 Everswinkel',NULL,NULL,NULL,'Deutschland',NULL,NULL,NULL,NULL,NULL,'2020-03-10 13:14:23','2020-03-10 13:14:23'),
	(273,'m',NULL,'Roman','Danneker',NULL,'An der Alten Kirche 112','48165','Münster','Deutschland',NULL,NULL,NULL,NULL,NULL,'2020-03-10 13:17:10','2020-03-10 13:17:10'),
	(274,'m',NULL,'Thomas','Heidemann',NULL,'Annemarie-Nutzhorn-Weg 6','30900','Wedemark','Deutschland',NULL,NULL,NULL,NULL,NULL,'2020-03-10 13:17:10','2020-03-10 13:17:10'),
	(275,'f',NULL,'Nicole','Mazurek','BC 055 Hiltrup',NULL,NULL,NULL,'Deutschland',NULL,NULL,NULL,NULL,NULL,'2020-03-10 13:18:53','2020-03-10 13:18:53'),
	(276,'m',NULL,'Lars','Fischer',NULL,'Münsterstraße 30','48565','Steinfurt','Deutschland',NULL,NULL,NULL,NULL,NULL,'2020-03-10 13:24:22','2020-03-10 13:24:22'),
	(277,'f',NULL,'Corinna','Böwer','LBS Immobilien GmbH NordWest','Himmelreichallee 40','48149','Münster','Deutschland',NULL,'0251 1237','0251 1237',NULL,NULL,'2020-03-10 13:24:22','2020-03-10 13:28:52'),
	(278,NULL,NULL,NULL,NULL,NULL,NULL,NULL,NULL,'Deutschland',NULL,NULL,NULL,NULL,NULL,'2020-03-10 13:24:59','2020-03-10 13:24:59'),
	(279,'m',NULL,'Johannes','Kroos','BC 055 Hiltrup',NULL,NULL,NULL,'Deutschland',NULL,NULL,NULL,NULL,NULL,'2020-03-10 13:26:45','2020-03-10 13:26:45'),
	(280,NULL,NULL,NULL,NULL,NULL,NULL,NULL,NULL,'Deutschland',NULL,NULL,NULL,NULL,NULL,'2020-03-10 13:29:00','2020-03-10 13:29:00'),
	(281,NULL,NULL,NULL,NULL,NULL,NULL,NULL,NULL,'Deutschland',NULL,NULL,NULL,NULL,NULL,'2020-03-10 13:29:36','2020-03-10 13:29:36'),
	(282,'c',NULL,'Genevieve Ikram','Can Dominik Ikram',NULL,'Sprakeler Straße 34e','48159','Münster','Deutschland',NULL,NULL,NULL,NULL,NULL,'2020-03-10 13:55:48','2020-03-10 13:55:48'),
	(283,'l',NULL,'Silke Kelm','Carina Vogel',NULL,'Meinertzstraße 6+17','48159','Münster','Deutschland',NULL,NULL,NULL,NULL,NULL,'2020-03-10 13:55:48','2020-03-10 13:55:48'),
	(284,'m',NULL,'Andreas','Horstkötter','BC 009 Kinderhaus',NULL,NULL,NULL,'Deutschland',NULL,NULL,NULL,NULL,NULL,'2020-03-10 13:58:12','2020-03-10 13:58:12'),
	(285,'h',NULL,'Sinika Stamm','Stefan Hilgemann',NULL,'Hugo-Spiegel-Straße 11','48231','Warendorf','Deutschland',NULL,NULL,NULL,NULL,NULL,'2020-03-16 12:45:11','2020-03-16 12:45:11'),
	(286,'f','Dr.','Irmgard','Schmieder',NULL,'Hansering 31','48231','Warendorf','Deutschland',NULL,NULL,NULL,NULL,NULL,'2020-03-16 12:45:11','2020-03-16 12:45:11'),
	(287,'c',NULL,'Anja und Peter','Lutze',NULL,'Von-der-Tinnen-Straße 10','48145','Münster','Deutschland',NULL,NULL,NULL,NULL,NULL,'2020-03-17 10:43:28','2020-03-17 10:43:28'),
	(288,'f',NULL,'Ursula','Schewe',NULL,'Agathastraße 110','48167','Münster','Deutschland',NULL,NULL,NULL,NULL,NULL,'2020-03-17 10:43:28','2020-03-17 10:43:28'),
	(289,'m',NULL,'Sascha','Werner','BC 270',NULL,NULL,NULL,'Deutschland',NULL,NULL,NULL,NULL,NULL,'2020-03-17 10:49:51','2020-03-17 10:49:51'),
	(290,'m',NULL,'Frank','Schendel',NULL,'Dyckburgstr. 403 A','48157','Münster','Deutschland',NULL,NULL,NULL,NULL,NULL,'2020-03-18 13:22:47','2020-03-18 13:22:47'),
	(291,'c',NULL,'Andrea','Karlheinz Kaltenecker',NULL,'Rheinallee 51 a','53173','Bonn','Deutschland',NULL,NULL,NULL,NULL,NULL,'2020-03-18 13:22:47','2020-03-18 13:24:38'),
	(292,'m',NULL,'Dirk','Hennenberg','420/01',NULL,NULL,NULL,'Deutschland',NULL,NULL,NULL,NULL,NULL,'2020-03-18 13:28:45','2020-03-18 13:28:45');
;-- -. . -..- - / . -. - .-. -.--
/*!40000 ALTER TABLE `addresses` ENABLE KEYS */;
;-- -. . -..- - / . -. - .-. -.--
DROP TABLE IF EXISTS `branch_office_business_goals`;
;-- -. . -..- - / . -. - .-. -.--
CREATE TABLE `branch_office_business_goals` (
  `id` bigint(20) unsigned NOT NULL AUTO_INCREMENT,
  `branch_office_id` bigint(20) unsigned NOT NULL,
  `amount` double(8,2) NOT NULL DEFAULT '0.00',
  `year` int(11) NOT NULL,
  `deleted_at` timestamp NULL DEFAULT NULL,
  `created_at` timestamp NULL DEFAULT NULL,
  `updated_at` timestamp NULL DEFAULT NULL,
  PRIMARY KEY (`id`),
  KEY `branch_office_business_goals_branch_office_id_foreign` (`branch_office_id`),
  CONSTRAINT `branch_office_business_goals_branch_office_id_foreign` FOREIGN KEY (`branch_office_id`) REFERENCES `branch_offices` (`id`) ON DELETE CASCADE
) ENGINE=InnoDB DEFAULT CHARSET=utf8mb4 COLLATE=utf8mb4_unicode_ci;
;-- -. . -..- - / . -. - .-. -.--
LOCK TABLES `branch_office_business_goals` WRITE;
;-- -. . -..- - / . -. - .-. -.--
/*!40000 ALTER TABLE `branch_office_business_goals` DISABLE KEYS */;
;-- -. . -..- - / . -. - .-. -.--
INSERT INTO `branch_office_business_goals` (`id`, `branch_office_id`, `amount`, `year`, `deleted_at`, `created_at`, `updated_at`)
VALUES
	(1,1,295152.00,2017,NULL,'2019-11-11 02:13:52','2019-11-11 02:13:52'),
	(2,1,284469.00,2018,NULL,'2019-11-11 02:13:52','2019-11-11 02:13:52'),
	(3,1,129815.00,2019,NULL,'2019-11-11 02:13:52','2019-11-11 02:13:52'),
	(4,1,183368.00,2020,NULL,'2019-11-11 02:13:52','2019-11-11 02:13:52'),
	(5,2,133539.00,2017,NULL,'2019-11-11 02:13:52','2019-11-11 02:13:52'),
	(6,2,113245.00,2018,NULL,'2019-11-11 02:13:52','2019-11-11 02:13:52'),
	(7,2,257749.00,2019,NULL,'2019-11-11 02:13:52','2019-11-11 02:13:52'),
	(8,2,111680.00,2020,NULL,'2019-11-11 02:13:52','2019-11-11 02:13:52'),
	(9,3,190675.00,2017,NULL,'2019-11-11 02:13:52','2019-11-11 02:13:52'),
	(10,3,236212.00,2018,NULL,'2019-11-11 02:13:52','2019-11-11 02:13:52'),
	(11,3,158457.00,2019,NULL,'2019-11-11 02:13:52','2019-11-11 02:13:52'),
	(12,3,117975.00,2020,NULL,'2019-11-11 02:13:52','2019-11-11 02:13:52'),
	(13,4,242070.00,2017,NULL,'2019-11-11 02:13:52','2019-11-11 02:13:52'),
	(14,4,150297.00,2018,NULL,'2019-11-11 02:13:52','2019-11-11 02:13:52'),
	(15,4,235524.00,2019,NULL,'2019-11-11 02:13:52','2019-11-11 02:13:52'),
	(16,4,193636.00,2020,NULL,'2019-11-11 02:13:52','2019-11-11 02:13:52'),
	(17,5,141815.00,2017,NULL,'2019-11-11 02:13:52','2019-11-11 02:13:52'),
	(18,5,199344.00,2018,NULL,'2019-11-11 02:13:52','2019-11-11 02:13:52'),
	(19,5,179526.00,2019,NULL,'2019-11-11 02:13:52','2019-11-11 02:13:52'),
	(20,5,206040.00,2020,NULL,'2019-11-11 02:13:52','2019-11-11 02:13:52');
;-- -. . -..- - / . -. - .-. -.--
/*!40000 ALTER TABLE `branch_office_business_goals` ENABLE KEYS */;
;-- -. . -..- - / . -. - .-. -.--
DROP TABLE IF EXISTS `branch_offices`;
;-- -. . -..- - / . -. - .-. -.--
CREATE TABLE `branch_offices` (
  `id` bigint(20) unsigned NOT NULL AUTO_INCREMENT,
  `address_id` bigint(20) unsigned DEFAULT NULL,
  `deleted_at` timestamp NULL DEFAULT NULL,
  `created_at` timestamp NULL DEFAULT NULL,
  `updated_at` timestamp NULL DEFAULT NULL,
  PRIMARY KEY (`id`),
  KEY `branch_offices_address_id_foreign` (`address_id`),
  CONSTRAINT `branch_offices_address_id_foreign` FOREIGN KEY (`address_id`) REFERENCES `addresses` (`id`)
) ENGINE=InnoDB DEFAULT CHARSET=utf8mb4 COLLATE=utf8mb4_unicode_ci;
;-- -. . -..- - / . -. - .-. -.--
LOCK TABLES `branch_offices` WRITE;
;-- -. . -..- - / . -. - .-. -.--
/*!40000 ALTER TABLE `branch_offices` DISABLE KEYS */;
;-- -. . -..- - / . -. - .-. -.--
INSERT INTO `branch_offices` (`id`, `address_id`, `deleted_at`, `created_at`, `updated_at`)
VALUES
	(1,1,NULL,'2019-11-11 02:13:52','2019-11-11 02:13:52'),
	(2,2,NULL,'2019-11-11 02:13:52','2019-11-11 02:13:52'),
	(3,3,NULL,'2019-11-11 02:13:52','2019-11-11 02:13:52'),
	(4,4,NULL,'2019-11-11 02:13:52','2019-11-11 02:13:52'),
	(5,5,NULL,'2019-11-11 02:13:52','2019-11-11 02:13:52');
;-- -. . -..- - / . -. - .-. -.--
/*!40000 ALTER TABLE `branch_offices` ENABLE KEYS */;
;-- -. . -..- - / . -. - .-. -.--
DROP TABLE IF EXISTS `business_segments`;
;-- -. . -..- - / . -. - .-. -.--
CREATE TABLE `business_segments` (
  `id` bigint(20) unsigned NOT NULL AUTO_INCREMENT,
  `name` varchar(191) COLLATE utf8mb4_unicode_ci NOT NULL,
  `is_commercial` tinyint(1) NOT NULL DEFAULT '0',
  `deleted_at` timestamp NULL DEFAULT NULL,
  `created_at` timestamp NULL DEFAULT NULL,
  `updated_at` timestamp NULL DEFAULT NULL,
  PRIMARY KEY (`id`)
) ENGINE=InnoDB DEFAULT CHARSET=utf8mb4 COLLATE=utf8mb4_unicode_ci;
;-- -. . -..- - / . -. - .-. -.--
LOCK TABLES `business_segments` WRITE;
;-- -. . -..- - / . -. - .-. -.--
/*!40000 ALTER TABLE `business_segments` DISABLE KEYS */;
;-- -. . -..- - / . -. - .-. -.--
INSERT INTO `business_segments` (`id`, `name`, `is_commercial`, `deleted_at`, `created_at`, `updated_at`)
VALUES
	(1,'Baulandentwicklung',0,NULL,'2019-11-11 02:13:52','2019-11-11 02:13:52'),
	(2,'Bauträger',0,NULL,'2019-11-11 02:13:52','2019-11-11 02:13:52'),
	(3,'Bestandsobjekt',0,NULL,'2019-11-11 02:13:52','2019-11-11 02:13:52'),
	(4,'BS 570',0,NULL,'2019-11-11 02:13:52','2019-11-11 02:13:52'),
	(5,'Gewerbe',1,NULL,'2019-11-11 02:13:52','2019-11-11 02:13:52'),
	(6,'Miete Gewerbe',1,NULL,'2019-11-11 02:13:52','2019-11-11 02:13:52'),
	(7,'Miete Wohnen',0,NULL,'2019-11-11 02:13:52','2019-11-11 02:13:52'),
	(8,'Gemeinschaftsgeschäft',0,NULL,'2020-01-01 21:12:07','2020-01-01 21:12:07');
;-- -. . -..- - / . -. - .-. -.--
/*!40000 ALTER TABLE `business_segments` ENABLE KEYS */;
;-- -. . -..- - / . -. - .-. -.--
DROP TABLE IF EXISTS `buyers`;
;-- -. . -..- - / . -. - .-. -.--
CREATE TABLE `buyers` (
  `id` bigint(20) unsigned NOT NULL AUTO_INCREMENT,
  `real_estate_id` bigint(20) unsigned DEFAULT NULL,
  `address_id` bigint(20) unsigned DEFAULT NULL,
  `brokerage_net_percent` decimal(8,4) NOT NULL DEFAULT '0.0000',
  `brokerage_net_euro` decimal(11,2) NOT NULL DEFAULT '0.00',
  `brokerage_gross_percent` decimal(8,4) NOT NULL DEFAULT '0.0000',
  `brokerage_gross_euro` decimal(11,2) NOT NULL DEFAULT '0.00',
  `planned_brokerage_date` date DEFAULT NULL,
  `planned_purchase_price_date` date DEFAULT NULL,
  `type` enum('buyer','tenant') COLLATE utf8mb4_unicode_ci NOT NULL,
  `deleted_at` timestamp NULL DEFAULT NULL,
  `created_at` timestamp NULL DEFAULT NULL,
  `updated_at` timestamp NULL DEFAULT NULL,
  PRIMARY KEY (`id`),
  KEY `buyers_real_estate_id_foreign` (`real_estate_id`),
  KEY `buyers_address_id_foreign` (`address_id`),
  CONSTRAINT `buyers_address_id_foreign` FOREIGN KEY (`address_id`) REFERENCES `addresses` (`id`) ON DELETE SET NULL,
  CONSTRAINT `buyers_real_estate_id_foreign` FOREIGN KEY (`real_estate_id`) REFERENCES `real_estates` (`id`) ON DELETE CASCADE
) ENGINE=InnoDB DEFAULT CHARSET=utf8mb4 COLLATE=utf8mb4_unicode_ci;
;-- -. . -..- - / . -. - .-. -.--
LOCK TABLES `buyers` WRITE;
;-- -. . -..- - / . -. - .-. -.--
/*!40000 ALTER TABLE `buyers` DISABLE KEYS */;
;-- -. . -..- - / . -. - .-. -.--
INSERT INTO `buyers` (`id`, `real_estate_id`, `address_id`, `brokerage_net_percent`, `brokerage_net_euro`, `brokerage_gross_percent`, `brokerage_gross_euro`, `planned_brokerage_date`, `planned_purchase_price_date`, `type`, `deleted_at`, `created_at`, `updated_at`)
VALUES
	(1,1,7,0.0000,0.00,0.0000,0.00,NULL,NULL,'buyer',NULL,'2019-11-19 09:05:07','2019-11-19 09:05:07'),
	(2,2,9,0.0378,18529.41,0.0450,22050.00,NULL,NULL,'buyer',NULL,'2019-11-20 10:37:48','2020-01-30 11:37:06'),
	(3,3,13,0.0378,5502.10,0.0450,6547.50,NULL,NULL,'buyer',NULL,'2019-12-10 12:39:16','2019-12-10 12:41:11'),
	(4,4,26,0.0000,0.00,0.0000,0.00,NULL,NULL,'buyer',NULL,'2019-12-20 16:27:51','2019-12-20 16:27:51'),
	(5,5,28,0.0378,10966.39,0.0450,13050.00,NULL,NULL,'buyer',NULL,'2019-12-20 16:40:50','2020-01-28 12:47:04'),
	(6,6,30,0.0000,0.00,0.0000,0.00,NULL,NULL,'buyer',NULL,'2019-12-27 11:02:41','2019-12-27 11:02:41'),
	(7,7,32,0.0000,0.00,0.0000,0.00,NULL,NULL,'buyer',NULL,'2019-12-27 11:08:34','2019-12-27 11:08:34'),
	(8,8,34,0.0000,0.00,0.0000,0.00,NULL,NULL,'buyer',NULL,'2019-12-27 11:14:18','2019-12-27 11:14:18'),
	(9,9,36,0.0378,10399.16,0.0450,12375.00,NULL,NULL,'buyer',NULL,'2019-12-27 11:20:26','2019-12-27 11:21:59'),
	(10,10,40,0.0378,11911.76,0.0450,14175.00,NULL,NULL,'buyer',NULL,'2019-12-27 11:40:53','2019-12-27 11:42:48'),
	(11,11,47,0.0000,0.00,0.0000,0.00,NULL,NULL,'buyer',NULL,'2020-01-03 16:27:08','2020-01-03 16:27:08'),
	(12,12,49,0.0110,2365.00,0.0131,2814.35,NULL,NULL,'buyer',NULL,'2020-01-03 16:29:00','2020-01-03 16:31:54'),
	(13,13,53,0.0378,2423.95,0.0450,2884.50,NULL,NULL,'buyer',NULL,'2020-01-07 17:00:19','2020-01-07 17:05:35'),
	(14,14,58,0.0378,6995.80,0.0450,8325.00,NULL,NULL,'buyer',NULL,'2020-01-07 17:29:53','2020-01-07 17:31:51'),
	(15,15,61,0.0378,18775.21,0.0450,22342.50,NULL,NULL,'buyer',NULL,'2020-01-07 17:56:32','2020-01-07 17:57:32'),
	(16,16,64,0.0378,13424.37,0.0450,15975.00,NULL,NULL,'buyer',NULL,'2020-01-08 09:30:33','2020-01-08 09:32:28'),
	(17,17,66,0.0084,2088.25,0.0100,2485.02,NULL,NULL,'buyer',NULL,'2020-01-08 09:42:19','2020-01-08 09:44:13'),
	(18,18,70,0.0378,42352.94,0.0450,50400.00,NULL,NULL,'buyer',NULL,'2020-01-08 09:52:44','2020-01-08 09:54:05'),
	(19,19,73,0.0378,25752.10,0.0450,30645.00,NULL,NULL,'buyer',NULL,'2020-01-08 11:01:25','2020-01-08 11:03:07'),
	(20,20,76,0.0378,5502.10,0.0450,6547.50,NULL,NULL,'buyer',NULL,'2020-01-08 11:14:10','2020-01-08 11:15:05'),
	(21,21,78,0.0378,13802.52,0.0450,16425.00,NULL,NULL,'buyer',NULL,'2020-01-09 12:09:15','2020-01-09 12:13:50'),
	(22,22,81,0.0378,4121.85,0.0450,4905.00,NULL,NULL,'buyer',NULL,'2020-01-09 12:27:25','2020-01-09 12:29:19'),
	(23,23,83,0.0378,5861.34,0.0450,6975.00,NULL,NULL,'buyer',NULL,'2020-01-14 10:11:01','2020-01-14 10:12:47'),
	(24,24,85,0.0378,8924.37,0.0450,10620.00,NULL,NULL,'buyer',NULL,'2020-01-14 10:28:43','2020-01-14 10:30:11'),
	(25,25,87,0.0378,8205.88,0.0450,9765.00,NULL,NULL,'buyer',NULL,'2020-01-14 10:50:01','2020-01-14 10:52:05'),
	(26,26,90,0.0378,9831.93,0.0450,11700.00,NULL,NULL,'buyer',NULL,'2020-01-14 11:17:05','2020-01-14 11:17:42'),
	(27,27,92,0.0378,7071.43,0.0450,8415.00,NULL,NULL,'buyer',NULL,'2020-01-14 11:26:21','2020-01-14 11:28:01'),
	(28,28,94,0.0378,14331.93,0.0450,17055.00,NULL,NULL,'buyer',NULL,'2020-01-14 11:40:16','2020-01-14 11:41:02'),
	(29,29,97,0.0378,8149.16,0.0450,9697.50,NULL,NULL,'buyer',NULL,'2020-01-14 11:58:39','2020-01-14 11:59:15'),
	(30,30,105,0.0378,16638.66,0.0450,19800.00,NULL,NULL,'buyer',NULL,'2020-01-21 12:06:04','2020-01-21 12:06:59'),
	(31,31,108,0.0378,4537.82,0.0450,5400.00,NULL,NULL,'buyer',NULL,'2020-01-21 12:22:18','2020-01-21 12:23:14'),
	(32,32,110,0.0000,0.00,0.0000,0.00,NULL,NULL,'buyer',NULL,'2020-01-21 12:34:54','2020-01-21 12:39:03'),
	(33,33,114,0.0378,4915.97,0.0450,5850.00,NULL,NULL,'buyer',NULL,'2020-01-23 11:03:08','2020-01-23 11:03:57'),
	(34,34,117,0.0378,11571.43,0.0450,13770.00,NULL,NULL,'buyer',NULL,'2020-01-23 11:12:29','2020-01-23 11:13:09'),
	(35,35,120,0.0378,14596.64,0.0450,17370.00,NULL,NULL,'buyer',NULL,'2020-01-23 11:22:45','2020-01-23 11:23:41'),
	(36,36,125,0.0378,12592.44,0.0450,14985.00,NULL,NULL,'buyer',NULL,'2020-01-23 11:56:34','2020-01-23 11:57:06'),
	(37,37,127,0.0378,7487.39,0.0450,8910.00,NULL,NULL,'buyer',NULL,'2020-01-23 12:20:33','2020-01-23 12:21:59'),
	(38,38,130,0.0378,10399.16,0.0450,12375.00,NULL,NULL,'buyer',NULL,'2020-01-23 12:52:17','2020-01-23 12:52:41'),
	(39,39,133,0.0378,9453.78,0.0450,11250.00,NULL,NULL,'buyer',NULL,'2020-01-28 11:25:16','2020-01-28 11:26:41'),
	(40,40,135,0.0378,11344.54,0.0450,13500.00,NULL,NULL,'buyer',NULL,'2020-01-28 11:37:25','2020-01-28 11:38:13'),
	(41,41,137,0.0378,10818.91,0.0450,12874.50,NULL,NULL,'buyer',NULL,'2020-01-28 11:43:23','2020-01-28 11:44:11'),
	(42,42,140,0.0378,11647.06,0.0450,13860.00,NULL,NULL,'buyer',NULL,'2020-01-28 12:09:40','2020-01-28 12:10:28'),
	(43,43,142,0.0378,4424.37,0.0450,5265.00,NULL,NULL,'buyer',NULL,'2020-01-28 12:26:40','2020-01-28 12:27:40'),
	(44,44,145,0.0378,4159.66,0.0450,4950.00,NULL,NULL,'buyer',NULL,'2020-01-28 13:17:46','2020-01-28 13:18:54'),
	(45,45,147,0.0378,6844.54,0.0450,8145.00,NULL,NULL,'buyer',NULL,'2020-01-28 13:23:43','2020-01-28 13:24:42'),
	(46,46,149,0.0378,11684.87,0.0450,13905.00,NULL,NULL,'buyer',NULL,'2020-01-28 13:31:51','2020-01-28 13:32:55'),
	(47,47,151,0.0378,4726.89,0.0450,5625.00,NULL,NULL,'buyer',NULL,'2020-01-28 13:39:27','2020-01-28 13:40:13'),
	(48,48,153,0.0000,0.00,0.0000,0.00,NULL,NULL,'buyer',NULL,'2020-01-28 13:52:45','2020-01-28 13:52:45'),
	(49,49,155,0.0378,16941.18,0.0450,20160.00,NULL,NULL,'buyer',NULL,'2020-01-28 14:11:45','2020-01-28 14:12:16'),
	(50,50,157,0.0378,22121.85,0.0450,26325.00,NULL,NULL,'buyer',NULL,'2020-01-28 14:27:44','2020-01-28 14:28:31'),
	(51,51,159,0.0378,23823.53,0.0450,28350.00,NULL,NULL,'buyer',NULL,'2020-01-28 14:34:47','2020-01-28 14:35:47'),
	(52,52,162,0.0378,10777.31,0.0450,12825.00,NULL,NULL,'buyer',NULL,'2020-01-30 10:44:03','2020-01-30 10:44:46'),
	(53,53,164,0.0378,14747.90,0.0450,17550.00,NULL,NULL,'buyer',NULL,'2020-01-30 10:50:25','2020-01-30 10:51:09'),
	(54,54,167,0.0378,4121.85,0.0450,4905.00,NULL,NULL,'buyer',NULL,'2020-01-30 10:57:11','2020-01-30 10:57:53'),
	(55,55,169,0.0378,5256.30,0.0450,6255.00,NULL,NULL,'buyer',NULL,'2020-01-30 11:01:55','2020-01-30 11:02:53'),
	(56,56,172,0.0378,10021.01,0.0450,11925.00,NULL,NULL,'buyer',NULL,'2020-01-30 11:44:02','2020-01-30 11:45:38'),
	(57,57,174,0.0378,8659.66,0.0450,10305.00,NULL,NULL,'buyer',NULL,'2020-01-30 11:59:36','2020-01-30 12:00:41'),
	(58,58,177,0.0378,3138.66,0.0450,3735.00,NULL,NULL,'buyer',NULL,'2020-02-03 09:07:41','2020-02-03 09:08:21'),
	(59,59,180,0.0378,13802.52,0.0450,16425.00,NULL,NULL,'buyer',NULL,'2020-02-03 09:23:18','2020-02-03 09:24:26'),
	(60,60,182,0.0378,129516.81,0.0450,154125.00,NULL,NULL,'buyer',NULL,'2020-02-03 09:32:09','2020-02-03 09:34:13'),
	(61,61,184,0.0000,0.00,0.0000,0.00,NULL,NULL,'buyer',NULL,'2020-02-03 09:44:35','2020-02-03 09:44:35'),
	(62,62,186,0.0378,78844.54,0.0450,93825.00,NULL,NULL,'buyer',NULL,'2020-02-03 09:53:39','2020-02-03 09:54:52'),
	(63,63,189,0.0378,14936.97,0.0450,17775.00,NULL,NULL,'buyer',NULL,'2020-02-03 10:58:31','2020-02-03 11:00:07'),
	(64,64,193,0.0378,10588.24,0.0450,12600.00,NULL,NULL,'buyer',NULL,'2020-02-11 11:30:18','2020-02-11 11:31:33'),
	(65,65,196,0.0378,5861.34,0.0450,6975.00,NULL,NULL,'buyer',NULL,'2020-02-11 11:38:44','2020-02-11 11:39:24'),
	(66,66,200,0.0378,10655.74,0.0450,12680.32,NULL,NULL,'buyer',NULL,'2020-02-11 11:51:42','2020-02-11 11:52:44'),
	(67,67,202,0.0378,5747.90,0.0450,6840.00,NULL,NULL,'buyer',NULL,'2020-02-11 11:56:52','2020-02-11 11:57:26'),
	(68,68,204,0.0378,9453.78,0.0450,11250.00,NULL,NULL,'buyer',NULL,'2020-02-13 08:49:27','2020-02-13 08:49:54'),
	(69,69,206,0.0378,36226.89,0.0450,43110.00,NULL,NULL,'buyer',NULL,'2020-02-13 11:16:44','2020-02-13 11:20:19'),
	(70,70,209,0.0378,6050.42,0.0450,7200.00,NULL,NULL,'buyer',NULL,'2020-02-13 12:01:40','2020-02-13 12:02:41'),
	(71,71,212,0.0378,14747.90,0.0450,17550.00,NULL,NULL,'buyer',NULL,'2020-02-13 12:13:32','2020-02-13 12:14:06'),
	(72,72,215,0.0378,8508.40,0.0450,10125.00,NULL,NULL,'buyer',NULL,'2020-02-13 12:36:22','2020-02-13 12:37:21'),
	(73,73,218,0.0378,6806.72,0.0450,8100.00,NULL,NULL,'buyer',NULL,'2020-02-13 12:50:25','2020-02-13 12:51:37'),
	(74,74,220,0.0000,0.00,0.0000,0.00,NULL,NULL,'buyer',NULL,'2020-02-13 12:59:08','2020-02-13 12:59:08'),
	(75,75,223,0.0000,0.00,0.0000,0.00,NULL,NULL,'buyer',NULL,'2020-02-13 13:10:29','2020-02-13 13:10:29'),
	(76,76,225,0.0000,0.00,0.0000,0.00,NULL,NULL,'buyer',NULL,'2020-02-13 13:18:20','2020-02-13 13:18:20'),
	(77,77,227,0.0378,11361.55,0.0450,13520.25,NULL,NULL,'buyer',NULL,'2020-02-18 13:25:40','2020-02-18 13:26:12'),
	(78,78,230,0.0000,0.00,0.0000,0.00,NULL,NULL,'buyer',NULL,'2020-02-18 13:33:13','2020-02-18 13:33:13'),
	(79,79,232,0.0378,6851.38,0.0450,8153.14,NULL,NULL,'buyer',NULL,'2020-02-18 13:41:32','2020-02-18 13:42:25'),
	(80,80,235,0.0378,9642.86,0.0450,11475.00,NULL,NULL,'buyer',NULL,'2020-02-25 11:27:15','2020-02-25 11:27:38'),
	(81,81,239,0.0378,13197.48,0.0450,15705.00,NULL,NULL,'buyer',NULL,'2020-02-27 10:14:45','2020-02-27 10:15:40'),
	(82,82,242,0.0378,10550.42,0.0450,12555.00,NULL,NULL,'buyer',NULL,'2020-02-27 10:29:56','2020-02-27 10:30:31'),
	(83,83,244,0.0000,0.00,0.0000,0.00,NULL,NULL,'buyer',NULL,'2020-02-27 10:42:44','2020-02-27 10:42:44'),
	(84,84,246,0.0000,0.00,0.0000,0.00,NULL,NULL,'buyer',NULL,'2020-02-27 10:52:46','2020-02-27 10:52:46'),
	(85,85,248,0.0378,46701.68,0.0450,55575.00,NULL,NULL,'buyer',NULL,'2020-02-27 10:58:07','2020-02-27 10:59:06'),
	(86,86,250,0.0378,12894.96,0.0450,15345.00,NULL,NULL,'buyer',NULL,'2020-02-27 12:32:26','2020-02-27 12:33:21'),
	(87,87,253,0.0378,9453.78,0.0450,11250.00,NULL,NULL,'buyer',NULL,'2020-03-02 09:01:17','2020-03-02 09:02:15'),
	(88,88,255,0.0378,7147.06,0.0450,8505.00,NULL,NULL,'buyer',NULL,'2020-03-02 09:12:51','2020-03-02 09:14:25'),
	(89,89,258,0.0378,24957.98,0.0450,29700.00,NULL,NULL,'buyer',NULL,'2020-03-02 10:51:13','2020-03-02 10:52:02'),
	(90,90,261,0.0336,3193.28,0.0400,3800.00,NULL,NULL,'buyer',NULL,'2020-03-10 12:49:25','2020-03-10 12:50:04'),
	(91,91,263,0.0000,0.00,0.0000,0.00,NULL,NULL,'buyer',NULL,'2020-03-10 12:54:20','2020-03-10 12:54:20'),
	(92,92,265,0.0200,2850.00,0.0238,3391.50,NULL,NULL,'buyer',NULL,'2020-03-10 12:58:15','2020-03-10 12:58:43'),
	(93,93,267,0.0378,3006.30,0.0450,3577.50,NULL,NULL,'buyer',NULL,'2020-03-10 13:02:08','2020-03-10 13:02:47'),
	(94,94,270,0.0378,21252.10,0.0450,25290.00,NULL,NULL,'buyer',NULL,'2020-03-10 13:12:29','2020-03-10 13:13:01'),
	(95,95,273,0.0378,20231.09,0.0450,24075.00,NULL,NULL,'buyer',NULL,'2020-03-10 13:17:10','2020-03-10 13:17:35'),
	(96,96,276,0.0000,0.00,0.0000,0.00,NULL,NULL,'buyer','2020-03-10 13:30:08','2020-03-10 13:24:22','2020-03-10 13:30:08'),
	(97,97,282,0.0378,12100.84,0.0450,14400.00,NULL,NULL,'buyer',NULL,'2020-03-10 13:55:48','2020-03-10 13:56:10'),
	(98,98,285,0.0378,16260.50,0.0450,19350.00,NULL,NULL,'buyer',NULL,'2020-03-16 12:45:11','2020-03-16 12:46:58'),
	(99,99,287,0.0378,16638.66,0.0450,19800.01,NULL,NULL,'buyer',NULL,'2020-03-17 10:43:28','2020-03-17 10:47:38'),
	(100,100,290,0.0378,45018.91,0.0450,53572.50,NULL,NULL,'buyer',NULL,'2020-03-18 13:22:47','2020-03-18 13:26:00');
;-- -. . -..- - / . -. - .-. -.--
/*!40000 ALTER TABLE `buyers` ENABLE KEYS */;
;-- -. . -..- - / . -. - .-. -.--
DROP TABLE IF EXISTS `commission_recipients`;
;-- -. . -..- - / . -. - .-. -.--
CREATE TABLE `commission_recipients` (
  `id` bigint(20) unsigned NOT NULL AUTO_INCREMENT,
  `real_estate_id` bigint(20) unsigned NOT NULL,
  `commissionable_type` varchar(191) COLLATE utf8mb4_unicode_ci NOT NULL,
  `commissionable_id` bigint(20) unsigned NOT NULL,
  `commission_percentage` double(8,4) DEFAULT '0.0000',
  `is_primary_recipient` tinyint(1) NOT NULL DEFAULT '0',
  `commission_type` varchar(191) COLLATE utf8mb4_unicode_ci DEFAULT NULL,
  `created_at` timestamp NULL DEFAULT NULL,
  `updated_at` timestamp NULL DEFAULT NULL,
  `deleted_at` timestamp NULL DEFAULT NULL,
  PRIMARY KEY (`id`),
  KEY `commission_recipients_real_estate_id_foreign` (`real_estate_id`),
  KEY `cr_able` (`commissionable_type`,`commissionable_id`),
  KEY `cr` (`commissionable_id`,`commissionable_type`),
  CONSTRAINT `commission_recipients_real_estate_id_foreign` FOREIGN KEY (`real_estate_id`) REFERENCES `real_estates` (`id`) ON DELETE CASCADE
) ENGINE=InnoDB DEFAULT CHARSET=utf8mb4 COLLATE=utf8mb4_unicode_ci;
;-- -. . -..- - / . -. - .-. -.--
LOCK TABLES `commission_recipients` WRITE;
;-- -. . -..- - / . -. - .-. -.--
/*!40000 ALTER TABLE `commission_recipients` DISABLE KEYS */;
;-- -. . -..- - / . -. - .-. -.--
INSERT INTO `commission_recipients` (`id`, `real_estate_id`, `commissionable_type`, `commissionable_id`, `commission_percentage`, `is_primary_recipient`, `commission_type`, `created_at`, `updated_at`, `deleted_at`)
VALUES
	(1,1,'App\\Models\\Consultant',1,0.1200,1,NULL,'2019-11-19 09:05:07','2019-11-19 09:05:07',NULL),
	(2,2,'App\\Models\\Consultant',1,0.1200,1,NULL,'2019-11-20 10:37:48','2020-01-30 11:38:02','2020-01-30 11:38:02'),
	(3,3,'App\\Models\\Consultant',2,0.1200,1,'consultation','2019-12-10 12:39:16','2020-01-08 12:53:44','2020-01-08 12:53:44'),
	(4,3,'App\\Models\\Consultant',3,0.1200,0,'consultation','2019-12-10 12:53:09','2019-12-10 12:53:22','2019-12-10 12:53:22'),
	(5,3,'App\\Models\\Consultant',3,0.1200,0,'project_planning','2019-12-10 12:53:40','2019-12-10 12:53:46','2019-12-10 12:53:46'),
	(6,3,'App\\Models\\Consultant',3,0.1200,0,'consultation','2019-12-10 12:53:57','2020-01-08 12:53:44','2020-01-08 12:53:44'),
	(7,4,'App\\Models\\Consultant',13,0.1000,1,NULL,'2019-12-20 16:27:51','2019-12-20 16:27:51',NULL),
	(8,5,'App\\Models\\Consultant',12,0.0240,1,NULL,'2019-12-20 16:40:50','2020-02-13 10:23:36',NULL),
	(9,5,'App\\Models\\Consultant',4,0.0720,0,'consultation','2019-12-20 16:42:50','2020-02-04 15:11:39',NULL),
	(10,5,'App\\Models\\Consultant',11,0.0320,0,'consultation','2019-12-20 16:43:06','2020-02-13 10:23:29',NULL),
	(11,6,'App\\Models\\Consultant',1,0.0600,1,NULL,'2019-12-27 11:02:41','2020-02-27 09:21:47',NULL),
	(12,6,'App\\Models\\Consultant',2,0.0600,0,'consultation','2019-12-27 11:04:12','2020-02-27 09:21:43',NULL),
	(13,7,'App\\Models\\Consultant',2,0.0600,1,NULL,'2019-12-27 11:08:34','2020-01-28 12:38:55',NULL),
	(14,7,'App\\Models\\Consultant',1,0.0600,0,'consultation','2019-12-27 11:09:33','2020-01-28 12:38:59',NULL),
	(15,8,'App\\Models\\Consultant',2,0.0600,1,NULL,'2019-12-27 11:14:18','2020-01-28 12:38:06',NULL),
	(16,8,'App\\Models\\Consultant',1,0.0600,0,'consultation','2019-12-27 11:15:22','2020-01-28 12:38:12',NULL),
	(17,9,'App\\Models\\Consultant',4,0.1200,1,'consultation','2019-12-27 11:20:26','2020-01-08 22:05:36',NULL),
	(18,9,'App\\Models\\Intermediary',1,0.0250,0,'consultation','2019-12-27 11:25:19','2020-01-09 08:58:18',NULL),
	(19,9,'App\\Models\\Intermediary',2,0.0250,0,'consultation','2019-12-27 11:25:37','2020-01-09 08:58:14',NULL),
	(20,10,'App\\Models\\Consultant',7,0.1200,1,NULL,'2019-12-27 11:40:53','2019-12-27 11:40:53',NULL),
	(21,11,'App\\Models\\Consultant',1,0.1200,1,NULL,'2020-01-03 16:27:08','2020-01-03 16:27:08',NULL),
	(22,12,'App\\Models\\Intermediary',1,0.0522,0,NULL,'2020-01-03 16:29:00','2020-01-03 16:37:29','2020-01-03 16:37:29'),
	(23,12,'App\\Models\\Intermediary',1,0.0000,0,'consultation','2020-01-03 16:35:49','2020-01-30 13:45:34','2020-01-30 13:45:34'),
	(24,12,'App\\Models\\Consultant',1,0.1200,1,'consultation','2020-01-03 16:37:43','2020-01-03 16:37:43',NULL),
	(25,13,'App\\Models\\Consultant',1,0.1200,0,'intermediation','2020-01-07 17:00:19','2020-01-07 17:16:02','2020-01-07 17:16:02'),
	(26,13,'App\\Models\\Intermediary',3,0.0000,0,'consultation','2020-01-07 17:13:58','2020-01-08 07:07:57','2020-01-08 07:07:57'),
	(27,13,'App\\Models\\Consultant',1,0.0960,1,'consultation','2020-01-07 17:16:08','2020-02-04 13:28:26',NULL),
	(28,14,'App\\Models\\Consultant',16,0.0500,1,NULL,'2020-01-07 17:29:53','2020-01-28 12:53:35',NULL),
	(29,14,'App\\Models\\Intermediary',4,0.0500,0,'consultation','2020-01-07 17:33:00','2020-01-07 17:33:00',NULL),
	(30,15,'App\\Models\\Consultant',6,0.1500,1,NULL,'2020-01-07 17:56:32','2020-01-08 13:06:02','2020-01-08 13:06:02'),
	(31,15,'App\\Models\\Intermediary',5,0.0750,0,'consultation','2020-01-07 17:58:31','2020-01-08 13:06:01','2020-01-08 13:06:01'),
	(32,13,'App\\Models\\Intermediary',3,0.0000,0,'consultation','2020-01-08 07:08:02','2020-01-08 07:10:30','2020-01-08 07:10:30'),
	(33,13,'App\\Models\\Intermediary',3,0.0500,0,'consultation','2020-01-08 07:10:37','2020-01-08 07:10:37',NULL),
	(34,16,'App\\Models\\Consultant',2,0.1200,1,'consultation','2020-01-08 09:30:33','2020-01-08 09:33:59',NULL),
	(35,16,'App\\Models\\Intermediary',6,0.0600,0,'consultation','2020-01-08 09:33:20','2020-01-08 09:36:49','2020-01-08 09:36:49'),
	(36,16,'App\\Models\\Intermediary',6,0.0500,0,'consultation','2020-01-08 09:36:58','2020-01-08 09:36:58',NULL),
	(37,17,'App\\Models\\Consultant',7,0.1200,1,NULL,'2020-01-08 09:42:19','2020-01-08 09:42:19',NULL),
	(38,17,'App\\Models\\Intermediary',7,0.0600,0,'consultation','2020-01-08 09:45:57','2020-01-08 09:47:20','2020-01-08 09:47:20'),
	(39,17,'App\\Models\\Intermediary',7,0.0500,0,'consultation','2020-01-08 09:47:26','2020-01-08 09:47:26',NULL),
	(40,18,'App\\Models\\Consultant',12,0.1200,0,NULL,'2020-01-08 09:52:44','2020-01-08 10:46:42','2020-01-08 10:46:42'),
	(41,18,'App\\Models\\Consultant',11,0.0400,0,'consultation','2020-01-08 09:55:13','2020-01-08 10:46:40','2020-01-08 10:46:40'),
	(42,18,'App\\Models\\Intermediary',8,0.0500,0,'consultation','2020-01-08 09:55:26','2020-01-08 09:56:21',NULL),
	(43,18,'App\\Models\\Consultant',3,0.1080,0,'project_planning','2020-01-08 09:55:40','2020-01-28 12:56:30',NULL),
	(44,18,'App\\Models\\Consultant',12,0.0360,1,'project_planning','2020-01-08 10:46:54','2020-01-08 22:03:00',NULL),
	(45,18,'App\\Models\\Consultant',11,0.0480,0,'project_planning','2020-01-08 10:47:12','2020-01-08 22:00:55',NULL),
	(46,19,'App\\Models\\Consultant',11,0.0480,1,'intermediation','2020-01-08 11:01:25','2020-01-09 08:43:06',NULL),
	(47,19,'App\\Models\\Consultant',4,0.0480,0,'consultation','2020-01-08 11:04:42','2020-01-09 09:02:08',NULL),
	(48,19,'App\\Models\\Intermediary',9,0.0500,0,'consultation','2020-01-08 11:04:54','2020-01-09 08:02:24',NULL),
	(49,19,'App\\Models\\Consultant',12,0.0300,0,'consultation','2020-01-08 11:05:07','2020-01-08 21:56:25','2020-01-08 21:56:25'),
	(50,20,'App\\Models\\Consultant',2,0.0600,1,NULL,'2020-01-08 11:14:10','2020-02-03 10:41:30',NULL),
	(51,20,'App\\Models\\Consultant',3,0.0600,0,'consultation','2020-01-08 11:15:57','2020-01-08 11:15:57',NULL),
	(52,20,'App\\Models\\Intermediary',10,0.0500,0,'consultation','2020-01-08 11:16:11','2020-01-08 11:16:11',NULL),
	(53,15,'App\\Models\\Consultant',6,0.1500,1,'consultation','2020-01-08 13:07:44','2020-01-08 13:08:09','2020-01-08 13:08:09'),
	(54,15,'App\\Models\\Intermediary',5,0.0000,0,'consultation','2020-01-08 13:07:56','2020-01-08 13:08:07','2020-01-08 13:08:07'),
	(55,15,'App\\Models\\Consultant',6,0.1000,1,'consultation','2020-01-08 13:09:24','2020-01-08 13:09:32',NULL),
	(56,15,'App\\Models\\Intermediary',5,0.0500,0,'consultation','2020-01-08 13:09:32','2020-01-08 13:09:32',NULL),
	(57,19,'App\\Models\\Consultant',12,0.0360,1,'intermediation','2020-01-08 21:56:40','2020-01-08 21:57:03',NULL),
	(58,21,'App\\Models\\Consultant',12,0.0600,1,NULL,'2020-01-09 12:09:15','2020-01-09 12:17:03',NULL),
	(59,21,'App\\Models\\Consultant',11,0.0800,0,'consultation','2020-01-09 12:16:43','2020-01-09 12:16:58',NULL),
	(60,22,'App\\Models\\Consultant',13,0.0500,1,NULL,'2020-01-09 12:27:25','2020-01-09 12:37:47',NULL),
	(61,22,'App\\Models\\Intermediary',11,0.0500,0,'consultation','2020-01-09 12:34:55','2020-01-09 12:34:55',NULL),
	(62,23,'App\\Models\\Consultant',2,0.1200,1,NULL,'2020-01-14 10:11:01','2020-01-14 10:11:01',NULL),
	(63,24,'App\\Models\\Consultant',2,0.1200,1,NULL,'2020-01-14 10:28:43','2020-01-14 10:28:43',NULL),
	(64,25,'App\\Models\\Consultant',16,0.1000,1,NULL,'2020-01-14 10:50:01','2020-01-14 10:50:01',NULL),
	(65,26,'App\\Models\\Consultant',8,0.1200,1,NULL,'2020-01-14 11:17:05','2020-01-14 11:17:05',NULL),
	(66,27,'App\\Models\\Consultant',2,0.1200,1,NULL,'2020-01-14 11:26:21','2020-01-14 11:26:21',NULL),
	(67,28,'App\\Models\\Consultant',3,0.1200,1,NULL,'2020-01-14 11:40:16','2020-01-14 11:40:16',NULL),
	(68,28,'App\\Models\\Intermediary',13,0.0500,0,'consultation','2020-01-14 11:45:33','2020-01-14 11:45:46',NULL),
	(69,29,'App\\Models\\Consultant',13,0.0500,1,NULL,'2020-01-14 11:58:39','2020-02-04 14:56:03',NULL),
	(70,30,'App\\Models\\Consultant',8,0.1200,1,NULL,'2020-01-21 12:06:04','2020-01-21 12:06:04',NULL),
	(71,30,'App\\Models\\Intermediary',15,0.0250,0,'consultation','2020-01-21 12:13:15','2020-01-21 12:13:44',NULL),
	(72,30,'App\\Models\\Intermediary',14,0.0250,0,'consultation','2020-01-21 12:13:31','2020-01-21 12:13:39',NULL),
	(73,31,'App\\Models\\Consultant',13,0.0500,1,NULL,'2020-01-21 12:22:18','2020-01-21 12:24:52',NULL),
	(74,31,'App\\Models\\Intermediary',16,0.0500,0,'consultation','2020-01-21 12:24:44','2020-01-21 12:24:44',NULL),
	(75,32,'App\\Models\\Consultant',12,0.0300,1,NULL,'2020-01-21 12:34:54','2020-01-21 12:43:56',NULL),
	(76,32,'App\\Models\\Consultant',11,0.0400,0,'consultation','2020-01-21 12:42:58','2020-01-21 12:43:46',NULL),
	(77,32,'App\\Models\\Consultant',4,0.0600,0,'consultation','2020-01-21 12:43:24','2020-01-21 12:43:36',NULL),
	(78,33,'App\\Models\\Consultant',6,0.1000,1,NULL,'2020-01-23 11:03:08','2020-01-23 11:08:20',NULL),
	(79,33,'App\\Models\\Intermediary',17,0.0500,0,'consultation','2020-01-23 11:08:14','2020-01-23 11:08:14',NULL),
	(80,34,'App\\Models\\Consultant',8,0.1200,1,NULL,'2020-01-23 11:12:29','2020-01-23 11:12:29',NULL),
	(81,34,'App\\Models\\Intermediary',18,0.0500,0,'consultation','2020-01-23 11:16:52','2020-01-23 11:16:59',NULL),
	(82,35,'App\\Models\\Consultant',5,0.0960,1,NULL,'2020-01-23 11:22:45','2020-01-23 13:03:10',NULL),
	(83,35,'App\\Models\\Intermediary',20,0.0600,0,'consultation','2020-01-23 11:34:14','2020-01-23 11:34:26','2020-01-23 11:34:26'),
	(84,35,'App\\Models\\Intermediary',21,0.2000,0,'consultation','2020-01-23 11:37:37','2020-01-23 13:01:14',NULL),
	(85,36,'App\\Models\\Consultant',7,0.1200,1,NULL,'2020-01-23 11:56:34','2020-01-23 11:56:34',NULL),
	(86,37,'App\\Models\\Consultant',6,0.1000,1,NULL,'2020-01-23 12:20:33','2020-01-23 12:30:16',NULL),
	(87,37,'App\\Models\\Intermediary',22,0.0500,0,'consultation','2020-01-23 12:30:03','2020-01-23 12:30:03',NULL),
	(88,38,'App\\Models\\Consultant',2,0.1200,1,NULL,'2020-01-23 12:52:17','2020-01-23 12:52:17',NULL),
	(89,39,'App\\Models\\Consultant',8,0.1200,1,NULL,'2020-01-28 11:25:16','2020-01-28 11:25:16',NULL),
	(90,39,'App\\Models\\Intermediary',23,0.0500,0,'consultation','2020-01-28 11:27:38','2020-01-28 11:27:38',NULL),
	(91,40,'App\\Models\\Consultant',6,0.1500,1,NULL,'2020-01-28 11:37:25','2020-01-28 11:37:25',NULL),
	(92,41,'App\\Models\\Consultant',7,0.1200,1,NULL,'2020-01-28 11:43:23','2020-01-28 11:43:23',NULL),
	(93,41,'App\\Models\\Intermediary',24,0.0500,0,'consultation','2020-01-28 11:47:12','2020-01-28 11:47:12',NULL),
	(94,42,'App\\Models\\Consultant',16,0.1000,1,NULL,'2020-01-28 12:09:40','2020-01-28 12:09:40',NULL),
	(95,43,'App\\Models\\Consultant',12,0.0600,1,NULL,'2020-01-28 12:26:40','2020-01-28 12:30:54',NULL),
	(96,43,'App\\Models\\Consultant',11,0.0800,1,'consultation','2020-01-28 12:28:53','2020-01-28 12:30:47',NULL),
	(97,43,'App\\Models\\Intermediary',25,0.0500,0,'consultation','2020-01-28 12:30:40','2020-01-28 12:30:40',NULL),
	(98,44,'App\\Models\\Consultant',16,0.1000,1,NULL,'2020-01-28 13:17:46','2020-01-28 13:17:46',NULL),
	(99,45,'App\\Models\\Consultant',16,0.1000,1,NULL,'2020-01-28 13:23:43','2020-01-28 13:23:43',NULL),
	(100,46,'App\\Models\\Consultant',2,0.1200,1,NULL,'2020-01-28 13:31:51','2020-01-28 13:31:51',NULL),
	(101,47,'App\\Models\\Consultant',5,0.1200,1,NULL,'2020-01-28 13:39:27','2020-01-28 13:39:27',NULL),
	(102,48,'App\\Models\\Consultant',11,0.0800,1,NULL,'2020-01-28 13:52:45','2020-01-28 13:58:36',NULL),
	(103,48,'App\\Models\\Consultant',12,0.0600,1,'consultation','2020-01-28 13:58:30','2020-01-28 13:58:30',NULL),
	(104,26,'App\\Models\\Intermediary',12,0.0500,0,'consultation','2020-01-28 14:01:04','2020-01-28 14:01:04',NULL),
	(105,49,'App\\Models\\Consultant',6,0.1500,1,NULL,'2020-01-28 14:11:45','2020-01-28 14:11:45',NULL),
	(106,50,'App\\Models\\Consultant',8,0.1200,1,NULL,'2020-01-28 14:27:44','2020-01-28 14:27:44',NULL),
	(107,50,'App\\Models\\Intermediary',14,0.0500,0,'consultation','2020-01-28 14:29:07','2020-01-28 14:29:07',NULL),
	(108,51,'App\\Models\\Consultant',7,0.0600,1,NULL,'2020-01-28 14:34:47','2020-01-28 14:39:26',NULL),
	(109,51,'App\\Models\\Consultant',6,0.0500,1,'consultation','2020-01-28 14:36:59','2020-01-28 14:37:07',NULL),
	(110,51,'App\\Models\\Intermediary',26,0.0500,0,'consultation','2020-01-28 14:39:17','2020-01-28 14:39:17',NULL),
	(111,52,'App\\Models\\Consultant',7,0.1200,1,NULL,'2020-01-30 10:44:03','2020-01-30 10:44:03',NULL),
	(112,52,'App\\Models\\Intermediary',23,0.0500,0,'consultation','2020-01-30 10:45:22','2020-01-30 10:45:22',NULL),
	(113,53,'App\\Models\\Consultant',5,0.1200,1,NULL,'2020-01-30 10:50:25','2020-01-30 10:50:25',NULL),
	(114,53,'App\\Models\\Intermediary',27,0.0500,0,'consultation','2020-01-30 10:53:10','2020-01-30 10:53:10',NULL),
	(115,54,'App\\Models\\Consultant',16,0.1000,1,NULL,'2020-01-30 10:57:11','2020-01-30 10:57:11',NULL),
	(116,55,'App\\Models\\Consultant',13,0.0500,1,NULL,'2020-01-30 11:01:55','2020-01-30 11:04:57',NULL),
	(117,55,'App\\Models\\Intermediary',28,0.0500,0,'consultation','2020-01-30 11:04:51','2020-01-30 11:04:52',NULL),
	(118,2,'App\\Models\\Consultant',6,0.1500,1,'consultation','2020-01-30 11:38:19','2020-01-30 11:38:19',NULL),
	(119,56,'App\\Models\\Consultant',7,0.1200,1,NULL,'2020-01-30 11:44:02','2020-01-30 11:44:02',NULL),
	(120,57,'App\\Models\\Consultant',13,0.1000,1,NULL,'2020-01-30 11:59:36','2020-02-04 14:44:21',NULL),
	(121,12,'App\\Models\\Intermediary',29,0.0500,0,'consultation','2020-01-30 13:48:18','2020-01-30 13:48:18',NULL),
	(122,58,'App\\Models\\Consultant',1,0.1200,1,NULL,'2020-02-03 09:07:41','2020-02-03 09:07:41',NULL),
	(123,58,'App\\Models\\Intermediary',30,0.0500,0,'consultation','2020-02-03 09:11:01','2020-02-03 09:11:01',NULL),
	(124,59,'App\\Models\\Consultant',2,0.1200,1,NULL,'2020-02-03 09:23:18','2020-02-03 09:23:18',NULL),
	(125,60,'App\\Models\\Consultant',11,0.0480,1,NULL,'2020-02-03 09:32:09','2020-02-03 09:37:04',NULL),
	(126,60,'App\\Models\\Consultant',12,0.0360,1,'consultation','2020-02-03 09:35:13','2020-02-03 09:37:09',NULL),
	(127,60,'App\\Models\\Consultant',4,0.0480,1,'consultation','2020-02-03 09:35:38','2020-02-03 09:36:57',NULL),
	(128,61,'App\\Models\\Consultant',12,0.0300,1,NULL,'2020-02-03 09:44:35','2020-02-03 09:48:10',NULL),
	(129,61,'App\\Models\\Consultant',11,0.0400,1,'consultation','2020-02-03 09:46:51','2020-02-03 09:48:00',NULL),
	(130,61,'App\\Models\\Consultant',4,0.0600,1,'consultation','2020-02-03 09:47:06','2020-02-03 09:48:34',NULL),
	(131,62,'App\\Models\\Consultant',3,0.1200,1,NULL,'2020-02-03 09:53:39','2020-02-03 09:53:39',NULL),
	(132,62,'App\\Models\\Intermediary',31,0.0500,0,'consultation','2020-02-03 09:56:58','2020-02-03 09:56:58',NULL),
	(133,63,'App\\Models\\Consultant',2,0.1200,1,NULL,'2020-02-03 10:58:31','2020-02-03 10:58:31',NULL),
	(134,63,'App\\Models\\Intermediary',32,0.0500,0,'consultation','2020-02-03 11:02:29','2020-02-03 11:02:29',NULL),
	(135,57,'App\\Models\\Intermediary',11,0.0500,0,'consultation','2020-02-04 14:40:15','2020-02-04 14:44:21','2020-02-04 14:44:21'),
	(136,29,'App\\Models\\Intermediary',33,0.0500,0,'consultation','2020-02-04 14:55:58','2020-02-04 14:55:58',NULL),
	(137,64,'App\\Models\\Consultant',8,0.1200,1,NULL,'2020-02-11 11:30:18','2020-02-11 11:30:18',NULL),
	(138,64,'App\\Models\\Intermediary',34,0.0500,0,'consultation','2020-02-11 11:34:04','2020-02-11 11:34:04',NULL),
	(139,65,'App\\Models\\Consultant',8,0.1200,1,NULL,'2020-02-11 11:38:44','2020-02-11 11:38:44',NULL),
	(140,65,'App\\Models\\Intermediary',35,0.0250,0,'consultation','2020-02-11 11:46:47','2020-02-11 11:47:12',NULL),
	(141,65,'App\\Models\\Intermediary',36,0.0250,0,'consultation','2020-02-11 11:47:01','2020-02-11 11:47:08',NULL),
	(142,66,'App\\Models\\Consultant',4,0.1200,1,NULL,'2020-02-11 11:51:42','2020-02-11 11:51:42',NULL),
	(143,67,'App\\Models\\Consultant',7,0.1200,1,NULL,'2020-02-11 11:56:52','2020-02-11 11:56:52',NULL),
	(144,68,'App\\Models\\Consultant',2,0.1200,1,NULL,'2020-02-13 08:49:27','2020-02-13 08:49:27',NULL),
	(145,69,'App\\Models\\Consultant',5,0.1200,1,NULL,'2020-02-13 11:16:44','2020-02-13 11:16:44',NULL),
	(146,69,'App\\Models\\Intermediary',37,0.0500,0,'consultation','2020-02-13 11:22:29','2020-02-13 11:22:29',NULL),
	(147,70,'App\\Models\\Consultant',8,0.1200,1,NULL,'2020-02-13 12:01:40','2020-02-13 12:01:40',NULL),
	(148,70,'App\\Models\\Intermediary',38,0.0500,0,'consultation','2020-02-13 12:06:28','2020-02-13 12:06:28',NULL),
	(149,71,'App\\Models\\Consultant',1,0.1200,1,NULL,'2020-02-13 12:13:32','2020-02-13 12:13:32',NULL),
	(150,71,'App\\Models\\Intermediary',39,0.0500,0,'consultation','2020-02-13 12:26:19','2020-02-13 12:26:19',NULL),
	(151,72,'App\\Models\\Consultant',16,0.0500,1,NULL,'2020-02-13 12:36:22','2020-02-13 12:39:32',NULL),
	(152,72,'App\\Models\\Intermediary',40,0.0500,0,'consultation','2020-02-13 12:39:27','2020-02-13 12:39:27',NULL),
	(153,73,'App\\Models\\Consultant',3,0.1200,1,NULL,'2020-02-13 12:50:25','2020-02-13 12:50:25',NULL),
	(154,74,'App\\Models\\Consultant',4,0.0600,1,NULL,'2020-02-13 12:59:08','2020-02-13 13:05:30',NULL),
	(155,74,'App\\Models\\Consultant',12,0.0300,1,'consultation','2020-02-13 13:02:33','2020-02-13 13:02:40',NULL),
	(156,74,'App\\Models\\Consultant',11,0.0400,1,'consultation','2020-02-13 13:03:08','2020-02-13 13:05:34',NULL),
	(157,74,'App\\Models\\Intermediary',41,0.0500,0,'consultation','2020-02-13 13:05:20','2020-02-13 13:05:20',NULL),
	(158,75,'App\\Models\\Consultant',12,0.0600,1,NULL,'2020-02-13 13:10:29','2020-02-13 13:15:06',NULL),
	(159,75,'App\\Models\\Consultant',11,0.0800,1,'consultation','2020-02-13 13:14:33','2020-02-13 13:15:02',NULL),
	(160,75,'App\\Models\\Intermediary',41,0.0500,0,'consultation','2020-02-13 13:14:56','2020-02-13 13:14:56',NULL),
	(161,76,'App\\Models\\Consultant',12,0.0600,1,NULL,'2020-02-13 13:18:20','2020-02-13 13:20:29',NULL),
	(162,76,'App\\Models\\Consultant',11,0.0800,1,'consultation','2020-02-13 13:20:04','2020-02-13 13:20:25',NULL),
	(163,76,'App\\Models\\Intermediary',41,0.0500,0,'consultation','2020-02-13 13:20:20','2020-02-13 13:20:20',NULL),
	(164,77,'App\\Models\\Consultant',7,0.1200,1,NULL,'2020-02-18 13:25:40','2020-02-18 13:25:40',NULL),
	(165,77,'App\\Models\\Intermediary',42,0.0500,0,'consultation','2020-02-18 13:28:01','2020-02-18 13:28:01',NULL),
	(166,78,'App\\Models\\Consultant',13,0.1000,1,NULL,'2020-02-18 13:33:13','2020-02-18 13:33:13',NULL),
	(167,78,'App\\Models\\Consultant',12,0.0300,1,'consultation','2020-02-18 13:34:26','2020-02-18 13:34:31',NULL),
	(168,79,'App\\Models\\Consultant',5,0.1200,1,NULL,'2020-02-18 13:41:32','2020-02-18 13:41:32',NULL),
	(169,79,'App\\Models\\Intermediary',43,0.0500,0,'consultation','2020-02-18 13:44:13','2020-02-18 13:44:13',NULL),
	(170,80,'App\\Models\\Consultant',8,0.1200,1,NULL,'2020-02-25 11:27:15','2020-02-25 11:27:15',NULL),
	(171,80,'App\\Models\\Intermediary',44,0.0500,0,'consultation','2020-02-25 11:29:12','2020-02-25 11:29:12',NULL),
	(172,66,'App\\Models\\Intermediary',45,0.0500,0,'consultation','2020-02-27 09:27:13','2020-02-27 09:27:13',NULL),
	(173,81,'App\\Models\\Consultant',16,0.0500,1,NULL,'2020-02-27 10:14:45','2020-02-27 10:21:19',NULL),
	(174,81,'App\\Models\\Intermediary',46,0.0500,0,'consultation','2020-02-27 10:21:14','2020-02-27 10:21:14',NULL),
	(175,82,'App\\Models\\Consultant',6,0.1500,1,NULL,'2020-02-27 10:29:56','2020-02-27 10:29:56',NULL),
	(176,83,'App\\Models\\Consultant',16,0.1000,1,NULL,'2020-02-27 10:42:44','2020-02-27 10:42:44',NULL),
	(177,83,'App\\Models\\Consultant',12,0.0300,1,'consultation','2020-02-27 10:45:26','2020-02-27 10:45:32',NULL),
	(178,84,'App\\Models\\Consultant',16,0.1000,1,NULL,'2020-02-27 10:52:46','2020-02-27 10:52:46',NULL),
	(179,84,'App\\Models\\Consultant',12,0.0300,1,'consultation','2020-02-27 10:53:45','2020-02-27 10:53:50',NULL),
	(180,85,'App\\Models\\Consultant',4,0.0720,1,NULL,'2020-02-27 10:58:07','2020-02-27 11:00:23',NULL),
	(181,85,'App\\Models\\Consultant',11,0.0320,1,'consultation','2020-02-27 10:59:53','2020-02-27 11:00:30',NULL),
	(182,85,'App\\Models\\Consultant',12,0.0240,1,'consultation','2020-02-27 11:00:05','2020-02-27 11:00:37',NULL),
	(183,85,'App\\Models\\Intermediary',25,0.0500,0,'consultation','2020-02-27 11:00:16','2020-02-27 11:00:16',NULL),
	(184,86,'App\\Models\\Consultant',16,0.0500,1,NULL,'2020-02-27 12:32:26','2020-02-27 12:36:01',NULL),
	(185,86,'App\\Models\\Intermediary',47,0.0500,0,'consultation','2020-02-27 12:35:54','2020-02-27 12:35:54',NULL),
	(186,87,'App\\Models\\Consultant',8,0.1200,1,NULL,'2020-03-02 09:01:17','2020-03-02 09:01:17',NULL),
	(187,88,'App\\Models\\Consultant',8,0.1200,1,NULL,'2020-03-02 09:12:51','2020-03-02 09:12:51',NULL),
	(188,88,'App\\Models\\Intermediary',48,0.0500,0,'consultation','2020-03-02 09:16:57','2020-03-02 09:16:57',NULL),
	(189,89,'App\\Models\\Consultant',1,0.1200,1,NULL,'2020-03-02 10:51:13','2020-03-02 10:51:13',NULL),
	(190,89,'App\\Models\\Intermediary',49,0.0500,0,'consultation','2020-03-02 10:54:19','2020-03-02 10:54:19',NULL),
	(191,90,'App\\Models\\Consultant',13,0.1000,1,NULL,'2020-03-10 12:49:25','2020-03-10 12:49:25',NULL),
	(192,91,'App\\Models\\Consultant',2,0.0600,1,NULL,'2020-03-10 12:54:20','2020-03-10 12:55:22',NULL),
	(193,91,'App\\Models\\Consultant',1,0.0600,1,'consultation','2020-03-10 12:55:17','2020-03-10 12:55:17',NULL),
	(194,92,'App\\Models\\Consultant',1,0.1200,1,NULL,'2020-03-10 12:58:15','2020-03-10 12:58:15',NULL),
	(195,92,'App\\Models\\Intermediary',29,0.0500,0,'consultation','2020-03-10 12:59:33','2020-03-10 12:59:33',NULL),
	(196,93,'App\\Models\\Consultant',16,0.0500,1,NULL,'2020-03-10 13:02:12','2020-03-10 13:05:53',NULL),
	(197,93,'App\\Models\\Intermediary',50,0.0500,0,'consultation','2020-03-10 13:05:49','2020-03-10 13:05:49',NULL),
	(198,94,'App\\Models\\Consultant',1,0.1200,1,NULL,'2020-03-10 13:12:29','2020-03-10 13:12:29',NULL),
	(199,94,'App\\Models\\Intermediary',51,0.0500,0,'consultation','2020-03-10 13:14:49','2020-03-10 13:14:49',NULL),
	(200,95,'App\\Models\\Consultant',4,0.1200,1,NULL,'2020-03-10 13:17:10','2020-03-10 13:17:10',NULL),
	(201,95,'App\\Models\\Intermediary',52,0.0500,0,'consultation','2020-03-10 13:19:21','2020-03-10 13:19:21',NULL),
	(202,96,'App\\Models\\Consultant',1,0.0000,1,NULL,'2020-03-10 13:24:22','2020-03-10 13:27:20',NULL),
	(203,96,'App\\Models\\Intermediary',53,0.0500,0,'consultation','2020-03-10 13:27:15','2020-03-10 13:27:15',NULL),
	(204,97,'App\\Models\\Consultant',7,0.1200,1,NULL,'2020-03-10 13:55:48','2020-03-10 13:55:48',NULL),
	(205,97,'App\\Models\\Intermediary',54,0.0500,0,'consultation','2020-03-10 13:58:49','2020-03-10 13:58:49',NULL),
	(206,98,'App\\Models\\Consultant',8,0.1200,1,NULL,'2020-03-16 12:45:11','2020-03-16 12:45:11',NULL),
	(207,98,'App\\Models\\Intermediary',15,0.0500,0,'consultation','2020-03-16 12:48:41','2020-03-16 12:48:41',NULL),
	(208,99,'App\\Models\\Consultant',1,0.1200,1,NULL,'2020-03-17 10:43:28','2020-03-17 10:43:28',NULL),
	(209,99,'App\\Models\\Intermediary',55,0.0500,0,'consultation','2020-03-17 10:51:02','2020-03-17 10:51:02',NULL),
	(210,100,'App\\Models\\Consultant',11,0.0800,1,NULL,'2020-03-18 13:22:47','2020-03-18 13:31:28',NULL),
	(211,100,'App\\Models\\Consultant',15,0.0600,0,'consultation','2020-03-18 13:27:48','2020-03-18 13:27:48',NULL),
	(212,100,'App\\Models\\Intermediary',56,0.0143,0,'consultation','2020-03-18 13:29:07','2020-03-18 13:30:21',NULL);
;-- -. . -..- - / . -. - .-. -.--
/*!40000 ALTER TABLE `commission_recipients` ENABLE KEYS */;
;-- -. . -..- - / . -. - .-. -.--
DROP TABLE IF EXISTS `commission_rule_consultants`;
;-- -. . -..- - / . -. - .-. -.--
CREATE TABLE `commission_rule_consultants` (
  `id` bigint(20) unsigned NOT NULL AUTO_INCREMENT,
  `commission_rule_id` bigint(20) unsigned NOT NULL,
  `consultant_id` bigint(20) unsigned DEFAULT NULL,
  `created_at` timestamp NULL DEFAULT NULL,
  `updated_at` timestamp NULL DEFAULT NULL,
  `deleted_at` timestamp NULL DEFAULT NULL,
  PRIMARY KEY (`id`),
  KEY `commission_rule_consultants_commission_rule_id_foreign` (`commission_rule_id`),
  KEY `commission_rule_consultants_consultant_id_foreign` (`consultant_id`),
  CONSTRAINT `commission_rule_consultants_commission_rule_id_foreign` FOREIGN KEY (`commission_rule_id`) REFERENCES `commission_rules` (`id`) ON DELETE CASCADE,
  CONSTRAINT `commission_rule_consultants_consultant_id_foreign` FOREIGN KEY (`consultant_id`) REFERENCES `consultants` (`id`) ON DELETE CASCADE
) ENGINE=InnoDB DEFAULT CHARSET=utf8mb4 COLLATE=utf8mb4_unicode_ci;
;-- -. . -..- - / . -. - .-. -.--
LOCK TABLES `commission_rule_consultants` WRITE;
;-- -. . -..- - / . -. - .-. -.--
/*!40000 ALTER TABLE `commission_rule_consultants` DISABLE KEYS */;
;-- -. . -..- - / . -. - .-. -.--
INSERT INTO `commission_rule_consultants` (`id`, `commission_rule_id`, `consultant_id`, `created_at`, `updated_at`, `deleted_at`)
VALUES
	(1,1,NULL,'2019-11-20 10:56:03','2019-11-20 10:56:03',NULL),
	(2,2,NULL,'2020-01-02 09:43:52','2020-01-02 09:43:52',NULL),
	(39,27,NULL,'2020-01-06 12:01:49','2020-01-06 12:01:49',NULL),
	(40,28,NULL,'2020-01-06 12:01:49','2020-01-06 12:01:49',NULL),
	(41,29,NULL,'2020-01-06 12:01:49','2020-01-06 12:01:49',NULL),
	(42,29,NULL,'2020-01-06 12:01:49','2020-01-06 12:01:49',NULL),
	(43,30,NULL,'2020-01-06 12:01:49','2020-01-06 12:01:49',NULL),
	(44,30,NULL,'2020-01-06 12:01:49','2020-01-06 12:01:49',NULL),
	(45,31,11,'2020-01-06 12:01:49','2020-01-06 12:03:45','2020-01-06 12:03:45'),
	(46,31,12,'2020-01-06 12:01:49','2020-01-06 12:03:45','2020-01-06 12:03:45'),
	(47,32,11,'2020-01-06 12:01:49','2020-01-06 12:03:53','2020-01-06 12:03:53'),
	(48,32,12,'2020-01-06 12:01:49','2020-01-06 12:03:53','2020-01-06 12:03:53'),
	(49,33,11,'2020-01-06 12:01:49','2020-01-06 12:04:15','2020-01-06 12:04:15'),
	(50,33,12,'2020-01-06 12:01:49','2020-01-06 12:04:15','2020-01-06 12:04:15'),
	(51,34,11,'2020-01-06 12:01:49','2020-01-06 12:04:22','2020-01-06 12:04:22'),
	(52,34,12,'2020-01-06 12:01:49','2020-01-06 12:04:22','2020-01-06 12:04:22'),
	(53,31,11,'2020-01-06 12:03:45','2020-01-06 12:03:45',NULL),
	(54,31,12,'2020-01-06 12:03:45','2020-01-06 12:03:45',NULL),
	(55,32,11,'2020-01-06 12:03:53','2020-01-06 12:03:53',NULL),
	(56,32,12,'2020-01-06 12:03:53','2020-01-06 12:03:53',NULL),
	(57,33,11,'2020-01-06 12:04:15','2020-01-06 12:04:15',NULL),
	(58,33,12,'2020-01-06 12:04:15','2020-01-06 12:04:15',NULL),
	(59,34,11,'2020-01-06 12:04:22','2020-01-06 12:04:22',NULL),
	(60,34,12,'2020-01-06 12:04:22','2020-01-06 12:04:22',NULL),
	(61,35,NULL,'2020-01-06 12:04:54','2020-01-06 12:04:54',NULL),
	(62,36,NULL,'2020-01-06 12:04:54','2020-01-06 12:04:54',NULL),
	(63,37,NULL,'2020-01-06 12:04:54','2020-01-06 12:04:54',NULL),
	(64,37,NULL,'2020-01-06 12:04:54','2020-01-06 12:04:54',NULL),
	(65,38,NULL,'2020-01-06 12:04:54','2020-01-06 12:04:54',NULL),
	(66,38,NULL,'2020-01-06 12:04:54','2020-01-06 12:04:54',NULL),
	(67,39,11,'2020-01-06 12:04:54','2020-01-06 12:04:54',NULL),
	(68,39,12,'2020-01-06 12:04:54','2020-01-06 12:04:54',NULL),
	(69,40,11,'2020-01-06 12:04:54','2020-01-06 12:04:54',NULL),
	(70,40,12,'2020-01-06 12:04:54','2020-01-06 12:04:54',NULL),
	(71,41,11,'2020-01-06 12:04:55','2020-01-06 12:04:55',NULL),
	(72,41,12,'2020-01-06 12:04:55','2020-01-06 12:04:55',NULL),
	(73,42,11,'2020-01-06 12:04:55','2020-01-06 12:04:55',NULL),
	(74,42,12,'2020-01-06 12:04:55','2020-01-06 12:04:55',NULL),
	(75,43,NULL,'2020-01-06 12:13:16','2020-01-06 12:13:16',NULL),
	(76,44,NULL,'2020-01-06 12:14:13','2020-01-06 14:28:15','2020-01-06 14:28:15'),
	(77,44,NULL,'2020-01-06 12:14:13','2020-01-06 14:28:15','2020-01-06 14:28:15'),
	(78,46,NULL,'2020-01-06 12:15:31','2020-01-06 12:16:14','2020-01-06 12:16:14'),
	(79,46,NULL,'2020-01-06 12:15:31','2020-01-06 12:16:14','2020-01-06 12:16:14'),
	(80,45,NULL,'2020-01-06 12:15:53','2020-01-06 12:16:04','2020-01-06 12:16:04'),
	(81,45,NULL,'2020-01-06 12:16:04','2020-01-06 14:27:37','2020-01-06 14:27:37'),
	(82,46,NULL,'2020-01-06 12:16:14','2020-01-06 14:27:50','2020-01-06 14:27:50'),
	(83,46,NULL,'2020-01-06 12:16:14','2020-01-06 14:27:50','2020-01-06 14:27:50'),
	(84,47,11,'2020-01-06 12:17:03','2020-01-08 16:07:00','2020-01-08 16:07:00'),
	(85,47,NULL,'2020-01-06 12:17:03','2020-01-08 16:07:00','2020-01-08 16:07:00'),
	(86,48,11,'2020-01-06 12:17:46','2020-01-06 14:28:26','2020-01-06 14:28:26'),
	(87,49,11,'2020-01-06 12:18:14','2020-01-08 16:07:12','2020-01-08 16:07:12'),
	(88,50,11,'2020-01-06 12:18:39','2020-01-06 14:28:50','2020-01-06 14:28:50'),
	(89,51,NULL,'2020-01-06 12:59:05','2020-01-06 12:59:05',NULL),
	(90,52,NULL,'2020-01-06 12:59:05','2020-01-06 12:59:05',NULL),
	(91,53,NULL,'2020-01-06 12:59:05','2020-01-06 12:59:05',NULL),
	(92,53,NULL,'2020-01-06 12:59:05','2020-01-06 12:59:05',NULL),
	(93,54,NULL,'2020-01-06 12:59:05','2020-01-06 12:59:05',NULL),
	(94,54,NULL,'2020-01-06 12:59:05','2020-01-06 12:59:05',NULL),
	(95,55,11,'2020-01-06 12:59:05','2020-01-08 16:21:05','2020-01-08 16:21:05'),
	(96,55,12,'2020-01-06 12:59:05','2020-01-08 16:21:05','2020-01-08 16:21:05'),
	(97,56,11,'2020-01-06 12:59:05','2020-01-08 16:21:13','2020-01-08 16:21:13'),
	(98,56,12,'2020-01-06 12:59:05','2020-01-08 16:21:13','2020-01-08 16:21:13'),
	(99,57,11,'2020-01-06 12:59:05','2020-01-08 16:21:24','2020-01-08 16:21:24'),
	(100,57,12,'2020-01-06 12:59:05','2020-01-08 16:21:24','2020-01-08 16:21:24'),
	(101,58,11,'2020-01-06 12:59:05','2020-01-08 16:21:37','2020-01-08 16:21:37'),
	(102,58,12,'2020-01-06 12:59:05','2020-01-08 16:21:37','2020-01-08 16:21:37'),
	(103,45,NULL,'2020-01-06 14:27:37','2020-01-06 14:27:37',NULL),
	(104,46,NULL,'2020-01-06 14:27:50','2020-01-06 14:27:50',NULL),
	(105,46,NULL,'2020-01-06 14:27:50','2020-01-06 14:27:50',NULL),
	(106,44,NULL,'2020-01-06 14:28:15','2020-01-06 14:28:15',NULL),
	(107,44,NULL,'2020-01-06 14:28:15','2020-01-06 14:28:15',NULL),
	(108,48,11,'2020-01-06 14:28:26','2020-01-08 16:06:40','2020-01-08 16:06:40'),
	(109,50,11,'2020-01-06 14:28:50','2020-01-08 16:07:22','2020-01-08 16:07:22'),
	(110,59,NULL,'2020-01-06 14:29:03','2020-01-06 14:29:03',NULL),
	(111,60,NULL,'2020-01-06 14:29:03','2020-01-06 14:29:03',NULL),
	(112,61,NULL,'2020-01-06 14:29:03','2020-01-06 14:29:03',NULL),
	(113,61,NULL,'2020-01-06 14:29:03','2020-01-06 14:29:03',NULL),
	(114,62,NULL,'2020-01-06 14:29:03','2020-01-06 14:29:03',NULL),
	(115,62,NULL,'2020-01-06 14:29:03','2020-01-06 14:29:03',NULL),
	(116,63,11,'2020-01-06 14:29:03','2020-01-08 16:20:03','2020-01-08 16:20:03'),
	(117,63,12,'2020-01-06 14:29:03','2020-01-08 16:20:03','2020-01-08 16:20:03'),
	(118,64,11,'2020-01-06 14:29:03','2020-01-08 16:20:12','2020-01-08 16:20:12'),
	(119,64,12,'2020-01-06 14:29:03','2020-01-08 16:20:12','2020-01-08 16:20:12'),
	(120,65,11,'2020-01-06 14:29:03','2020-01-08 16:20:24','2020-01-08 16:20:24'),
	(121,65,12,'2020-01-06 14:29:03','2020-01-08 16:20:24','2020-01-08 16:20:24'),
	(122,66,11,'2020-01-06 14:29:03','2020-01-08 16:20:37','2020-01-08 16:20:37'),
	(123,66,12,'2020-01-06 14:29:03','2020-01-08 16:20:37','2020-01-08 16:20:37'),
	(124,67,NULL,'2020-01-06 14:29:58','2020-01-06 14:29:58',NULL),
	(125,68,NULL,'2020-01-06 14:29:58','2020-01-06 14:29:58',NULL),
	(126,69,NULL,'2020-01-06 14:29:58','2020-01-06 14:29:58',NULL),
	(127,69,NULL,'2020-01-06 14:29:58','2020-01-06 14:29:58',NULL),
	(128,70,NULL,'2020-01-06 14:29:58','2020-01-06 14:29:58',NULL),
	(129,70,NULL,'2020-01-06 14:29:58','2020-01-06 14:29:58',NULL),
	(130,71,11,'2020-01-06 14:29:58','2020-01-08 16:17:22','2020-01-08 16:17:22'),
	(131,71,12,'2020-01-06 14:29:58','2020-01-08 16:17:22','2020-01-08 16:17:22'),
	(132,72,11,'2020-01-06 14:29:58','2020-01-08 16:17:35','2020-01-08 16:17:35'),
	(133,72,12,'2020-01-06 14:29:58','2020-01-08 16:17:35','2020-01-08 16:17:35'),
	(134,73,11,'2020-01-06 14:29:58','2020-01-08 16:17:50','2020-01-08 16:17:50'),
	(135,73,12,'2020-01-06 14:29:58','2020-01-08 16:17:50','2020-01-08 16:17:50'),
	(136,74,11,'2020-01-06 14:29:58','2020-01-08 16:18:03','2020-01-08 16:18:03'),
	(137,74,12,'2020-01-06 14:29:58','2020-01-08 16:18:03','2020-01-08 16:18:03'),
	(138,75,NULL,'2020-01-06 14:30:13','2020-01-06 14:30:13',NULL),
	(139,76,NULL,'2020-01-06 14:30:13','2020-01-06 14:30:13',NULL),
	(140,77,NULL,'2020-01-06 14:30:13','2020-01-06 14:30:13',NULL),
	(141,77,NULL,'2020-01-06 14:30:13','2020-01-06 14:30:13',NULL),
	(142,78,NULL,'2020-01-06 14:30:13','2020-01-06 14:30:13',NULL),
	(143,78,NULL,'2020-01-06 14:30:13','2020-01-06 14:30:13',NULL),
	(144,79,11,'2020-01-06 14:30:13','2020-01-08 16:16:15','2020-01-08 16:16:15'),
	(145,79,12,'2020-01-06 14:30:13','2020-01-08 16:16:15','2020-01-08 16:16:15'),
	(146,80,11,'2020-01-06 14:30:13','2020-01-08 16:16:26','2020-01-08 16:16:26'),
	(147,80,12,'2020-01-06 14:30:13','2020-01-08 16:16:26','2020-01-08 16:16:26'),
	(148,81,11,'2020-01-06 14:30:13','2020-01-08 16:16:46','2020-01-08 16:16:46'),
	(149,81,12,'2020-01-06 14:30:13','2020-01-08 16:16:46','2020-01-08 16:16:46'),
	(150,82,11,'2020-01-06 14:30:13','2020-01-08 16:17:00','2020-01-08 16:17:00'),
	(151,82,12,'2020-01-06 14:30:13','2020-01-08 16:17:00','2020-01-08 16:17:00'),
	(152,83,NULL,'2020-01-07 10:37:02','2020-01-07 10:37:02',NULL),
	(153,84,NULL,'2020-01-07 10:37:02','2020-01-07 10:37:02',NULL),
	(154,85,NULL,'2020-01-07 10:37:02','2020-01-07 10:37:02',NULL),
	(155,85,NULL,'2020-01-07 10:37:02','2020-01-07 10:37:02',NULL),
	(156,86,NULL,'2020-01-07 10:37:02','2020-01-07 10:37:02',NULL),
	(157,86,NULL,'2020-01-07 10:37:02','2020-01-07 10:37:02',NULL),
	(158,87,11,'2020-01-07 10:37:02','2020-01-08 16:15:10','2020-01-08 16:15:10'),
	(159,87,12,'2020-01-07 10:37:02','2020-01-08 16:15:10','2020-01-08 16:15:10'),
	(160,88,11,'2020-01-07 10:37:02','2020-01-08 16:15:19','2020-01-08 16:15:19'),
	(161,88,12,'2020-01-07 10:37:02','2020-01-08 16:15:19','2020-01-08 16:15:19'),
	(162,89,11,'2020-01-07 10:37:02','2020-01-08 16:15:30','2020-01-08 16:15:30'),
	(163,89,12,'2020-01-07 10:37:02','2020-01-08 16:15:30','2020-01-08 16:15:30'),
	(164,90,11,'2020-01-07 10:37:02','2020-01-08 16:15:45','2020-01-08 16:15:45'),
	(165,90,12,'2020-01-07 10:37:02','2020-01-08 16:15:45','2020-01-08 16:15:45'),
	(166,91,NULL,'2020-01-07 10:37:39','2020-01-07 10:37:39',NULL),
	(167,92,NULL,'2020-01-07 10:37:39','2020-01-07 10:37:39',NULL),
	(168,93,NULL,'2020-01-07 10:37:39','2020-01-07 10:37:39',NULL),
	(169,93,NULL,'2020-01-07 10:37:39','2020-01-07 10:37:39',NULL),
	(170,94,NULL,'2020-01-07 10:37:39','2020-01-07 10:37:39',NULL),
	(171,94,NULL,'2020-01-07 10:37:39','2020-01-07 10:37:39',NULL),
	(172,95,11,'2020-01-07 10:37:39','2020-01-08 16:14:14','2020-01-08 16:14:14'),
	(173,95,12,'2020-01-07 10:37:39','2020-01-08 16:14:14','2020-01-08 16:14:14'),
	(174,96,11,'2020-01-07 10:37:39','2020-01-08 16:14:25','2020-01-08 16:14:25'),
	(175,96,12,'2020-01-07 10:37:39','2020-01-08 16:14:25','2020-01-08 16:14:25'),
	(176,97,11,'2020-01-07 10:37:39','2020-01-08 16:14:36','2020-01-08 16:14:36'),
	(177,97,12,'2020-01-07 10:37:39','2020-01-08 16:14:36','2020-01-08 16:14:36'),
	(178,98,11,'2020-01-07 10:37:39','2020-01-08 16:14:49','2020-01-08 16:14:49'),
	(179,98,12,'2020-01-07 10:37:39','2020-01-08 16:14:49','2020-01-08 16:14:49'),
	(180,99,NULL,'2020-01-07 10:38:01','2020-01-07 10:38:01',NULL),
	(181,100,NULL,'2020-01-07 10:38:01','2020-01-07 10:38:01',NULL),
	(182,101,NULL,'2020-01-07 10:38:01','2020-01-07 10:38:01',NULL),
	(183,101,NULL,'2020-01-07 10:38:02','2020-01-07 10:38:02',NULL),
	(184,102,NULL,'2020-01-07 10:38:02','2020-01-07 10:38:02',NULL),
	(185,102,NULL,'2020-01-07 10:38:02','2020-01-07 10:38:02',NULL),
	(186,103,11,'2020-01-07 10:38:02','2020-01-08 16:13:00','2020-01-08 16:13:00'),
	(187,103,12,'2020-01-07 10:38:02','2020-01-08 16:13:00','2020-01-08 16:13:00'),
	(188,104,11,'2020-01-07 10:38:02','2020-01-08 16:13:12','2020-01-08 16:13:12'),
	(189,104,12,'2020-01-07 10:38:02','2020-01-08 16:13:12','2020-01-08 16:13:12'),
	(190,105,11,'2020-01-07 10:38:02','2020-01-08 16:13:28','2020-01-08 16:13:28'),
	(191,105,12,'2020-01-07 10:38:02','2020-01-08 16:13:28','2020-01-08 16:13:28'),
	(192,106,11,'2020-01-07 10:38:02','2020-01-08 16:13:46','2020-01-08 16:13:46'),
	(193,106,12,'2020-01-07 10:38:02','2020-01-08 16:13:46','2020-01-08 16:13:46'),
	(194,107,NULL,'2020-01-07 10:39:36','2020-01-07 10:40:26','2020-01-07 10:40:26'),
	(195,108,NULL,'2020-01-07 10:39:36','2020-01-07 10:40:15','2020-01-07 10:40:15'),
	(196,109,NULL,'2020-01-07 10:39:36','2020-01-07 10:43:05','2020-01-07 10:43:05'),
	(197,109,NULL,'2020-01-07 10:39:36','2020-01-07 10:43:05','2020-01-07 10:43:05'),
	(198,110,NULL,'2020-01-07 10:39:36','2020-01-07 10:42:18','2020-01-07 10:42:18'),
	(199,110,NULL,'2020-01-07 10:39:36','2020-01-07 10:42:18','2020-01-07 10:42:18'),
	(200,111,11,'2020-01-07 10:39:36','2020-01-07 10:45:25','2020-01-07 10:45:25'),
	(201,111,12,'2020-01-07 10:39:36','2020-01-07 10:45:25','2020-01-07 10:45:25'),
	(202,112,11,'2020-01-07 10:39:36','2020-01-07 10:46:14','2020-01-07 10:46:14'),
	(203,112,12,'2020-01-07 10:39:36','2020-01-07 10:46:14','2020-01-07 10:46:14'),
	(204,113,11,'2020-01-07 10:39:36','2020-01-07 10:47:08','2020-01-07 10:47:08'),
	(205,113,12,'2020-01-07 10:39:36','2020-01-07 10:47:08','2020-01-07 10:47:08'),
	(206,114,11,'2020-01-07 10:39:36','2020-01-07 10:47:30','2020-01-07 10:47:30'),
	(207,114,12,'2020-01-07 10:39:36','2020-01-07 10:47:30','2020-01-07 10:47:30'),
	(208,108,NULL,'2020-01-07 10:40:15','2020-01-07 10:41:10','2020-01-07 10:41:10'),
	(209,107,NULL,'2020-01-07 10:40:26','2020-01-07 10:40:58','2020-01-07 10:40:58'),
	(210,107,NULL,'2020-01-07 10:40:58','2020-01-07 10:41:23','2020-01-07 10:41:23'),
	(211,108,NULL,'2020-01-07 10:41:10','2020-01-08 13:27:20','2020-01-08 13:27:20'),
	(212,107,NULL,'2020-01-07 10:41:23','2020-01-07 10:44:08','2020-01-07 10:44:08'),
	(213,110,NULL,'2020-01-07 10:42:18','2020-01-08 16:12:12','2020-01-08 16:12:12'),
	(214,110,NULL,'2020-01-07 10:42:18','2020-01-08 16:12:12','2020-01-08 16:12:12'),
	(215,109,NULL,'2020-01-07 10:43:05','2020-01-07 10:43:50','2020-01-07 10:43:50'),
	(216,109,NULL,'2020-01-07 10:43:05','2020-01-07 10:43:50','2020-01-07 10:43:50'),
	(217,109,NULL,'2020-01-07 10:43:50','2020-01-08 11:06:00','2020-01-08 11:06:00'),
	(218,109,NULL,'2020-01-07 10:43:50','2020-01-08 11:06:00','2020-01-08 11:06:00'),
	(219,107,NULL,'2020-01-07 10:44:08','2020-01-08 16:12:25','2020-01-08 16:12:25'),
	(220,111,NULL,'2020-01-07 10:45:25','2020-01-08 16:11:45','2020-01-08 16:11:45'),
	(221,112,12,'2020-01-07 10:46:14','2020-01-08 16:11:17','2020-01-08 16:11:17'),
	(222,113,NULL,'2020-01-07 10:47:08','2020-01-08 21:43:03','2020-01-08 21:43:03'),
	(223,114,NULL,'2020-01-07 10:47:30','2020-01-08 21:42:26','2020-01-08 21:42:26'),
	(224,115,NULL,'2020-01-07 10:49:29','2020-01-07 10:49:29',NULL),
	(225,116,NULL,'2020-01-07 10:49:29','2020-01-07 10:49:29',NULL),
	(226,117,NULL,'2020-01-07 10:49:29','2020-01-07 10:49:29',NULL),
	(227,117,NULL,'2020-01-07 10:49:29','2020-01-07 10:49:29',NULL),
	(228,118,NULL,'2020-01-07 10:49:29','2020-01-07 10:49:29',NULL),
	(229,118,NULL,'2020-01-07 10:49:29','2020-01-07 10:49:29',NULL),
	(230,119,11,'2020-01-07 10:49:29','2020-01-08 16:05:08','2020-01-08 16:05:08'),
	(231,119,12,'2020-01-07 10:49:29','2020-01-08 16:05:08','2020-01-08 16:05:08'),
	(232,120,11,'2020-01-07 10:49:29','2020-01-08 16:04:48','2020-01-08 16:04:48'),
	(233,120,12,'2020-01-07 10:49:29','2020-01-08 16:04:48','2020-01-08 16:04:48'),
	(234,121,11,'2020-01-07 10:49:29','2020-01-08 16:04:06','2020-01-08 16:04:06'),
	(235,121,12,'2020-01-07 10:49:29','2020-01-08 16:04:06','2020-01-08 16:04:06'),
	(236,122,11,'2020-01-07 10:49:29','2020-01-08 16:04:33','2020-01-08 16:04:33'),
	(237,122,12,'2020-01-07 10:49:29','2020-01-08 16:04:33','2020-01-08 16:04:33'),
	(238,123,NULL,'2020-01-07 10:50:20','2020-01-07 10:51:10','2020-01-07 10:51:10'),
	(239,124,NULL,'2020-01-07 10:50:21','2020-01-07 10:50:33','2020-01-07 10:50:33'),
	(240,125,NULL,'2020-01-07 10:50:21','2020-01-07 10:50:51','2020-01-07 10:50:51'),
	(241,125,NULL,'2020-01-07 10:50:21','2020-01-07 10:50:51','2020-01-07 10:50:51'),
	(242,126,NULL,'2020-01-07 10:50:21','2020-01-07 10:51:31','2020-01-07 10:51:31'),
	(243,126,NULL,'2020-01-07 10:50:21','2020-01-07 10:51:31','2020-01-07 10:51:31'),
	(244,127,11,'2020-01-07 10:50:21','2020-01-07 10:51:41','2020-01-07 10:51:41'),
	(245,127,12,'2020-01-07 10:50:21','2020-01-07 10:51:41','2020-01-07 10:51:41'),
	(246,128,11,'2020-01-07 10:50:21','2020-01-07 10:51:50','2020-01-07 10:51:50'),
	(247,128,12,'2020-01-07 10:50:21','2020-01-07 10:51:50','2020-01-07 10:51:50'),
	(248,129,11,'2020-01-07 10:50:21','2020-01-07 10:52:06','2020-01-07 10:52:06'),
	(249,129,12,'2020-01-07 10:50:21','2020-01-07 10:52:06','2020-01-07 10:52:06'),
	(250,130,11,'2020-01-07 10:50:21','2020-01-07 10:52:24','2020-01-07 10:52:24'),
	(251,130,12,'2020-01-07 10:50:21','2020-01-07 10:52:24','2020-01-07 10:52:24'),
	(252,124,NULL,'2020-01-07 10:50:33','2020-01-07 10:50:33',NULL),
	(253,125,NULL,'2020-01-07 10:50:51','2020-01-07 10:50:51',NULL),
	(254,125,NULL,'2020-01-07 10:50:51','2020-01-07 10:50:51',NULL),
	(255,123,NULL,'2020-01-07 10:51:10','2020-01-07 10:51:10',NULL),
	(256,126,NULL,'2020-01-07 10:51:31','2020-01-07 10:51:31',NULL),
	(257,126,NULL,'2020-01-07 10:51:31','2020-01-07 10:51:31',NULL),
	(258,127,11,'2020-01-07 10:51:41','2020-01-07 10:52:33','2020-01-07 10:52:33'),
	(259,127,12,'2020-01-07 10:51:41','2020-01-07 10:52:33','2020-01-07 10:52:33'),
	(260,128,11,'2020-01-07 10:51:50','2020-01-08 13:38:26','2020-01-08 13:38:26'),
	(261,128,12,'2020-01-07 10:51:50','2020-01-08 13:38:26','2020-01-08 13:38:26'),
	(262,129,11,'2020-01-07 10:52:06','2020-01-08 13:37:57','2020-01-08 13:37:57'),
	(263,129,12,'2020-01-07 10:52:06','2020-01-08 13:37:57','2020-01-08 13:37:57'),
	(264,130,11,'2020-01-07 10:52:24','2020-01-08 13:39:15','2020-01-08 13:39:15'),
	(265,130,12,'2020-01-07 10:52:24','2020-01-08 13:39:15','2020-01-08 13:39:15'),
	(266,127,11,'2020-01-07 10:52:33','2020-01-08 21:46:54','2020-01-08 21:46:54'),
	(267,127,12,'2020-01-07 10:52:33','2020-01-08 21:46:54','2020-01-08 21:46:54'),
	(268,131,11,'2020-01-07 11:03:23','2020-01-08 21:33:55','2020-01-08 21:33:55'),
	(269,131,12,'2020-01-07 11:03:23','2020-01-08 21:33:55','2020-01-08 21:33:55'),
	(270,132,11,'2020-01-07 11:03:23','2020-01-08 21:33:22','2020-01-08 21:33:22'),
	(271,132,12,'2020-01-07 11:03:23','2020-01-08 21:33:22','2020-01-08 21:33:22'),
	(272,133,11,'2020-01-07 11:03:23','2020-01-08 21:32:38','2020-01-08 21:32:38'),
	(273,133,12,'2020-01-07 11:03:23','2020-01-08 21:32:38','2020-01-08 21:32:38'),
	(274,134,11,'2020-01-07 11:03:23','2020-01-08 21:32:06','2020-01-08 21:32:06'),
	(275,134,12,'2020-01-07 11:03:23','2020-01-08 21:32:06','2020-01-08 21:32:06'),
	(276,135,NULL,'2020-01-07 11:03:23','2020-01-07 11:03:23',NULL),
	(277,136,NULL,'2020-01-07 11:03:23','2020-01-07 11:03:23',NULL),
	(278,137,NULL,'2020-01-07 11:03:23','2020-01-07 11:03:23',NULL),
	(279,137,NULL,'2020-01-07 11:03:23','2020-01-07 11:03:23',NULL),
	(280,138,NULL,'2020-01-07 11:03:23','2020-01-07 11:03:23',NULL),
	(281,138,NULL,'2020-01-07 11:03:23','2020-01-07 11:03:23',NULL),
	(282,139,11,'2020-01-07 17:23:59','2020-01-07 17:26:10','2020-01-07 17:26:10'),
	(283,139,12,'2020-01-07 17:23:59','2020-01-07 17:26:10','2020-01-07 17:26:10'),
	(284,140,11,'2020-01-07 17:23:59','2020-01-07 17:25:59','2020-01-07 17:25:59'),
	(285,140,12,'2020-01-07 17:23:59','2020-01-07 17:25:59','2020-01-07 17:25:59'),
	(286,141,11,'2020-01-07 17:23:59','2020-01-07 17:25:47','2020-01-07 17:25:47'),
	(287,141,12,'2020-01-07 17:23:59','2020-01-07 17:25:47','2020-01-07 17:25:47'),
	(288,142,11,'2020-01-07 17:23:59','2020-01-07 17:25:36','2020-01-07 17:25:36'),
	(289,142,12,'2020-01-07 17:23:59','2020-01-07 17:25:36','2020-01-07 17:25:36'),
	(290,143,NULL,'2020-01-07 17:23:59','2020-01-07 17:24:40','2020-01-07 17:24:40'),
	(291,144,NULL,'2020-01-07 17:23:59','2020-01-07 17:24:23','2020-01-07 17:24:23'),
	(292,145,NULL,'2020-01-07 17:23:59','2020-01-07 17:24:33','2020-01-07 17:24:33'),
	(293,145,NULL,'2020-01-07 17:23:59','2020-01-07 17:24:33','2020-01-07 17:24:33'),
	(294,146,NULL,'2020-01-07 17:23:59','2020-01-07 17:24:58','2020-01-07 17:24:58'),
	(295,146,NULL,'2020-01-07 17:23:59','2020-01-07 17:24:58','2020-01-07 17:24:58'),
	(296,144,NULL,'2020-01-07 17:24:23','2020-01-07 17:24:23',NULL),
	(297,145,NULL,'2020-01-07 17:24:33','2020-01-07 17:24:33',NULL),
	(298,145,NULL,'2020-01-07 17:24:33','2020-01-07 17:24:33',NULL),
	(299,143,NULL,'2020-01-07 17:24:40','2020-01-07 17:24:40',NULL),
	(300,146,NULL,'2020-01-07 17:24:58','2020-01-07 17:25:24','2020-01-07 17:25:24'),
	(301,146,NULL,'2020-01-07 17:24:58','2020-01-07 17:25:24','2020-01-07 17:25:24'),
	(302,146,NULL,'2020-01-07 17:25:24','2020-01-07 17:25:24',NULL),
	(303,146,NULL,'2020-01-07 17:25:24','2020-01-07 17:25:24',NULL),
	(304,142,11,'2020-01-07 17:25:36','2020-01-08 16:19:30','2020-01-08 16:19:30'),
	(305,142,12,'2020-01-07 17:25:36','2020-01-08 16:19:30','2020-01-08 16:19:30'),
	(306,141,11,'2020-01-07 17:25:47','2020-01-08 16:19:24','2020-01-08 16:19:24'),
	(307,141,12,'2020-01-07 17:25:47','2020-01-08 16:19:24','2020-01-08 16:19:24'),
	(308,140,11,'2020-01-07 17:25:59','2020-01-08 16:19:08','2020-01-08 16:19:08'),
	(309,140,12,'2020-01-07 17:25:59','2020-01-08 16:19:08','2020-01-08 16:19:08'),
	(310,139,11,'2020-01-07 17:26:10','2020-01-08 16:19:15','2020-01-08 16:19:15'),
	(311,139,12,'2020-01-07 17:26:10','2020-01-08 16:19:15','2020-01-08 16:19:15'),
	(312,147,11,'2020-01-08 10:40:21','2020-01-08 10:45:29','2020-01-08 10:45:29'),
	(313,147,12,'2020-01-08 10:40:21','2020-01-08 10:45:29','2020-01-08 10:45:29'),
	(314,148,11,'2020-01-08 10:40:21','2020-01-08 10:45:22','2020-01-08 10:45:22'),
	(315,148,12,'2020-01-08 10:40:21','2020-01-08 10:45:22','2020-01-08 10:45:22'),
	(316,149,11,'2020-01-08 10:40:21','2020-01-08 10:45:11','2020-01-08 10:45:11'),
	(317,149,12,'2020-01-08 10:40:21','2020-01-08 10:45:11','2020-01-08 10:45:11'),
	(318,150,11,'2020-01-08 10:40:21','2020-01-08 10:44:39','2020-01-08 10:44:39'),
	(319,150,12,'2020-01-08 10:40:21','2020-01-08 10:44:39','2020-01-08 10:44:39'),
	(320,151,NULL,'2020-01-08 10:40:21','2020-01-08 10:40:56','2020-01-08 10:40:56'),
	(321,152,NULL,'2020-01-08 10:40:21','2020-01-08 10:40:21',NULL),
	(322,153,NULL,'2020-01-08 10:40:21','2020-01-08 10:41:40','2020-01-08 10:41:40'),
	(323,153,NULL,'2020-01-08 10:40:21','2020-01-08 10:41:40','2020-01-08 10:41:40'),
	(324,154,NULL,'2020-01-08 10:40:21','2020-01-08 10:41:51','2020-01-08 10:41:51'),
	(325,154,NULL,'2020-01-08 10:40:21','2020-01-08 10:41:51','2020-01-08 10:41:51'),
	(326,151,NULL,'2020-01-08 10:40:56','2020-01-08 10:41:14','2020-01-08 10:41:14'),
	(327,151,NULL,'2020-01-08 10:41:14','2020-01-08 10:41:14',NULL),
	(328,153,NULL,'2020-01-08 10:41:40','2020-01-08 10:41:40',NULL),
	(329,153,NULL,'2020-01-08 10:41:40','2020-01-08 10:41:40',NULL),
	(330,154,NULL,'2020-01-08 10:41:51','2020-01-08 10:41:51',NULL),
	(331,154,NULL,'2020-01-08 10:41:51','2020-01-08 10:41:51',NULL),
	(332,150,11,'2020-01-08 10:44:39','2020-01-08 10:44:46','2020-01-08 10:44:46'),
	(333,150,NULL,'2020-01-08 10:44:46','2020-01-08 21:48:05','2020-01-08 21:48:05'),
	(334,149,NULL,'2020-01-08 10:45:11','2020-01-08 10:45:11',NULL),
	(335,148,11,'2020-01-08 10:45:22','2020-01-08 13:30:04','2020-01-08 13:30:04'),
	(336,148,12,'2020-01-08 10:45:22','2020-01-08 13:30:04','2020-01-08 13:30:04'),
	(337,147,11,'2020-01-08 10:45:29','2020-01-08 13:30:22','2020-01-08 13:30:22'),
	(338,147,12,'2020-01-08 10:45:29','2020-01-08 13:30:22','2020-01-08 13:30:22'),
	(339,109,NULL,'2020-01-08 11:06:00','2020-01-08 21:41:43','2020-01-08 21:41:43'),
	(340,109,NULL,'2020-01-08 11:06:00','2020-01-08 21:41:43','2020-01-08 21:41:43'),
	(341,108,15,'2020-01-08 13:27:20','2020-01-08 13:27:20',NULL),
	(342,148,11,'2020-01-08 13:30:04','2020-01-08 13:30:04',NULL),
	(343,148,15,'2020-01-08 13:30:04','2020-01-08 13:30:04',NULL),
	(344,147,11,'2020-01-08 13:30:22','2020-01-08 13:30:22',NULL),
	(345,147,15,'2020-01-08 13:30:22','2020-01-08 13:30:22',NULL),
	(346,129,15,'2020-01-08 13:37:57','2020-01-08 13:38:53','2020-01-08 13:38:53'),
	(347,129,NULL,'2020-01-08 13:37:57','2020-01-08 13:38:53','2020-01-08 13:38:53'),
	(348,128,12,'2020-01-08 13:38:26','2020-01-08 13:38:26',NULL),
	(349,129,15,'2020-01-08 13:38:53','2020-01-08 13:39:04','2020-01-08 13:39:04'),
	(350,129,11,'2020-01-08 13:38:53','2020-01-08 13:39:04','2020-01-08 13:39:04'),
	(351,129,15,'2020-01-08 13:39:04','2020-01-08 13:39:04',NULL),
	(352,129,11,'2020-01-08 13:39:04','2020-01-08 13:39:04',NULL),
	(353,130,15,'2020-01-08 13:39:15','2020-01-08 21:47:32','2020-01-08 21:47:32'),
	(354,130,NULL,'2020-01-08 13:39:15','2020-01-08 21:47:32','2020-01-08 21:47:32'),
	(355,121,11,'2020-01-08 16:04:06','2020-01-08 16:04:16','2020-01-08 16:04:16'),
	(356,121,15,'2020-01-08 16:04:06','2020-01-08 16:04:16','2020-01-08 16:04:16'),
	(357,121,11,'2020-01-08 16:04:16','2020-01-08 16:04:16',NULL),
	(358,121,15,'2020-01-08 16:04:16','2020-01-08 16:04:16',NULL),
	(359,122,11,'2020-01-08 16:04:33','2020-01-08 16:04:33',NULL),
	(360,122,15,'2020-01-08 16:04:33','2020-01-08 16:04:33',NULL),
	(361,120,11,'2020-01-08 16:04:48','2020-01-08 16:08:19','2020-01-08 16:08:19'),
	(362,120,15,'2020-01-08 16:04:48','2020-01-08 16:08:19','2020-01-08 16:08:19'),
	(363,119,12,'2020-01-08 16:05:08','2020-01-08 16:05:08',NULL),
	(364,48,12,'2020-01-08 16:06:40','2020-01-08 16:06:40',NULL),
	(365,47,12,'2020-01-08 16:07:00','2020-01-08 16:07:00',NULL),
	(366,49,11,'2020-01-08 16:07:12','2020-01-08 16:07:12',NULL),
	(367,49,15,'2020-01-08 16:07:12','2020-01-08 16:07:12',NULL),
	(368,50,11,'2020-01-08 16:07:22','2020-01-08 16:07:22',NULL),
	(369,50,15,'2020-01-08 16:07:22','2020-01-08 16:07:22',NULL),
	(370,120,12,'2020-01-08 16:08:19','2020-01-08 16:08:19',NULL),
	(371,112,12,'2020-01-08 16:11:17','2020-01-08 16:11:17',NULL),
	(372,111,12,'2020-01-08 16:11:45','2020-01-08 16:11:45',NULL),
	(373,111,NULL,'2020-01-08 16:11:45','2020-01-08 16:11:45',NULL),
	(374,110,15,'2020-01-08 16:12:12','2020-01-08 16:12:16','2020-01-08 16:12:16'),
	(375,110,NULL,'2020-01-08 16:12:12','2020-01-08 16:12:16','2020-01-08 16:12:16'),
	(376,110,15,'2020-01-08 16:12:16','2020-01-08 16:12:16',NULL),
	(377,110,NULL,'2020-01-08 16:12:16','2020-01-08 16:12:16',NULL),
	(378,107,15,'2020-01-08 16:12:25','2020-01-08 16:12:25',NULL),
	(379,103,12,'2020-01-08 16:13:00','2020-01-08 16:13:00',NULL),
	(380,104,12,'2020-01-08 16:13:12','2020-01-08 16:13:12',NULL),
	(381,105,11,'2020-01-08 16:13:28','2020-01-08 16:13:28',NULL),
	(382,105,15,'2020-01-08 16:13:28','2020-01-08 16:13:28',NULL),
	(383,106,11,'2020-01-08 16:13:46','2020-01-08 16:13:46',NULL),
	(384,106,15,'2020-01-08 16:13:46','2020-01-08 16:13:46',NULL),
	(385,95,12,'2020-01-08 16:14:14','2020-01-08 16:14:14',NULL),
	(386,96,12,'2020-01-08 16:14:25','2020-01-09 08:53:31','2020-01-09 08:53:31'),
	(387,97,11,'2020-01-08 16:14:36','2020-01-08 16:14:36',NULL),
	(388,97,15,'2020-01-08 16:14:36','2020-01-08 16:14:36',NULL),
	(389,98,11,'2020-01-08 16:14:49','2020-01-09 09:00:49','2020-01-09 09:00:49'),
	(390,98,15,'2020-01-08 16:14:49','2020-01-09 09:00:49','2020-01-09 09:00:49'),
	(391,87,12,'2020-01-08 16:15:10','2020-01-08 16:15:10',NULL),
	(392,88,12,'2020-01-08 16:15:19','2020-01-08 16:15:19',NULL),
	(393,89,11,'2020-01-08 16:15:30','2020-01-08 16:15:30',NULL),
	(394,89,15,'2020-01-08 16:15:30','2020-01-08 16:15:30',NULL),
	(395,90,11,'2020-01-08 16:15:45','2020-01-08 16:15:45',NULL),
	(396,90,15,'2020-01-08 16:15:45','2020-01-08 16:15:45',NULL),
	(397,79,12,'2020-01-08 16:16:15','2020-01-08 16:16:15',NULL),
	(398,80,12,'2020-01-08 16:16:26','2020-01-08 16:16:26',NULL),
	(399,81,11,'2020-01-08 16:16:46','2020-01-08 16:16:46',NULL),
	(400,81,15,'2020-01-08 16:16:46','2020-01-08 16:16:46',NULL),
	(401,82,11,'2020-01-08 16:17:00','2020-01-08 16:17:00',NULL),
	(402,82,15,'2020-01-08 16:17:00','2020-01-08 16:17:00',NULL),
	(403,71,12,'2020-01-08 16:17:22','2020-01-08 16:17:22',NULL),
	(404,72,12,'2020-01-08 16:17:35','2020-01-08 16:17:35',NULL),
	(405,73,11,'2020-01-08 16:17:50','2020-01-08 16:17:50',NULL),
	(406,73,15,'2020-01-08 16:17:50','2020-01-08 16:17:50',NULL),
	(407,74,11,'2020-01-08 16:18:03','2020-01-08 16:18:03',NULL),
	(408,74,15,'2020-01-08 16:18:03','2020-01-08 16:18:03',NULL),
	(409,140,11,'2020-01-08 16:19:08','2020-01-08 16:19:19','2020-01-08 16:19:19'),
	(410,140,15,'2020-01-08 16:19:08','2020-01-08 16:19:19','2020-01-08 16:19:19'),
	(411,139,11,'2020-01-08 16:19:15','2020-01-08 16:19:15',NULL),
	(412,139,15,'2020-01-08 16:19:15','2020-01-08 16:19:15',NULL),
	(413,140,11,'2020-01-08 16:19:19','2020-01-08 16:19:19',NULL),
	(414,140,15,'2020-01-08 16:19:19','2020-01-08 16:19:19',NULL),
	(415,141,12,'2020-01-08 16:19:24','2020-01-08 16:19:24',NULL),
	(416,142,12,'2020-01-08 16:19:30','2020-01-08 16:19:30',NULL),
	(417,63,12,'2020-01-08 16:20:03','2020-01-08 16:20:03',NULL),
	(418,64,12,'2020-01-08 16:20:12','2020-01-08 16:20:12',NULL),
	(419,65,11,'2020-01-08 16:20:24','2020-01-08 16:20:24',NULL),
	(420,65,15,'2020-01-08 16:20:24','2020-01-08 16:20:24',NULL),
	(421,66,11,'2020-01-08 16:20:37','2020-01-08 16:20:37',NULL),
	(422,66,15,'2020-01-08 16:20:37','2020-01-08 16:20:37',NULL),
	(423,55,12,'2020-01-08 16:21:05','2020-01-08 16:21:05',NULL),
	(424,56,12,'2020-01-08 16:21:13','2020-01-08 16:21:13',NULL),
	(425,57,11,'2020-01-08 16:21:24','2020-01-08 16:21:24',NULL),
	(426,57,15,'2020-01-08 16:21:24','2020-01-08 16:21:24',NULL),
	(427,58,11,'2020-01-08 16:21:37','2020-01-08 16:21:37',NULL),
	(428,58,15,'2020-01-08 16:21:37','2020-01-08 16:21:37',NULL),
	(429,134,11,'2020-01-08 21:32:06','2020-01-08 21:32:06',NULL),
	(430,134,12,'2020-01-08 21:32:06','2020-01-08 21:32:06',NULL),
	(431,133,11,'2020-01-08 21:32:38','2020-01-08 21:32:38',NULL),
	(432,133,12,'2020-01-08 21:32:38','2020-01-08 21:32:38',NULL),
	(433,132,11,'2020-01-08 21:33:22','2020-01-08 21:35:03','2020-01-08 21:35:03'),
	(434,132,15,'2020-01-08 21:33:22','2020-01-08 21:35:03','2020-01-08 21:35:03'),
	(435,131,11,'2020-01-08 21:33:55','2020-01-08 21:35:22','2020-01-08 21:35:22'),
	(436,131,15,'2020-01-08 21:33:55','2020-01-08 21:35:22','2020-01-08 21:35:22'),
	(437,132,11,'2020-01-08 21:35:03','2020-01-08 21:35:40','2020-01-08 21:35:40'),
	(438,131,11,'2020-01-08 21:35:22','2020-01-08 21:35:25','2020-01-08 21:35:25'),
	(439,131,11,'2020-01-08 21:35:25','2020-01-08 21:35:54','2020-01-08 21:35:54'),
	(440,132,11,'2020-01-08 21:35:40','2020-01-08 21:35:40',NULL),
	(441,131,11,'2020-01-08 21:35:54','2020-01-08 21:35:54',NULL),
	(442,109,15,'2020-01-08 21:41:43','2020-01-08 21:41:43',NULL),
	(443,109,NULL,'2020-01-08 21:41:43','2020-01-08 21:41:43',NULL),
	(444,114,15,'2020-01-08 21:42:26','2020-01-08 21:42:40','2020-01-08 21:42:40'),
	(445,114,15,'2020-01-08 21:42:40','2020-01-08 21:42:40',NULL),
	(446,114,NULL,'2020-01-08 21:42:40','2020-01-08 21:42:40',NULL),
	(447,113,15,'2020-01-08 21:43:03','2020-01-08 21:43:03',NULL),
	(448,113,NULL,'2020-01-08 21:43:03','2020-01-08 21:43:03',NULL),
	(449,127,12,'2020-01-08 21:46:54','2020-01-08 21:46:54',NULL),
	(450,130,15,'2020-01-08 21:47:32','2020-01-08 21:47:32',NULL),
	(451,130,11,'2020-01-08 21:47:32','2020-01-08 21:47:32',NULL),
	(452,150,NULL,'2020-01-08 21:48:05','2020-01-08 21:48:05',NULL),
	(453,156,12,'2020-01-08 21:54:06','2020-01-08 21:54:06',NULL),
	(454,156,NULL,'2020-01-08 21:54:06','2020-01-08 21:54:06',NULL),
	(455,157,11,'2020-01-08 21:56:04','2020-01-08 21:56:04',NULL),
	(456,157,NULL,'2020-01-08 21:56:04','2020-01-08 21:56:04',NULL),
	(457,158,12,'2020-01-08 22:00:38','2020-01-08 22:00:38',NULL),
	(458,158,NULL,'2020-01-08 22:00:38','2020-01-08 22:00:38',NULL),
	(459,159,12,'2020-01-08 22:01:48','2020-01-08 22:02:01','2020-01-08 22:02:01'),
	(460,159,NULL,'2020-01-08 22:01:48','2020-01-08 22:02:01','2020-01-08 22:02:01'),
	(461,159,12,'2020-01-08 22:02:01','2020-01-08 22:02:53','2020-01-08 22:02:53'),
	(462,159,NULL,'2020-01-08 22:02:01','2020-01-08 22:02:53','2020-01-08 22:02:53'),
	(463,159,11,'2020-01-08 22:02:53','2020-01-08 22:02:53',NULL),
	(464,159,NULL,'2020-01-08 22:02:53','2020-01-08 22:02:53',NULL),
	(465,96,12,'2020-01-09 08:53:31','2020-01-09 08:53:31',NULL),
	(466,96,NULL,'2020-01-09 08:53:31','2020-01-09 08:53:31',NULL),
	(467,98,11,'2020-01-09 09:00:49','2020-01-09 09:01:46','2020-01-09 09:01:46'),
	(468,98,NULL,'2020-01-09 09:00:49','2020-01-09 09:01:46','2020-01-09 09:01:46'),
	(469,98,11,'2020-01-09 09:01:46','2020-01-09 09:01:46',NULL),
	(470,98,15,'2020-01-09 09:01:46','2020-01-09 09:01:46',NULL);
;-- -. . -..- - / . -. - .-. -.--
/*!40000 ALTER TABLE `commission_rule_consultants` ENABLE KEYS */;
;-- -. . -..- - / . -. - .-. -.--
DROP TABLE IF EXISTS `commission_rule_intermediaries`;
;-- -. . -..- - / . -. - .-. -.--
CREATE TABLE `commission_rule_intermediaries` (
  `id` bigint(20) unsigned NOT NULL AUTO_INCREMENT,
  `commission_rule_id` bigint(20) unsigned NOT NULL,
  `intermediary_id` bigint(20) unsigned DEFAULT NULL,
  `created_at` timestamp NULL DEFAULT NULL,
  `updated_at` timestamp NULL DEFAULT NULL,
  `deleted_at` timestamp NULL DEFAULT NULL,
  PRIMARY KEY (`id`),
  KEY `commission_rule_intermediaries_commission_rule_id_foreign` (`commission_rule_id`),
  KEY `commission_rule_intermediaries_intermediary_id_foreign` (`intermediary_id`),
  CONSTRAINT `commission_rule_intermediaries_commission_rule_id_foreign` FOREIGN KEY (`commission_rule_id`) REFERENCES `commission_rules` (`id`) ON DELETE CASCADE,
  CONSTRAINT `commission_rule_intermediaries_intermediary_id_foreign` FOREIGN KEY (`intermediary_id`) REFERENCES `intermediaries` (`id`) ON DELETE CASCADE
) ENGINE=InnoDB DEFAULT CHARSET=utf8mb4 COLLATE=utf8mb4_unicode_ci;
;-- -. . -..- - / . -. - .-. -.--
LOCK TABLES `commission_rule_intermediaries` WRITE;
;-- -. . -..- - / . -. - .-. -.--
/*!40000 ALTER TABLE `commission_rule_intermediaries` DISABLE KEYS */;
;-- -. . -..- - / . -. - .-. -.--
INSERT INTO `commission_rule_intermediaries` (`id`, `commission_rule_id`, `intermediary_id`, `created_at`, `updated_at`, `deleted_at`)
VALUES
	(1,1,NULL,'2019-11-20 10:56:03','2019-11-20 10:56:03',NULL),
	(18,27,NULL,'2020-01-06 12:01:49','2020-01-06 12:01:49',NULL),
	(19,30,NULL,'2020-01-06 12:01:49','2020-01-06 12:01:49',NULL),
	(20,32,NULL,'2020-01-06 12:01:49','2020-01-06 12:03:53','2020-01-06 12:03:53'),
	(21,34,NULL,'2020-01-06 12:01:49','2020-01-06 12:04:22','2020-01-06 12:04:22'),
	(22,32,NULL,'2020-01-06 12:03:53','2020-01-06 12:03:53',NULL),
	(23,34,NULL,'2020-01-06 12:04:22','2020-01-06 12:04:22',NULL),
	(24,35,NULL,'2020-01-06 12:04:54','2020-01-06 12:04:54',NULL),
	(25,38,NULL,'2020-01-06 12:04:54','2020-01-06 12:04:54',NULL),
	(26,40,NULL,'2020-01-06 12:04:54','2020-01-06 12:04:54',NULL),
	(27,42,NULL,'2020-01-06 12:04:55','2020-01-06 12:04:55',NULL),
	(28,45,NULL,'2020-01-06 12:15:04','2020-01-06 12:15:53','2020-01-06 12:15:53'),
	(29,46,NULL,'2020-01-06 12:15:31','2020-01-06 12:16:14','2020-01-06 12:16:14'),
	(30,45,NULL,'2020-01-06 12:15:53','2020-01-06 12:16:04','2020-01-06 12:16:04'),
	(31,45,NULL,'2020-01-06 12:16:04','2020-01-06 14:27:37','2020-01-06 14:27:37'),
	(32,46,NULL,'2020-01-06 12:16:14','2020-01-06 14:27:50','2020-01-06 14:27:50'),
	(33,48,NULL,'2020-01-06 12:17:46','2020-01-06 14:28:26','2020-01-06 14:28:26'),
	(34,50,NULL,'2020-01-06 12:18:39','2020-01-06 14:28:50','2020-01-06 14:28:50'),
	(35,51,NULL,'2020-01-06 12:59:05','2020-01-06 12:59:05',NULL),
	(36,54,NULL,'2020-01-06 12:59:05','2020-01-06 12:59:05',NULL),
	(37,56,NULL,'2020-01-06 12:59:05','2020-01-08 16:21:13','2020-01-08 16:21:13'),
	(38,58,NULL,'2020-01-06 12:59:05','2020-01-08 16:21:37','2020-01-08 16:21:37'),
	(39,45,NULL,'2020-01-06 14:27:37','2020-01-06 14:27:37',NULL),
	(40,46,NULL,'2020-01-06 14:27:50','2020-01-06 14:27:50',NULL),
	(41,48,NULL,'2020-01-06 14:28:26','2020-01-08 16:06:40','2020-01-08 16:06:40'),
	(42,50,NULL,'2020-01-06 14:28:50','2020-01-08 16:07:22','2020-01-08 16:07:22'),
	(43,59,NULL,'2020-01-06 14:29:03','2020-01-06 14:29:03',NULL),
	(44,62,NULL,'2020-01-06 14:29:03','2020-01-06 14:29:03',NULL),
	(45,64,NULL,'2020-01-06 14:29:03','2020-01-08 16:20:12','2020-01-08 16:20:12'),
	(46,66,NULL,'2020-01-06 14:29:03','2020-01-08 16:20:37','2020-01-08 16:20:37'),
	(47,67,NULL,'2020-01-06 14:29:58','2020-01-06 14:29:58',NULL),
	(48,70,NULL,'2020-01-06 14:29:58','2020-01-06 14:29:58',NULL),
	(49,72,NULL,'2020-01-06 14:29:58','2020-01-08 16:17:35','2020-01-08 16:17:35'),
	(50,74,NULL,'2020-01-06 14:29:58','2020-01-08 16:18:03','2020-01-08 16:18:03'),
	(51,75,NULL,'2020-01-06 14:30:13','2020-01-06 14:30:13',NULL),
	(52,78,NULL,'2020-01-06 14:30:13','2020-01-06 14:30:13',NULL),
	(53,80,NULL,'2020-01-06 14:30:13','2020-01-08 16:16:26','2020-01-08 16:16:26'),
	(54,82,NULL,'2020-01-06 14:30:13','2020-01-08 16:17:00','2020-01-08 16:17:00'),
	(55,83,NULL,'2020-01-07 10:37:02','2020-01-07 10:37:02',NULL),
	(56,86,NULL,'2020-01-07 10:37:02','2020-01-07 10:37:02',NULL),
	(57,88,NULL,'2020-01-07 10:37:02','2020-01-08 16:15:19','2020-01-08 16:15:19'),
	(58,90,NULL,'2020-01-07 10:37:02','2020-01-08 16:15:45','2020-01-08 16:15:45'),
	(59,91,NULL,'2020-01-07 10:37:39','2020-01-07 10:37:39',NULL),
	(60,94,NULL,'2020-01-07 10:37:39','2020-01-07 10:37:39',NULL),
	(61,96,NULL,'2020-01-07 10:37:39','2020-01-08 16:14:25','2020-01-08 16:14:25'),
	(62,98,NULL,'2020-01-07 10:37:39','2020-01-08 16:14:49','2020-01-08 16:14:49'),
	(63,99,NULL,'2020-01-07 10:38:01','2020-01-07 10:38:01',NULL),
	(64,102,NULL,'2020-01-07 10:38:02','2020-01-07 10:38:02',NULL),
	(65,104,NULL,'2020-01-07 10:38:02','2020-01-08 16:13:12','2020-01-08 16:13:12'),
	(66,106,NULL,'2020-01-07 10:38:02','2020-01-08 16:13:46','2020-01-08 16:13:46'),
	(67,107,NULL,'2020-01-07 10:39:36','2020-01-07 10:40:26','2020-01-07 10:40:26'),
	(68,110,NULL,'2020-01-07 10:39:36','2020-01-07 10:42:18','2020-01-07 10:42:18'),
	(69,112,NULL,'2020-01-07 10:39:36','2020-01-07 10:46:14','2020-01-07 10:46:14'),
	(70,114,NULL,'2020-01-07 10:39:36','2020-01-07 10:47:30','2020-01-07 10:47:30'),
	(71,107,NULL,'2020-01-07 10:40:26','2020-01-07 10:40:58','2020-01-07 10:40:58'),
	(72,107,NULL,'2020-01-07 10:40:58','2020-01-07 10:41:23','2020-01-07 10:41:23'),
	(73,107,NULL,'2020-01-07 10:41:23','2020-01-07 10:44:08','2020-01-07 10:44:08'),
	(74,110,NULL,'2020-01-07 10:42:18','2020-01-08 16:12:12','2020-01-08 16:12:12'),
	(75,107,NULL,'2020-01-07 10:44:08','2020-01-08 16:12:25','2020-01-08 16:12:25'),
	(76,112,NULL,'2020-01-07 10:46:14','2020-01-08 16:11:17','2020-01-08 16:11:17'),
	(77,114,NULL,'2020-01-07 10:47:30','2020-01-08 21:42:26','2020-01-08 21:42:26'),
	(78,115,NULL,'2020-01-07 10:49:29','2020-01-07 10:49:29',NULL),
	(79,118,NULL,'2020-01-07 10:49:29','2020-01-07 10:49:29',NULL),
	(80,120,NULL,'2020-01-07 10:49:29','2020-01-08 16:04:48','2020-01-08 16:04:48'),
	(81,122,NULL,'2020-01-07 10:49:29','2020-01-08 16:04:33','2020-01-08 16:04:33'),
	(82,123,NULL,'2020-01-07 10:50:21','2020-01-07 10:51:10','2020-01-07 10:51:10'),
	(83,126,NULL,'2020-01-07 10:50:21','2020-01-07 10:51:31','2020-01-07 10:51:31'),
	(84,128,NULL,'2020-01-07 10:50:21','2020-01-07 10:51:50','2020-01-07 10:51:50'),
	(85,130,NULL,'2020-01-07 10:50:21','2020-01-07 10:52:24','2020-01-07 10:52:24'),
	(86,123,NULL,'2020-01-07 10:51:10','2020-01-07 10:51:10',NULL),
	(87,126,NULL,'2020-01-07 10:51:31','2020-01-07 10:51:31',NULL),
	(88,128,NULL,'2020-01-07 10:51:50','2020-01-08 13:38:26','2020-01-08 13:38:26'),
	(89,130,NULL,'2020-01-07 10:52:24','2020-01-08 13:39:15','2020-01-08 13:39:15'),
	(90,131,NULL,'2020-01-07 11:03:23','2020-01-08 21:33:55','2020-01-08 21:33:55'),
	(91,133,NULL,'2020-01-07 11:03:23','2020-01-08 21:32:38','2020-01-08 21:32:38'),
	(92,135,NULL,'2020-01-07 11:03:23','2020-01-07 11:03:23',NULL),
	(93,138,NULL,'2020-01-07 11:03:23','2020-01-07 11:03:23',NULL),
	(94,139,NULL,'2020-01-07 17:23:59','2020-01-07 17:26:10','2020-01-07 17:26:10'),
	(95,141,NULL,'2020-01-07 17:23:59','2020-01-07 17:25:47','2020-01-07 17:25:47'),
	(96,143,NULL,'2020-01-07 17:23:59','2020-01-07 17:24:40','2020-01-07 17:24:40'),
	(97,146,NULL,'2020-01-07 17:23:59','2020-01-07 17:24:58','2020-01-07 17:24:58'),
	(98,143,NULL,'2020-01-07 17:24:40','2020-01-07 17:24:40',NULL),
	(99,146,NULL,'2020-01-07 17:24:58','2020-01-07 17:25:24','2020-01-07 17:25:24'),
	(100,146,NULL,'2020-01-07 17:25:24','2020-01-07 17:25:24',NULL),
	(101,141,NULL,'2020-01-07 17:25:47','2020-01-08 16:19:24','2020-01-08 16:19:24'),
	(102,139,NULL,'2020-01-07 17:26:10','2020-01-08 16:19:15','2020-01-08 16:19:15'),
	(103,147,NULL,'2020-01-08 10:40:21','2020-01-08 10:45:29','2020-01-08 10:45:29'),
	(104,149,NULL,'2020-01-08 10:40:21','2020-01-08 10:45:11','2020-01-08 10:45:11'),
	(105,151,NULL,'2020-01-08 10:40:21','2020-01-08 10:40:56','2020-01-08 10:40:56'),
	(106,154,NULL,'2020-01-08 10:40:21','2020-01-08 10:41:51','2020-01-08 10:41:51'),
	(107,151,NULL,'2020-01-08 10:40:56','2020-01-08 10:41:14','2020-01-08 10:41:14'),
	(108,151,NULL,'2020-01-08 10:41:14','2020-01-08 10:41:14',NULL),
	(109,154,NULL,'2020-01-08 10:41:51','2020-01-08 10:41:51',NULL),
	(110,149,NULL,'2020-01-08 10:45:11','2020-01-08 10:45:11',NULL),
	(111,147,NULL,'2020-01-08 10:45:29','2020-01-08 13:30:22','2020-01-08 13:30:22'),
	(112,155,NULL,'2020-01-08 13:09:00','2020-01-08 13:09:00',NULL),
	(113,147,NULL,'2020-01-08 13:30:22','2020-01-08 13:30:22',NULL),
	(114,128,NULL,'2020-01-08 13:38:26','2020-01-08 13:38:26',NULL),
	(115,130,NULL,'2020-01-08 13:39:15','2020-01-08 21:47:32','2020-01-08 21:47:32'),
	(116,122,NULL,'2020-01-08 16:04:33','2020-01-08 16:04:33',NULL),
	(117,120,NULL,'2020-01-08 16:04:48','2020-01-08 16:08:19','2020-01-08 16:08:19'),
	(118,48,NULL,'2020-01-08 16:06:40','2020-01-08 16:06:40',NULL),
	(119,50,NULL,'2020-01-08 16:07:22','2020-01-08 16:07:22',NULL),
	(120,120,NULL,'2020-01-08 16:08:19','2020-01-08 16:08:19',NULL),
	(121,112,NULL,'2020-01-08 16:11:17','2020-01-08 16:11:17',NULL),
	(122,110,NULL,'2020-01-08 16:12:12','2020-01-08 16:12:16','2020-01-08 16:12:16'),
	(123,110,NULL,'2020-01-08 16:12:16','2020-01-08 16:12:16',NULL),
	(124,107,NULL,'2020-01-08 16:12:25','2020-01-08 16:12:25',NULL),
	(125,104,NULL,'2020-01-08 16:13:12','2020-01-08 16:13:12',NULL),
	(126,106,NULL,'2020-01-08 16:13:46','2020-01-08 16:13:46',NULL),
	(127,96,NULL,'2020-01-08 16:14:25','2020-01-09 08:53:31','2020-01-09 08:53:31'),
	(128,98,NULL,'2020-01-08 16:14:49','2020-01-09 09:00:49','2020-01-09 09:00:49'),
	(129,88,NULL,'2020-01-08 16:15:19','2020-01-08 16:15:19',NULL),
	(130,90,NULL,'2020-01-08 16:15:45','2020-01-08 16:15:45',NULL),
	(131,80,NULL,'2020-01-08 16:16:26','2020-01-08 16:16:26',NULL),
	(132,82,NULL,'2020-01-08 16:17:00','2020-01-08 16:17:00',NULL),
	(133,72,NULL,'2020-01-08 16:17:35','2020-01-08 16:17:35',NULL),
	(134,74,NULL,'2020-01-08 16:18:03','2020-01-08 16:18:03',NULL),
	(135,139,NULL,'2020-01-08 16:19:15','2020-01-08 16:19:15',NULL),
	(136,141,NULL,'2020-01-08 16:19:24','2020-01-08 16:19:24',NULL),
	(137,64,NULL,'2020-01-08 16:20:12','2020-01-08 16:20:12',NULL),
	(138,66,NULL,'2020-01-08 16:20:37','2020-01-08 16:20:37',NULL),
	(139,56,NULL,'2020-01-08 16:21:13','2020-01-08 16:21:13',NULL),
	(140,58,NULL,'2020-01-08 16:21:37','2020-01-08 16:21:37',NULL),
	(141,133,NULL,'2020-01-08 21:32:38','2020-01-08 21:32:38',NULL),
	(142,131,NULL,'2020-01-08 21:33:55','2020-01-08 21:35:22','2020-01-08 21:35:22'),
	(143,131,NULL,'2020-01-08 21:35:22','2020-01-08 21:35:25','2020-01-08 21:35:25'),
	(144,131,NULL,'2020-01-08 21:35:25','2020-01-08 21:35:54','2020-01-08 21:35:54'),
	(145,131,NULL,'2020-01-08 21:35:54','2020-01-08 21:35:54',NULL),
	(146,114,NULL,'2020-01-08 21:42:26','2020-01-08 21:42:40','2020-01-08 21:42:40'),
	(147,114,NULL,'2020-01-08 21:42:40','2020-01-08 21:42:40',NULL),
	(148,130,NULL,'2020-01-08 21:47:32','2020-01-08 21:47:32',NULL),
	(149,156,NULL,'2020-01-08 21:54:06','2020-01-08 21:54:06',NULL),
	(150,157,NULL,'2020-01-08 21:56:04','2020-01-08 21:56:04',NULL),
	(151,158,NULL,'2020-01-08 22:00:38','2020-01-08 22:00:38',NULL),
	(152,159,NULL,'2020-01-08 22:01:48','2020-01-08 22:02:01','2020-01-08 22:02:01'),
	(153,159,NULL,'2020-01-08 22:02:01','2020-01-08 22:02:53','2020-01-08 22:02:53'),
	(154,159,NULL,'2020-01-08 22:02:53','2020-01-08 22:02:53',NULL),
	(155,96,NULL,'2020-01-09 08:53:31','2020-01-09 08:53:31',NULL),
	(156,98,NULL,'2020-01-09 09:00:49','2020-01-09 09:01:46','2020-01-09 09:01:46'),
	(157,98,NULL,'2020-01-09 09:01:46','2020-01-09 09:01:46',NULL),
	(158,160,NULL,'2020-01-09 14:53:53','2020-01-09 14:53:53',NULL),
	(159,161,NULL,'2020-01-09 14:57:56','2020-01-09 14:57:56',NULL);
;-- -. . -..- - / . -. - .-. -.--
/*!40000 ALTER TABLE `commission_rule_intermediaries` ENABLE KEYS */;
;-- -. . -..- - / . -. - .-. -.--
DROP TABLE IF EXISTS `commission_rules`;
;-- -. . -..- - / . -. - .-. -.--
CREATE TABLE `commission_rules` (
  `id` bigint(20) unsigned NOT NULL AUTO_INCREMENT,
  `consultant_id` bigint(20) unsigned NOT NULL,
  `name` varchar(191) COLLATE utf8mb4_unicode_ci NOT NULL,
  `type` varchar(191) COLLATE utf8mb4_unicode_ci NOT NULL,
  `percentage` double(8,4) NOT NULL DEFAULT '0.0000',
  `created_at` timestamp NULL DEFAULT NULL,
  `updated_at` timestamp NULL DEFAULT NULL,
  `deleted_at` timestamp NULL DEFAULT NULL,
  PRIMARY KEY (`id`),
  KEY `commission_rules_consultant_id_foreign` (`consultant_id`),
  CONSTRAINT `commission_rules_consultant_id_foreign` FOREIGN KEY (`consultant_id`) REFERENCES `consultants` (`id`) ON DELETE CASCADE
) ENGINE=InnoDB DEFAULT CHARSET=utf8mb4 COLLATE=utf8mb4_unicode_ci;
;-- -. . -..- - / . -. - .-. -.--
LOCK TABLES `commission_rules` WRITE;
;-- -. . -..- - / . -. - .-. -.--
/*!40000 ALTER TABLE `commission_rules` DISABLE KEYS */;
;-- -. . -..- - / . -. - .-. -.--
INSERT INTO `commission_rules` (`id`, `consultant_id`, `name`, `type`, `percentage`, `created_at`, `updated_at`, `deleted_at`)
VALUES
	(1,1,'Vermittlungsprovision','intermediation',0.1200,'2019-11-20 10:56:03','2020-01-07 10:38:13','2020-01-07 10:38:13'),
	(2,9,'test','consultation',0.0100,'2020-01-02 09:43:52','2020-01-02 09:44:02','2020-01-02 09:44:02'),
	(27,9,'Gemeinsam mit einem Berater + Tippgeber','consultation',0.0600,'2020-01-06 12:01:49','2020-01-06 12:58:39','2020-01-06 12:58:39'),
	(28,9,'Gemeinsam mit einem weiteren Berater','consultation',0.0600,'2020-01-06 12:01:49','2020-01-06 12:58:40','2020-01-06 12:58:40'),
	(29,9,'Gemeinsam mit zwei weiteren Beratern','consultation',0.0400,'2020-01-06 12:01:49','2020-01-06 12:58:45','2020-01-06 12:58:45'),
	(30,9,'Gemeinsam mit zwei Berater + Tippgeber','consultation',0.0400,'2020-01-06 12:01:49','2020-01-06 12:58:42','2020-01-06 12:58:42'),
	(31,9,'Projektierungen mit Stefer und Müller','project_planning',0.1100,'2020-01-06 12:01:49','2020-01-06 12:58:47','2020-01-06 12:58:47'),
	(32,9,'Projektierungen mit Stefer und Müller + Tippgeber','project_planning',0.1100,'2020-01-06 12:01:49','2020-01-06 12:58:49','2020-01-06 12:58:49'),
	(33,9,'Vermittlung MFH mit Stefer und Müller','intermediation',0.0500,'2020-01-06 12:01:49','2020-01-06 12:58:50','2020-01-06 12:58:50'),
	(34,9,'Vermittlung MFH mit Stefer und Müller + Tippgeber','intermediation',0.0500,'2020-01-06 12:01:49','2020-01-06 12:58:53','2020-01-06 12:58:53'),
	(35,2,'Gemeinsam mit einem Berater + Tippgeber','consultation',0.0600,'2020-01-06 12:04:54','2020-01-06 13:06:51','2020-01-06 13:06:51'),
	(36,2,'Gemeinsam mit einem weiteren Berater','consultation',0.0600,'2020-01-06 12:04:54','2020-01-06 13:06:53','2020-01-06 13:06:53'),
	(37,2,'Gemeinsam mit zwei weiteren Beratern','consultation',0.0400,'2020-01-06 12:04:54','2020-01-06 13:06:56','2020-01-06 13:06:56'),
	(38,2,'Gemeinsam mit zwei Berater + Tippgeber','consultation',0.0400,'2020-01-06 12:04:54','2020-01-06 13:06:54','2020-01-06 13:06:54'),
	(39,2,'Projektierungen mit Stefer und Müller','project_planning',0.1100,'2020-01-06 12:04:54','2020-01-06 13:06:58','2020-01-06 13:06:58'),
	(40,2,'Projektierungen mit Stefer und Müller + Tippgeber','project_planning',0.1100,'2020-01-06 12:04:54','2020-01-06 13:07:00','2020-01-06 13:07:00'),
	(41,2,'Vermittlung MFH mit Stefer und Müller','intermediation',0.0500,'2020-01-06 12:04:54','2020-01-06 13:07:02','2020-01-06 13:07:02'),
	(42,2,'Vermittlung MFH mit Stefer und Müller + Tippgeber','intermediation',0.0500,'2020-01-06 12:04:55','2020-01-06 13:07:04','2020-01-06 13:07:04'),
	(43,13,'Gemeinsam mit einem weiteren Berater','consultation',0.0500,'2020-01-06 12:13:16','2020-01-06 12:13:16',NULL),
	(44,13,'Gemeinsam mit zwei weiteren Beratern','consultation',0.0333,'2020-01-06 12:14:13','2020-01-06 14:28:15',NULL),
	(45,13,'Gemeinsam mit einem Berater + Tippgeber','consultation',0.0250,'2020-01-06 12:15:04','2020-01-06 14:27:37',NULL),
	(46,13,'Gemeinsam mit zwei Beratern + Tippgeber','consultation',0.0166,'2020-01-06 12:15:31','2020-01-06 14:27:50',NULL),
	(47,13,'Projektierungen mit Müller','project_planning',0.0900,'2020-01-06 12:17:03','2020-01-08 16:07:00',NULL),
	(48,13,'Projektierung mit Müller + Tippgeber','project_planning',0.0650,'2020-01-06 12:17:46','2020-01-08 16:06:40',NULL),
	(49,13,'Vermittlung MFH mit Stefer und Peveling','intermediation',0.0400,'2020-01-06 12:18:14','2020-01-06 12:18:14',NULL),
	(50,13,'Vermittlung MFH mit Stefer und Peveling + Tippgeber','intermediation',0.0150,'2020-01-06 12:18:39','2020-01-06 14:28:50',NULL),
	(51,9,'Gemeinsam mit einem Berater + Tippgeber','consultation',0.0600,'2020-01-06 12:59:05','2020-01-06 12:59:05',NULL),
	(52,9,'Gemeinsam mit einem weiteren Berater','consultation',0.0600,'2020-01-06 12:59:05','2020-01-06 12:59:05',NULL),
	(53,9,'Gemeinsam mit zwei weiteren Beratern','consultation',0.0400,'2020-01-06 12:59:05','2020-01-06 12:59:05',NULL),
	(54,9,'Gemeinsam mit zwei Berater + Tippgeber','consultation',0.0400,'2020-01-06 12:59:05','2020-01-06 12:59:05',NULL),
	(55,9,'Projektierungen mit Müller','project_planning',0.1080,'2020-01-06 12:59:05','2020-01-08 16:21:05',NULL),
	(56,9,'Projektierungen mit Müller + Tippgeber','project_planning',0.1080,'2020-01-06 12:59:05','2020-01-08 16:21:13',NULL),
	(57,9,'Vermittlung MFH mit Stefer und Peveling','intermediation',0.0480,'2020-01-06 12:59:05','2020-01-08 16:21:24',NULL),
	(58,9,'Vermittlung MFH mit Stefer und Peveling + Tippgeber','intermediation',0.0480,'2020-01-06 12:59:05','2020-01-08 16:21:37',NULL),
	(59,2,'Gemeinsam mit einem Berater + Tippgeber','consultation',0.0600,'2020-01-06 14:29:03','2020-01-06 14:29:03',NULL),
	(60,2,'Gemeinsam mit einem weiteren Berater','consultation',0.0600,'2020-01-06 14:29:03','2020-01-06 14:29:03',NULL),
	(61,2,'Gemeinsam mit zwei weiteren Beratern','consultation',0.0400,'2020-01-06 14:29:03','2020-01-06 14:29:03',NULL),
	(62,2,'Gemeinsam mit zwei Berater + Tippgeber','consultation',0.0400,'2020-01-06 14:29:03','2020-01-06 14:29:03',NULL),
	(63,2,'Projektierungen mit Müller','project_planning',0.1080,'2020-01-06 14:29:03','2020-01-08 16:20:03',NULL),
	(64,2,'Projektierungen mit Müller + Tippgeber','project_planning',0.1080,'2020-01-06 14:29:03','2020-01-08 16:20:12',NULL),
	(65,2,'Vermittlung MFH mit Stefer und Peveling','intermediation',0.0480,'2020-01-06 14:29:03','2020-01-08 16:20:24',NULL),
	(66,2,'Vermittlung MFH mit Stefer und Peveling + Tippgeber','intermediation',0.0480,'2020-01-06 14:29:03','2020-01-08 16:20:37',NULL),
	(67,3,'Gemeinsam mit einem Berater + Tippgeber','consultation',0.0600,'2020-01-06 14:29:58','2020-01-06 14:29:58',NULL),
	(68,3,'Gemeinsam mit einem weiteren Berater','consultation',0.0600,'2020-01-06 14:29:58','2020-01-06 14:29:58',NULL),
	(69,3,'Gemeinsam mit zwei weiteren Beratern','consultation',0.0400,'2020-01-06 14:29:58','2020-01-06 14:29:58',NULL),
	(70,3,'Gemeinsam mit zwei Berater + Tippgeber','consultation',0.0400,'2020-01-06 14:29:58','2020-01-06 14:29:58',NULL),
	(71,3,'Projektierungen mit Müller','project_planning',0.1080,'2020-01-06 14:29:58','2020-01-08 16:17:22',NULL),
	(72,3,'Projektierungen mit Müller + Tippgeber','project_planning',0.1080,'2020-01-06 14:29:58','2020-01-08 16:17:35',NULL),
	(73,3,'Vermittlung MFH mit Stefer und Peveling','intermediation',0.0480,'2020-01-06 14:29:58','2020-01-08 16:17:50',NULL),
	(74,3,'Vermittlung MFH mit Stefer und Peveling + Tippgeber','intermediation',0.0480,'2020-01-06 14:29:58','2020-01-08 16:18:03',NULL),
	(75,7,'Gemeinsam mit einem Berater + Tippgeber','consultation',0.0600,'2020-01-06 14:30:13','2020-01-06 14:30:13',NULL),
	(76,7,'Gemeinsam mit einem weiteren Berater','consultation',0.0600,'2020-01-06 14:30:13','2020-01-06 14:30:13',NULL),
	(77,7,'Gemeinsam mit zwei weiteren Beratern','consultation',0.0400,'2020-01-06 14:30:13','2020-01-06 14:30:13',NULL),
	(78,7,'Gemeinsam mit zwei Berater + Tippgeber','consultation',0.0400,'2020-01-06 14:30:13','2020-01-06 14:30:13',NULL),
	(79,7,'Projektierungen mit Müller','project_planning',0.1080,'2020-01-06 14:30:13','2020-01-08 16:16:15',NULL),
	(80,7,'Projektierungen mit Müller + Tippgeber','project_planning',0.1080,'2020-01-06 14:30:13','2020-01-08 16:16:26',NULL),
	(81,7,'Vermittlung MFH mit Stefer und Peveling','intermediation',0.0480,'2020-01-06 14:30:13','2020-01-08 16:16:46',NULL),
	(82,7,'Vermittlung MFH mit Stefer und Peveling + Tippgeber','intermediation',0.0480,'2020-01-06 14:30:13','2020-01-08 16:17:00',NULL),
	(83,5,'Gemeinsam mit einem Berater + Tippgeber','consultation',0.0600,'2020-01-07 10:37:02','2020-01-07 10:37:02',NULL),
	(84,5,'Gemeinsam mit einem weiteren Berater','consultation',0.0600,'2020-01-07 10:37:02','2020-01-07 10:37:02',NULL),
	(85,5,'Gemeinsam mit zwei weiteren Beratern','consultation',0.0400,'2020-01-07 10:37:02','2020-01-07 10:37:02',NULL),
	(86,5,'Gemeinsam mit zwei Berater + Tippgeber','consultation',0.0400,'2020-01-07 10:37:02','2020-01-07 10:37:02',NULL),
	(87,5,'Projektierungen mit Müller','project_planning',0.1080,'2020-01-07 10:37:02','2020-01-08 16:15:10',NULL),
	(88,5,'Projektierungen mit Müller + Tippgeber','project_planning',0.1080,'2020-01-07 10:37:02','2020-01-08 16:15:19',NULL),
	(89,5,'Vermittlung MFH mit Stefer und Peveling','intermediation',0.0480,'2020-01-07 10:37:02','2020-01-08 16:15:30',NULL),
	(90,5,'Vermittlung MFH mit Stefer und Peveling + Tippgeber','intermediation',0.0480,'2020-01-07 10:37:02','2020-01-08 16:15:45',NULL),
	(91,4,'Gemeinsam mit einem Berater + Tippgeber','consultation',0.0600,'2020-01-07 10:37:39','2020-01-07 10:37:39',NULL),
	(92,4,'Gemeinsam mit einem weiteren Berater','consultation',0.0600,'2020-01-07 10:37:39','2020-01-07 10:37:39',NULL),
	(93,4,'Gemeinsam mit zwei weiteren Beratern','consultation',0.0400,'2020-01-07 10:37:39','2020-01-07 10:37:39',NULL),
	(94,4,'Gemeinsam mit zwei Berater + Tippgeber','consultation',0.0400,'2020-01-07 10:37:39','2020-01-07 10:37:39',NULL),
	(95,4,'Projektierungen mit Müller','project_planning',0.1080,'2020-01-07 10:37:39','2020-01-08 16:14:14',NULL),
	(96,4,'Projektierungen mit Müller + weiteren Berater + Tippgeber','project_planning',0.1080,'2020-01-07 10:37:39','2020-01-09 08:53:31',NULL),
	(97,4,'Vermittlung MFH mit Stefer und Peveling','intermediation',0.0480,'2020-01-07 10:37:39','2020-01-08 16:14:36',NULL),
	(98,4,'Vermittlung MFH mit Stefer und Peveling + Tippgeber','intermediation',0.0480,'2020-01-07 10:37:39','2020-01-08 16:14:49',NULL),
	(99,1,'Gemeinsam mit einem Berater + Tippgeber','consultation',0.0600,'2020-01-07 10:38:01','2020-01-07 10:38:01',NULL),
	(100,1,'Gemeinsam mit einem weiteren Berater','consultation',0.0600,'2020-01-07 10:38:01','2020-01-07 10:38:01',NULL),
	(101,1,'Gemeinsam mit zwei weiteren Beratern','consultation',0.0400,'2020-01-07 10:38:01','2020-01-07 10:38:01',NULL),
	(102,1,'Gemeinsam mit zwei Berater + Tippgeber','consultation',0.0400,'2020-01-07 10:38:02','2020-01-07 10:38:02',NULL),
	(103,1,'Projektierungen mit Müller','project_planning',0.1080,'2020-01-07 10:38:02','2020-01-08 16:13:00',NULL),
	(104,1,'Projektierungen mit Müller + Tippgeber','project_planning',0.1080,'2020-01-07 10:38:02','2020-01-08 16:13:12',NULL),
	(105,1,'Vermittlung MFH mit Stefer und Peveling','intermediation',0.0480,'2020-01-07 10:38:02','2020-01-08 16:13:28',NULL),
	(106,1,'Vermittlung MFH mit Stefer und Peveling + Tippgeber','intermediation',0.0480,'2020-01-07 10:38:02','2020-01-08 16:13:46',NULL),
	(107,11,'Gemeinsam mit Julian Peveling + Tippgeber','consultation',0.0800,'2020-01-07 10:39:36','2020-01-07 10:44:08',NULL),
	(108,11,'Gemeinsam mit Julian Peveling','consultation',0.0800,'2020-01-07 10:39:36','2020-01-07 10:41:10',NULL),
	(109,11,'Gemeinsam mit Julian Peveling + ein weiterer Berater','consultation',0.0400,'2020-01-07 10:39:36','2020-01-07 10:43:50',NULL),
	(110,11,'Gemeinsam mit Julian Peveling + weiterer Berater + Tippgeber','consultation',0.0400,'2020-01-07 10:39:36','2020-01-07 10:42:18',NULL),
	(111,11,'Projektierungen mit Müller + weiteren Berater','project_planning',0.0480,'2020-01-07 10:39:36','2020-01-07 10:45:25',NULL),
	(112,11,'Projektierungen mit Müller + Tippgeber','project_planning',0.0480,'2020-01-07 10:39:36','2020-01-08 16:11:17',NULL),
	(113,11,'Vermittlung MFH mit Peveling + weiteren Berater','intermediation',0.0480,'2020-01-07 10:39:36','2020-01-08 21:43:03',NULL),
	(114,11,'Vermittlung MFH mit Peveling + weiteren Berater + Tippgeber','intermediation',0.0480,'2020-01-07 10:39:36','2020-01-07 10:47:30',NULL),
	(115,8,'Gemeinsam mit einem Berater + Tippgeber','consultation',0.0600,'2020-01-07 10:49:29','2020-01-07 10:49:29',NULL),
	(116,8,'Gemeinsam mit einem weiteren Berater','consultation',0.0600,'2020-01-07 10:49:29','2020-01-07 10:49:29',NULL),
	(117,8,'Gemeinsam mit zwei weiteren Beratern','consultation',0.0400,'2020-01-07 10:49:29','2020-01-07 10:49:29',NULL),
	(118,8,'Gemeinsam mit zwei Berater + Tippgeber','consultation',0.0400,'2020-01-07 10:49:29','2020-01-07 10:49:29',NULL),
	(119,8,'Projektierungen mit Müller','project_planning',0.1080,'2020-01-07 10:49:29','2020-01-08 16:05:08',NULL),
	(120,8,'Projektierungen mit Müller + Tippgeber','project_planning',0.1080,'2020-01-07 10:49:29','2020-01-08 16:08:19',NULL),
	(121,8,'Vermittlung MFH mit Stefer und Peveling','intermediation',0.0480,'2020-01-07 10:49:29','2020-01-08 16:04:16',NULL),
	(122,8,'Vermittlung MFH mit Stefer und Peveling + Tippgeber','intermediation',0.0480,'2020-01-07 10:49:29','2020-01-08 16:04:33',NULL),
	(123,6,'Gemeinsam mit einem Berater + Tippgeber','consultation',0.0500,'2020-01-07 10:50:20','2020-01-07 10:51:10',NULL),
	(124,6,'Gemeinsam mit einem weiteren Berater','consultation',0.0750,'2020-01-07 10:50:21','2020-01-07 10:50:33',NULL),
	(125,6,'Gemeinsam mit zwei weiteren Beratern','consultation',0.0500,'2020-01-07 10:50:21','2020-01-07 10:50:51',NULL),
	(126,6,'Gemeinsam mit zwei Berater + Tippgeber','consultation',0.0333,'2020-01-07 10:50:21','2020-01-07 10:51:31',NULL),
	(127,6,'Projektierungen mit Müller','project_planning',0.1350,'2020-01-07 10:50:21','2020-01-07 10:52:33',NULL),
	(128,6,'Projektierungen mit Müller + Tippgeber','project_planning',0.1100,'2020-01-07 10:50:21','2020-01-08 13:38:26',NULL),
	(129,6,'Vermittlung MFH mit Stefer und Peveling','intermediation',0.0600,'2020-01-07 10:50:21','2020-01-07 10:52:06',NULL),
	(130,6,'Vermittlung MFH mit Stefer und Peveling + Tippgeber','intermediation',0.0400,'2020-01-07 10:50:21','2020-01-07 10:52:24',NULL),
	(131,15,'Vermittlung MFH mit Stefer + Tippgeber','intermediation',0.0480,'2020-01-07 11:03:23','2020-01-08 21:35:54',NULL),
	(132,15,'Vermittlung MFH mit Stefer','intermediation',0.0480,'2020-01-07 11:03:23','2020-01-08 21:35:40',NULL),
	(133,15,'Projektierungen mit Müller und Stefer + Tippgeber','project_planning',0.1080,'2020-01-07 11:03:23','2020-01-08 21:32:38',NULL),
	(134,15,'Projektierungen mit Müller und Stefer','project_planning',0.1080,'2020-01-07 11:03:23','2020-01-08 21:32:06',NULL),
	(135,15,'Gemeinsam mit einem Berater + Tippgeber','consultation',0.0600,'2020-01-07 11:03:23','2020-01-07 11:03:23',NULL),
	(136,15,'Gemeinsam mit einem weiteren Berater','consultation',0.0600,'2020-01-07 11:03:23','2020-01-07 11:03:23',NULL),
	(137,15,'Gemeinsam mit zwei weiteren Beratern','consultation',0.0400,'2020-01-07 11:03:23','2020-01-07 11:03:23',NULL),
	(138,15,'Gemeinsam mit zwei Berater + Tippgeber','consultation',0.0400,'2020-01-07 11:03:23','2020-01-07 11:03:23',NULL),
	(139,16,'Vermittlung MFH mit Stefer und Peveling + Tippgeber','intermediation',0.0150,'2020-01-07 17:23:59','2020-01-07 17:26:10',NULL),
	(140,16,'Vermittlung MFH mit Stefer und Peveling','intermediation',0.0400,'2020-01-07 17:23:59','2020-01-07 17:25:59',NULL),
	(141,16,'Projektierungen mit Müller + Tippgeber','project_planning',0.0650,'2020-01-07 17:23:59','2020-01-07 17:25:47',NULL),
	(142,16,'Projektierungen mit Müller','project_planning',0.0900,'2020-01-07 17:23:59','2020-01-07 17:25:36',NULL),
	(143,16,'Gemeinsam mit einem Berater + Tippgeber','consultation',0.0250,'2020-01-07 17:23:59','2020-01-07 17:24:40',NULL),
	(144,16,'Gemeinsam mit einem weiteren Berater','consultation',0.0500,'2020-01-07 17:23:59','2020-01-07 17:24:23',NULL),
	(145,16,'Gemeinsam mit zwei weiteren Beratern','consultation',0.0333,'2020-01-07 17:23:59','2020-01-07 17:24:33',NULL),
	(146,16,'Gemeinsam mit zwei Berater + Tippgeber','consultation',0.0166,'2020-01-07 17:23:59','2020-01-07 17:25:24',NULL),
	(147,12,'Vermittlung MFH mit Stefer und Peveling + Tippgeber','intermediation',0.0360,'2020-01-08 10:40:21','2020-01-08 10:45:29',NULL),
	(148,12,'Vermittlung MFH mit Stefer und Peveling','intermediation',0.0360,'2020-01-08 10:40:21','2020-01-08 10:45:22',NULL),
	(149,12,'Projektierungen mit Berater + Tippgeber','project_planning',0.0360,'2020-01-08 10:40:21','2020-01-08 10:45:11',NULL),
	(150,12,'Projektierungen mir Berater','project_planning',0.0360,'2020-01-08 10:40:21','2020-01-08 21:48:05',NULL),
	(151,12,'Gemeinsam mit einem Berater + Tippgeber','consultation',0.0600,'2020-01-08 10:40:21','2020-01-08 10:41:14',NULL),
	(152,12,'Gemeinsam mit einem weiteren Berater','consultation',0.0600,'2020-01-08 10:40:21','2020-01-08 10:40:21',NULL),
	(153,12,'Gemeinsam mit zwei weiteren Beratern','consultation',0.0300,'2020-01-08 10:40:21','2020-01-08 10:41:40',NULL),
	(154,12,'Gemeinsam mit zwei Berater + Tippgeber','consultation',0.0300,'2020-01-08 10:40:21','2020-01-08 10:41:51',NULL),
	(155,6,'Gemeinsam mit einem Tippgeber','consultation',0.1000,'2020-01-08 13:09:00','2020-01-08 13:09:00',NULL),
	(156,11,'Vermittlung MFH mit Müller + Berater + Tippgeber','intermediation',0.0480,'2020-01-08 21:54:06','2020-01-08 21:54:06',NULL),
	(157,12,'Vermittlung MFH mit Stefer + Berater + Tippgeber','intermediation',0.0360,'2020-01-08 21:56:04','2020-01-08 21:56:04',NULL),
	(158,11,'Projektierung mit Müller + Berater + Tippgeber','project_planning',0.0480,'2020-01-08 22:00:38','2020-01-08 22:00:38',NULL),
	(159,12,'Projektierungen mit Stefer + Berater + Tippgeber','project_planning',0.0360,'2020-01-08 22:01:48','2020-01-08 22:02:53',NULL),
	(160,13,'Gemeinsam mit einem Tippgeber','consultation',0.0500,'2020-01-09 14:53:53','2020-01-09 14:53:53',NULL),
	(161,16,'Gemeinsam mit einem Tippgeber','consultation',0.0500,'2020-01-09 14:57:56','2020-01-09 14:57:56',NULL);
;-- -. . -..- - / . -. - .-. -.--
/*!40000 ALTER TABLE `commission_rules` ENABLE KEYS */;
;-- -. . -..- - / . -. - .-. -.--
DROP TABLE IF EXISTS `commissions`;
;-- -. . -..- - / . -. - .-. -.--
CREATE TABLE `commissions` (
  `id` bigint(20) unsigned NOT NULL AUTO_INCREMENT,
  `real_estate_id` bigint(20) unsigned NOT NULL,
  `commission_recipient_id` bigint(20) unsigned NOT NULL,
  `user_id` bigint(20) unsigned DEFAULT NULL,
  `commission_date` date DEFAULT NULL,
  `number` varchar(191) COLLATE utf8mb4_unicode_ci DEFAULT NULL,
  `percent` double(6,4) NOT NULL DEFAULT '0.0000',
  `amount_net` double(8,2) NOT NULL DEFAULT '0.00',
  `created_at` timestamp NULL DEFAULT NULL,
  `updated_at` timestamp NULL DEFAULT NULL,
  `deleted_at` timestamp NULL DEFAULT NULL,
  PRIMARY KEY (`id`),
  KEY `commissions_real_estate_id_foreign` (`real_estate_id`),
  KEY `commissions_commission_recipient_id_foreign` (`commission_recipient_id`),
  KEY `commissions_user_id_foreign` (`user_id`),
  CONSTRAINT `commissions_commission_recipient_id_foreign` FOREIGN KEY (`commission_recipient_id`) REFERENCES `commission_recipients` (`id`) ON DELETE CASCADE,
  CONSTRAINT `commissions_real_estate_id_foreign` FOREIGN KEY (`real_estate_id`) REFERENCES `real_estates` (`id`) ON DELETE CASCADE,
  CONSTRAINT `commissions_user_id_foreign` FOREIGN KEY (`user_id`) REFERENCES `users` (`id`) ON DELETE CASCADE
) ENGINE=InnoDB DEFAULT CHARSET=utf8mb4 COLLATE=utf8mb4_unicode_ci;
;-- -. . -..- - / . -. - .-. -.--
LOCK TABLES `commissions` WRITE;
;-- -. . -..- - / . -. - .-. -.--
/*!40000 ALTER TABLE `commissions` DISABLE KEYS */;
;-- -. . -..- - / . -. - .-. -.--
INSERT INTO `commissions` (`id`, `real_estate_id`, `commission_recipient_id`, `user_id`, `commission_date`, `number`, `percent`, `amount_net`, `created_at`, `updated_at`, `deleted_at`)
VALUES
	(2,3,3,NULL,'2019-12-10','1912/001',0.1200,1244.21,'2019-12-10 12:57:53','2019-12-21 17:25:16',NULL),
	(3,3,6,NULL,'2019-12-10','1912/001',0.1200,1244.21,'2019-12-10 12:58:34','2019-12-21 17:25:16',NULL),
	(4,4,7,NULL,'2019-12-20','1912/002',0.1000,1192.50,'2019-12-20 16:31:44','2020-01-02 16:47:36','2020-01-02 16:47:36'),
	(5,7,13,NULL,'2019-12-27','1912/025',0.1200,2880.00,'2019-12-27 11:10:54','2020-01-28 11:51:50','2020-01-28 11:51:50'),
	(6,10,20,NULL,'2019-12-27','1912/026',0.1200,2185.41,'2019-12-27 11:43:37','2020-01-28 11:55:55','2020-01-28 11:55:55'),
	(7,6,12,NULL,'2019-12-30','1912/027',0.1200,2040.00,'2019-12-30 16:16:00','2020-01-09 14:34:16','2020-01-09 14:34:16'),
	(8,14,28,NULL,'2020-01-07','2001/001',0.1000,1318.32,'2020-01-07 17:33:47','2020-01-28 12:53:09','2020-01-28 12:53:09'),
	(9,17,37,NULL,'2019-12-12','1912/008',0.1200,250.59,'2020-01-08 09:47:49','2020-01-28 13:11:55','2020-01-28 13:11:55'),
	(10,17,39,NULL,'2019-12-12','1912/008',0.0500,104.41,'2020-01-08 09:48:27','2020-01-28 13:11:55','2020-01-28 13:11:55'),
	(11,9,19,NULL,'2020-01-08','1912/022',0.0600,1175.80,'2020-01-08 13:02:22','2020-01-28 12:40:33','2020-01-28 12:40:33'),
	(12,9,18,NULL,'2020-01-08','1912/022',0.0600,1175.80,'2020-01-08 13:02:37','2020-01-28 12:40:33','2020-01-28 12:40:33'),
	(13,9,17,NULL,'2020-01-08','1912/022',0.1200,2351.60,'2020-01-08 13:02:48','2020-01-28 12:40:33','2020-01-28 12:40:33'),
	(14,15,56,NULL,'2020-01-08','1912/012',0.0500,1355.99,'2020-01-08 13:09:47','2020-02-03 10:40:09','2020-02-03 10:40:09'),
	(15,15,55,NULL,'2020-01-08','1912/012',0.1000,2711.98,'2020-01-08 13:10:00','2020-02-03 10:40:09','2020-02-03 10:40:09'),
	(16,19,47,NULL,'2020-01-09','2001/002',0.0480,2329.36,'2020-01-09 09:02:18','2020-01-14 11:03:19','2020-01-14 11:03:19'),
	(17,19,48,NULL,'2020-01-09','2001/003',0.0500,2426.42,'2020-01-09 09:02:36','2020-01-14 11:03:19','2020-01-14 11:03:19'),
	(18,19,46,NULL,'2020-01-09','2001/004',0.0480,2329.36,'2020-01-09 12:12:29','2020-01-09 12:13:20','2020-01-09 12:13:20'),
	(19,21,59,NULL,'2020-01-09','2812',0.0800,1840.34,'2020-01-09 12:17:53','2020-01-21 12:56:58','2020-01-21 12:56:58'),
	(20,19,46,NULL,'2020-01-09','2001/004',0.0480,2329.36,'2020-01-09 12:19:57','2020-01-09 12:24:04','2020-01-09 12:24:04'),
	(21,21,58,NULL,'2020-01-09','2812',0.0600,1380.25,'2020-01-09 12:20:35','2020-01-21 12:56:58','2020-01-21 12:56:58'),
	(22,19,46,NULL,'2020-01-09','2001/004',0.0480,2329.36,'2020-01-09 12:24:15','2020-01-09 12:25:06','2020-01-09 12:25:06'),
	(23,22,60,NULL,'2019-11-12','O-2559',0.0500,388.37,'2020-01-09 12:36:42','2020-01-09 14:43:58','2020-01-09 14:43:58'),
	(24,19,46,NULL,'2020-01-09','2001/004',0.0480,2329.36,'2020-01-09 12:52:50','2020-01-14 11:03:19','2020-01-14 11:03:19'),
	(25,23,62,NULL,'2020-01-14','2840',0.1200,1075.36,'2020-01-14 10:14:20','2020-02-11 08:17:16','2020-02-11 08:17:16'),
	(26,24,63,NULL,'2020-01-14','A-2661',0.1200,2018.10,'2020-01-14 10:33:12','2020-01-14 13:47:45','2020-01-14 13:47:45'),
	(27,25,64,NULL,'2020-01-14','A-2190',0.1000,1546.35,'2020-01-14 10:57:40','2020-02-18 12:22:38','2020-02-18 12:22:38'),
	(28,29,69,NULL,'2020-01-14','TGD',0.1000,1535.66,'2020-01-14 12:54:10','2020-02-18 12:25:41','2020-02-18 12:25:41'),
	(29,22,61,NULL,'2020-01-14','2001/002',0.0500,388.37,'2020-01-14 13:41:19','2020-01-14 13:47:31','2020-01-14 13:47:31'),
	(30,22,61,NULL,'2020-01-15','O-2559',0.0500,388.37,'2020-01-15 15:45:36','2020-02-18 13:56:23','2020-02-18 13:56:23'),
	(31,22,60,NULL,'2020-01-15','O-2559',0.0500,388.37,'2020-01-15 15:45:45','2020-02-18 13:56:23','2020-02-18 13:56:23'),
	(32,30,72,NULL,'2020-01-21','W-2809',0.0250,783.87,'2020-01-21 12:14:49','2020-02-11 13:22:32','2020-02-11 13:22:32'),
	(33,30,71,NULL,'2020-01-21','W-2809',0.0250,783.87,'2020-01-21 12:15:05','2020-02-11 13:22:32','2020-02-11 13:22:32'),
	(34,30,70,NULL,'2020-01-21','W-2809',0.1200,3762.56,'2020-01-21 12:15:22','2020-02-11 13:22:32','2020-02-11 13:22:32'),
	(35,31,74,NULL,'2020-01-21','O-2697',0.0500,427.56,'2020-01-21 12:25:19','2020-01-30 11:15:37','2020-01-30 11:15:37'),
	(36,31,73,NULL,'2020-01-21','O-2697',0.0500,427.56,'2020-01-21 12:25:31','2020-01-30 11:15:37','2020-01-30 11:15:37'),
	(37,32,77,NULL,'2020-01-21','2869-339',0.0600,545.82,'2020-01-21 12:44:15','2020-01-21 12:44:15',NULL),
	(38,32,76,NULL,'2020-01-21','2869-339',0.0400,363.88,'2020-01-21 12:44:33','2020-01-21 12:44:33',NULL),
	(39,32,75,NULL,'2020-01-21','2869-339',0.0300,272.91,'2020-01-21 12:44:46','2020-01-21 12:44:46',NULL),
	(40,35,82,NULL,'2020-01-23','2481',0.0960,2640.63,'2020-01-23 11:42:05','2020-03-18 11:48:32','2020-03-18 11:48:32'),
	(41,35,84,NULL,'2020-01-23','2481',0.0142,390.59,'2020-01-23 11:42:24','2020-03-18 11:48:32','2020-03-18 11:48:32'),
	(42,33,79,NULL,'2020-01-23','2850',0.0500,463.19,'2020-01-23 11:43:54','2020-02-25 10:13:45','2020-02-25 10:13:45'),
	(43,33,78,NULL,'2020-01-23','2850',0.1000,926.39,'2020-01-23 11:44:07','2020-02-25 10:13:45','2020-02-25 10:13:45'),
	(44,34,81,NULL,'2020-01-23','W-2538',0.0500,884.57,'2020-01-23 11:45:52','2020-03-10 10:04:33','2020-03-10 10:04:33'),
	(45,34,80,NULL,'2020-01-23','W-2538',0.1200,2122.97,'2020-01-23 11:46:05','2020-03-10 10:04:33','2020-03-10 10:04:33'),
	(46,37,87,NULL,'2019-12-27','2722',0.0500,705.48,'2020-01-23 12:30:49','2020-01-23 12:31:41','2020-01-23 12:31:41'),
	(47,37,86,NULL,'2019-12-27','2722',0.1000,1410.96,'2020-01-23 12:31:16','2020-01-23 12:31:41','2020-01-23 12:31:41'),
	(48,21,59,NULL,'2020-01-23','2812',0.0800,1840.34,'2020-01-23 12:42:04','2020-01-30 11:13:32','2020-01-30 11:13:32'),
	(49,21,58,NULL,'2020-01-23','2812',0.0600,1380.25,'2020-01-23 12:42:14','2020-01-30 11:13:32','2020-01-30 11:13:32'),
	(50,38,88,NULL,'2020-01-15','A-2182',0.1200,2351.60,'2020-01-23 12:54:33','2020-01-23 12:55:00','2020-01-23 12:55:00'),
	(51,39,90,NULL,'2020-04-01','2001/002',0.0500,890.76,'2020-01-28 11:28:55','2020-03-10 08:39:47','2020-03-10 08:39:47'),
	(52,39,89,NULL,'2020-04-01','2001/003',0.1200,2137.81,'2020-01-28 11:29:38','2020-03-10 08:39:47','2020-03-10 08:39:47'),
	(53,42,94,NULL,'2020-01-28','2001/004',0.1000,2194.82,'2020-01-28 12:11:28','2020-01-28 12:11:47','2020-01-28 12:11:47'),
	(54,52,112,NULL,'2020-01-30','2001/004',0.0500,1015.46,'2020-01-30 10:46:07','2020-02-11 13:28:46','2020-02-11 13:28:46'),
	(55,52,111,NULL,'2020-01-30','2001/005',0.1200,2437.11,'2020-01-30 10:46:22','2020-02-11 13:28:46','2020-02-11 13:28:46'),
	(56,53,113,NULL,'2020-01-30','2001/006',0.1200,3334.99,'2020-01-30 10:53:18','2020-02-11 13:25:27','2020-02-11 13:25:27'),
	(57,53,114,NULL,'2020-01-30','2001/007',0.0500,1389.58,'2020-01-30 10:53:24','2020-02-11 13:25:27','2020-02-11 13:25:27'),
	(58,54,115,NULL,'2020-01-30','2001/008',0.1000,776.74,'2020-01-30 10:58:18','2020-02-25 10:25:10','2020-02-25 10:25:10'),
	(59,55,117,NULL,'2020-01-30','2001/009',0.0500,495.26,'2020-01-30 11:05:02','2020-02-11 13:12:03','2020-02-11 13:12:03'),
	(60,55,116,NULL,'2020-01-30','2001/010',0.0500,495.26,'2020-01-30 11:05:08','2020-02-11 13:12:03','2020-02-11 13:12:03'),
	(61,2,118,NULL,'2020-01-30','2001/011',0.1500,5237.65,'2020-01-30 11:38:31','2020-01-30 11:38:57','2020-01-30 11:38:57'),
	(62,56,119,NULL,'2020-01-30','2001/011',0.1200,2266.08,'2020-01-30 11:46:41','2020-01-30 11:47:01','2020-01-30 11:47:01'),
	(63,57,120,NULL,'2020-01-30','2001/011',0.1000,1631.87,'2020-01-30 12:01:30','2020-01-30 12:01:59','2020-01-30 12:01:59'),
	(64,12,121,NULL,'2020-01-30','2001/011',0.0500,118.25,'2020-01-30 13:48:58','2020-01-30 13:49:47','2020-01-30 13:49:47'),
	(65,12,24,NULL,'2020-01-30','2001/012',0.1200,283.80,'2020-01-30 13:49:03','2020-01-30 13:49:47','2020-01-30 13:49:47'),
	(66,9,19,NULL,'2020-01-30','2001/011',0.0250,489.92,'2020-01-30 13:53:57','2020-02-11 22:32:07','2020-02-11 22:32:07'),
	(67,9,17,NULL,'2020-01-30','2001/012',0.1200,2351.60,'2020-01-30 13:54:00','2020-02-11 22:32:07','2020-02-11 22:32:07'),
	(68,9,18,NULL,'2020-01-30','2001/013',0.0250,489.92,'2020-01-30 13:54:05','2020-02-11 22:32:07','2020-02-11 22:32:07'),
	(69,58,123,NULL,'2020-02-03','2002/001',0.0500,331.93,'2020-02-03 09:11:23','2020-02-18 11:57:23','2020-02-18 11:57:23'),
	(70,58,122,NULL,'2020-02-03','2002/002',0.1200,796.64,'2020-02-03 09:11:29','2020-02-18 11:57:23','2020-02-18 11:57:23'),
	(71,59,124,NULL,'2020-02-03','2002/003',0.1200,3121.21,'2020-02-03 09:25:05','2020-02-25 10:27:37','2020-02-25 10:27:37'),
	(72,60,127,NULL,'2020-02-03','2002/004',0.0480,9670.59,'2020-02-03 09:36:22','2020-02-03 09:36:22',NULL),
	(73,60,125,NULL,'2020-02-03','2002/005',0.0480,9670.59,'2020-02-03 09:36:34','2020-02-03 09:36:34',NULL),
	(74,60,126,NULL,'2020-02-03','2002/006',0.0360,7252.94,'2020-02-03 09:37:18','2020-02-03 09:37:18',NULL),
	(75,61,130,NULL,'2020-02-03','2002/007',0.0600,422.30,'2020-02-03 09:47:40','2020-02-03 09:47:40',NULL),
	(76,61,129,NULL,'2020-02-03','2002/008',0.0400,281.54,'2020-02-03 09:47:46','2020-02-03 09:47:46',NULL),
	(77,61,128,NULL,'2020-02-03','2002/009',0.0300,211.15,'2020-02-03 09:48:23','2020-02-03 09:48:23',NULL),
	(78,62,131,NULL,'2020-02-03','2002/010',0.1200,12448.54,'2020-02-03 09:57:07','2020-03-18 12:01:38','2020-03-18 12:01:38'),
	(79,62,132,NULL,'2020-02-03','2002/011',0.0500,5186.89,'2020-02-03 09:57:13','2020-03-18 12:01:38','2020-03-18 12:01:38'),
	(80,20,50,NULL,'2020-02-03','2002/012',0.0600,622.10,'2020-02-03 10:41:39','2020-02-03 10:42:26','2020-02-03 10:42:26'),
	(81,20,51,NULL,'2020-02-03','2002/013',0.0600,622.10,'2020-02-03 10:41:44','2020-02-03 10:42:26','2020-02-03 10:42:26'),
	(82,20,52,NULL,'2020-02-03','2002/014',0.0500,518.42,'2020-02-03 10:41:54','2020-02-03 10:42:26','2020-02-03 10:42:26'),
	(83,15,56,NULL,'2020-01-31','2002/012',0.0500,1355.99,'2020-02-03 10:44:39','2020-02-18 12:28:24','2020-02-18 12:28:24'),
	(84,15,55,NULL,'2020-01-31','2002/013',0.1000,2711.98,'2020-02-03 10:44:54','2020-02-18 12:28:24','2020-02-18 12:28:24'),
	(85,18,43,NULL,'2020-01-31','2002/014',0.1080,8619.67,'2020-02-03 10:46:41','2020-02-03 10:48:03','2020-02-03 10:48:03'),
	(86,18,42,NULL,'2020-01-31','2002/015',0.0500,3990.59,'2020-02-03 10:46:56','2020-02-03 10:48:03','2020-02-03 10:48:03'),
	(87,18,45,NULL,'2020-01-31','2002/016',0.0480,3830.96,'2020-02-03 10:47:23','2020-02-03 10:48:03','2020-02-03 10:48:03'),
	(88,18,44,NULL,'2020-01-31','2002/017',0.0360,2873.22,'2020-02-03 10:47:41','2020-02-03 10:48:03','2020-02-03 10:48:03'),
	(89,19,48,NULL,'2020-01-31','2002/014',0.0500,2426.42,'2020-02-03 10:49:08','2020-02-03 10:50:05','2020-02-03 10:50:05'),
	(90,19,47,NULL,'2020-01-31','2002/015',0.0480,2329.36,'2020-02-03 10:49:21','2020-02-03 10:50:05','2020-02-03 10:50:05'),
	(91,19,46,NULL,'2020-01-31','2002/016',0.0480,2329.36,'2020-02-03 10:49:36','2020-02-03 10:50:05','2020-02-03 10:50:05'),
	(92,19,57,NULL,'2020-01-31','2002/017',0.0360,1747.02,'2020-02-03 10:49:51','2020-02-03 10:50:05','2020-02-03 10:50:05'),
	(93,14,28,NULL,'2020-01-31','2002/014',0.0500,659.16,'2020-02-03 10:51:04','2020-02-03 10:51:28','2020-02-03 10:51:28'),
	(94,14,29,NULL,'2020-01-31','2002/015',0.0500,659.16,'2020-02-03 10:51:16','2020-02-03 10:51:28','2020-02-03 10:51:28'),
	(95,63,134,NULL,'2020-01-31','2002/014',0.0500,1407.39,'2020-02-03 11:02:45','2020-02-03 11:03:38','2020-02-03 11:03:38'),
	(96,63,133,NULL,'2020-01-31','2002/015',0.1200,3377.75,'2020-02-03 11:02:57','2020-02-03 11:03:38','2020-02-03 11:03:38'),
	(97,13,33,NULL,'2020-02-04','2002/014',0.0500,271.20,'2020-02-04 13:19:40','2020-02-04 13:20:25','2020-02-04 13:20:25'),
	(98,13,27,NULL,'2020-02-04','2002/015',0.1200,650.87,'2020-02-04 13:19:46','2020-02-04 13:20:25','2020-02-04 13:20:25'),
	(99,13,27,NULL,'2020-02-04','2002/014',0.1200,650.87,'2020-02-04 13:24:53','2020-02-18 14:16:23','2020-02-18 14:16:23'),
	(100,13,33,NULL,'2020-02-04','2002/015',0.0500,271.20,'2020-02-04 13:25:20','2020-02-18 14:16:23','2020-02-18 14:16:23'),
	(101,19,48,NULL,'2020-02-04','2002/016',0.0500,2426.42,'2020-02-04 14:21:57','2020-02-18 12:27:46','2020-02-18 12:27:46'),
	(102,19,47,NULL,'2020-02-04','2002/017',0.0480,2329.36,'2020-02-04 14:22:11','2020-02-18 12:27:46','2020-02-18 12:27:46'),
	(103,19,46,NULL,'2020-02-04','2002/018',0.0480,2329.36,'2020-02-04 14:22:17','2020-02-18 12:27:46','2020-02-18 12:27:46'),
	(104,19,57,NULL,'2020-02-04','2002/019',0.0360,1747.02,'2020-02-04 14:22:22','2020-02-18 12:27:46','2020-02-18 12:27:46'),
	(105,57,120,NULL,'2020-02-04','2002/020',0.1000,1631.87,'2020-02-04 14:39:16','2020-02-11 13:15:44','2020-02-11 13:15:44'),
	(106,57,135,NULL,'2020-02-04','2002/021',0.0500,815.93,'2020-02-04 14:40:32','2020-02-04 14:40:32',NULL),
	(107,4,7,NULL,'2020-02-04','2002/022',0.1000,1192.50,'2020-02-04 14:53:00','2020-02-18 14:19:27','2020-02-18 14:19:27'),
	(108,29,136,NULL,'2020-02-04','2002/023',0.0500,767.83,'2020-02-04 14:56:11','2020-02-18 12:25:41','2020-02-18 12:25:41'),
	(109,5,9,NULL,'2020-02-04','2002/024',0.1200,2479.87,'2020-02-04 15:11:04','2020-02-13 10:25:14','2020-02-13 10:25:14'),
	(110,5,10,NULL,'2020-02-04','2002/025',0.1600,3306.49,'2020-02-04 15:11:13','2020-02-13 10:25:15','2020-02-13 10:25:15'),
	(111,5,8,NULL,'2020-02-04','2002/026',0.1200,2479.87,'2020-02-04 15:11:19','2020-02-13 10:25:14','2020-02-13 10:25:14'),
	(112,14,28,NULL,'2020-02-04','2002/027',0.0500,659.16,'2020-02-04 15:14:50','2020-02-18 14:15:17','2020-02-18 14:15:17'),
	(113,14,29,NULL,'2020-02-04','2002/028',0.0500,659.16,'2020-02-04 15:14:57','2020-02-18 14:15:17','2020-02-18 14:15:17'),
	(114,42,94,NULL,'2020-02-04','2002/029',0.1000,2194.82,'2020-02-04 15:19:51','2020-02-18 12:23:01','2020-02-18 12:23:01'),
	(115,51,110,NULL,'2020-02-04','2002/030',0.0500,2244.71,'2020-02-04 15:22:00','2020-02-18 12:23:15','2020-02-18 12:23:15'),
	(116,51,108,NULL,'2020-02-04','2002/031',0.0600,2693.65,'2020-02-04 15:22:05','2020-02-18 12:23:15','2020-02-18 12:23:15'),
	(117,51,109,NULL,'2020-02-04','2002/032',0.0500,2244.71,'2020-02-04 15:22:10','2020-02-18 12:23:15','2020-02-18 12:23:15'),
	(118,56,119,NULL,'2020-02-04','2002/033',0.1200,2266.08,'2020-02-04 15:24:23','2020-02-18 12:25:18','2020-02-18 12:25:18'),
	(119,36,85,NULL,'2020-02-04','2002/034',0.1200,2847.57,'2020-02-04 15:25:54','2020-02-18 12:25:08','2020-02-18 12:25:08'),
	(120,17,37,NULL,'2020-02-04','2002/035',0.1200,250.59,'2020-02-04 15:27:04','2020-02-18 12:28:16','2020-02-18 12:28:16'),
	(121,17,39,NULL,'2020-02-04','2002/036',0.0500,104.41,'2020-02-04 15:27:22','2020-02-18 12:28:16','2020-02-18 12:28:16'),
	(122,10,20,NULL,'2020-02-04','2002/037',0.1200,2185.41,'2020-02-04 15:30:32','2020-02-13 10:28:06','2020-02-13 10:28:06'),
	(123,47,101,NULL,'2020-02-04','2002/038',0.1200,1068.91,'2020-02-04 15:33:57','2020-02-18 12:25:53','2020-02-18 12:25:53'),
	(124,20,50,NULL,'2020-02-04','2002/039',0.0600,622.10,'2020-02-04 15:35:41','2020-02-18 12:27:07','2020-02-18 12:27:07'),
	(125,20,51,NULL,'2020-02-04','2002/040',0.0600,622.10,'2020-02-04 15:35:45','2020-02-18 12:27:07','2020-02-18 12:27:07'),
	(126,20,52,NULL,'2020-02-04','2002/041',0.0500,518.42,'2020-02-04 15:35:50','2020-02-18 12:27:07','2020-02-18 12:27:07'),
	(127,28,67,NULL,'2020-02-04','2002/042',0.1200,3240.93,'2020-02-04 15:36:34','2020-02-17 11:24:15','2020-02-17 11:24:15'),
	(128,28,68,NULL,'2020-02-04','2002/043',0.0500,1350.39,'2020-02-04 15:36:39','2020-02-17 11:24:15','2020-02-17 11:24:15'),
	(129,18,43,NULL,'2020-02-04','2002/044',0.1080,8619.67,'2020-02-04 15:38:56','2020-02-18 12:28:11','2020-02-18 12:28:11'),
	(130,18,42,NULL,'2020-02-04','2002/045',0.0500,3990.59,'2020-02-04 15:39:06','2020-02-18 12:28:11','2020-02-18 12:28:11'),
	(131,18,44,NULL,'2020-02-04','2002/046',0.0360,2873.22,'2020-02-04 15:39:15','2020-02-18 12:28:11','2020-02-18 12:28:11'),
	(132,18,45,NULL,'2020-02-04','2002/047',0.0480,3830.96,'2020-02-04 15:39:26','2020-02-18 12:28:11','2020-02-18 12:28:11'),
	(133,43,97,NULL,'2020-02-04','2002/048',0.0500,416.87,'2020-02-04 15:41:24','2020-02-18 14:20:24','2020-02-18 14:20:24'),
	(134,43,96,NULL,'2020-02-04','2002/049',0.0800,667.00,'2020-02-04 15:41:28','2020-02-18 14:20:24','2020-02-18 14:20:24'),
	(135,43,95,NULL,'2020-02-04','2002/050',0.0600,500.25,'2020-02-04 15:41:33','2020-02-18 14:20:24','2020-02-18 14:20:24'),
	(136,48,102,NULL,'2020-02-04','2002/051',0.0800,2016.00,'2020-02-04 15:43:36','2020-02-18 12:22:28','2020-02-18 12:22:28'),
	(137,48,103,NULL,'2020-02-04','2002/052',0.0600,1512.00,'2020-02-04 15:43:40','2020-02-18 12:22:28','2020-02-18 12:22:28'),
	(138,21,59,NULL,'2020-02-04','2002/053',0.0800,1840.34,'2020-02-04 15:50:06','2020-02-18 14:22:18','2020-02-18 14:22:18'),
	(139,21,58,NULL,'2020-02-04','2002/054',0.0600,1380.25,'2020-02-04 15:50:10','2020-02-18 14:22:18','2020-02-18 14:22:18'),
	(140,2,118,NULL,'2020-02-04','2002/055',0.1500,5237.65,'2020-02-04 15:54:01','2020-02-18 12:25:29','2020-02-18 12:25:29'),
	(141,37,87,NULL,'2020-02-04','2002/056',0.0500,705.48,'2020-02-04 15:56:43','2020-02-18 14:21:03','2020-02-18 14:21:03'),
	(142,37,86,NULL,'2020-02-04','2002/057',0.1000,1410.96,'2020-02-04 15:56:50','2020-02-18 14:21:03','2020-02-18 14:21:03'),
	(143,26,104,NULL,'2020-02-04','2002/058',0.0500,926.39,'2020-02-04 16:02:45','2020-02-18 12:26:40','2020-02-18 12:26:40'),
	(144,26,65,NULL,'2020-02-04','2002/059',0.1200,2223.33,'2020-02-04 16:02:50','2020-02-18 12:26:40','2020-02-18 12:26:40'),
	(145,27,66,NULL,'2020-02-04','2002/060',0.1200,1599.09,'2020-02-04 16:13:59','2020-02-18 12:26:29','2020-02-18 12:26:29'),
	(146,24,63,NULL,'2020-02-04','2002/061',0.1200,2018.10,'2020-02-04 16:14:27','2020-02-18 11:57:48','2020-02-18 11:57:48'),
	(147,38,88,NULL,'2020-02-04','2002/062',0.1200,2351.60,'2020-02-04 16:14:57','2020-02-13 10:40:27','2020-02-13 10:40:27'),
	(148,63,134,NULL,'2020-02-04','2002/063',0.0500,1407.39,'2020-02-04 16:15:21','2020-02-18 12:21:32','2020-02-18 12:21:32'),
	(149,63,133,NULL,'2020-02-04','2002/064',0.1200,3377.75,'2020-02-04 16:15:25','2020-02-18 12:21:32','2020-02-18 12:21:32'),
	(150,23,62,NULL,'2020-02-11','2002/065',0.1200,1075.36,'2020-02-11 12:37:03','2020-02-11 12:38:23','2020-02-11 12:38:23'),
	(151,31,74,NULL,'2020-02-13','2002/065',0.0500,427.56,'2020-02-13 10:29:39','2020-02-18 14:24:57','2020-02-18 14:24:57'),
	(152,31,73,NULL,'2020-02-13','2002/066',0.0500,427.56,'2020-02-13 10:29:48','2020-02-18 14:24:57','2020-02-18 14:24:57'),
	(153,10,20,NULL,'2020-02-13','2002/067',0.1200,2185.41,'2020-02-13 10:33:15','2020-02-18 14:17:47','2020-02-18 14:17:47'),
	(154,5,9,NULL,'2020-02-13','2002/068',0.0720,1487.92,'2020-02-13 10:34:59','2020-02-18 14:17:31','2020-02-18 14:17:31'),
	(155,5,10,NULL,'2020-02-13','2002/069',0.0320,661.30,'2020-02-13 10:35:05','2020-02-18 14:17:31','2020-02-18 14:17:31'),
	(156,5,8,NULL,'2020-02-13','2002/070',0.0240,495.97,'2020-02-13 10:35:10','2020-02-18 14:17:31','2020-02-18 14:17:31'),
	(157,24,63,NULL,'2020-02-18','2002/071',0.1200,2018.10,'2020-02-18 12:09:43','2020-02-18 12:26:17','2020-02-18 12:26:17'),
	(158,57,120,NULL,'2020-02-18','2002/072',0.1000,1631.87,'2020-02-18 12:24:29','2020-02-18 12:24:49','2020-02-18 12:24:49'),
	(159,40,91,NULL,'2020-02-18','2002/071',0.1500,3206.72,'2020-02-18 12:55:34','2020-02-18 14:26:05','2020-02-18 14:26:05'),
	(160,58,122,NULL,'2020-02-18','2002/072',0.1200,796.64,'2020-02-18 12:56:19','2020-02-18 14:28:41','2020-02-18 14:28:41'),
	(161,58,123,NULL,'2020-02-18','2002/073',0.0500,331.93,'2020-02-18 12:56:26','2020-02-18 14:28:41','2020-02-18 14:28:41'),
	(162,24,63,NULL,'2020-02-18','2002/074',0.1200,2018.10,'2020-02-18 12:56:54','2020-02-18 14:05:24','2020-02-18 14:05:24'),
	(163,72,152,NULL,'2020-02-18','2002/075',0.0500,801.68,'2020-02-18 12:57:20','2020-02-18 13:52:48','2020-02-18 13:52:48'),
	(164,72,151,NULL,'2020-02-18','2002/076',0.0500,801.68,'2020-02-18 12:57:25','2020-02-18 13:52:48','2020-02-18 13:52:48'),
	(165,69,146,NULL,'2020-02-18','2002/077',0.0500,2616.39,'2020-02-18 13:22:18','2020-03-10 10:16:16','2020-03-10 10:16:16'),
	(166,69,145,NULL,'2020-02-18','2002/078',0.1200,6279.33,'2020-02-18 13:22:25','2020-03-10 10:16:16','2020-03-10 10:16:16'),
	(167,77,165,NULL,'2020-02-18','2002/079',0.0500,1070.51,'2020-02-18 13:28:08','2020-03-02 09:34:20','2020-03-02 09:34:20'),
	(168,77,164,NULL,'2020-02-18','2002/080',0.1200,2569.23,'2020-02-18 13:28:14','2020-03-02 09:34:20','2020-03-02 09:34:20'),
	(169,78,166,NULL,'2020-02-18','2002/081',0.1000,1759.50,'2020-02-18 13:34:40','2020-03-10 10:03:29','2020-03-10 10:03:29'),
	(170,78,167,NULL,'2020-02-18','2002/082',0.0300,527.85,'2020-02-18 13:34:46','2020-03-10 10:03:29','2020-03-10 10:03:29'),
	(171,79,168,NULL,'2020-02-18','2002/083',0.1200,1549.33,'2020-02-18 13:43:04','2020-03-10 10:00:29','2020-03-10 10:00:29'),
	(172,79,169,NULL,'2020-02-18','2002/084',0.0500,645.55,'2020-02-18 13:44:18','2020-03-10 10:00:29','2020-03-10 10:00:29'),
	(173,36,85,NULL,'2020-02-19','2002/085',0.1200,2847.57,'2020-02-19 23:04:48','2020-02-19 23:05:13','2020-02-19 23:05:13'),
	(174,67,143,NULL,'2020-02-11','2002/085',0.1200,1299.79,'2020-02-25 10:03:28','2020-02-25 10:03:58','2020-02-25 10:03:58'),
	(175,70,148,NULL,'2019-11-19','2002/085',0.0500,462.52,'2020-02-25 10:12:07','2020-02-25 10:12:51','2020-02-25 10:12:51'),
	(176,70,147,NULL,'2019-11-19','2002/086',0.1200,1110.05,'2020-02-25 10:12:21','2020-02-25 10:12:51','2020-02-25 10:12:51'),
	(177,58,122,NULL,'2020-01-31','2002/085',0.1200,796.64,'2020-02-25 10:14:39','2020-02-25 10:15:13','2020-02-25 10:15:13'),
	(178,58,123,NULL,'2020-01-31','2002/086',0.0500,331.93,'2020-02-25 10:14:57','2020-02-25 10:15:13','2020-02-25 10:15:13'),
	(179,18,43,NULL,'2019-12-12','2002/085',0.1080,8619.67,'2020-02-25 10:16:26','2020-02-25 10:17:40','2020-02-25 10:17:40'),
	(180,18,42,NULL,'2019-12-12','2002/086',0.0500,3990.59,'2020-02-25 10:16:44','2020-02-25 10:17:40','2020-02-25 10:17:40'),
	(181,18,45,NULL,'2019-12-12','2002/087',0.0480,3830.96,'2020-02-25 10:17:05','2020-02-25 10:17:40','2020-02-25 10:17:40'),
	(182,18,44,NULL,'2019-12-12','2002/088',0.0360,2873.22,'2020-02-25 10:17:23','2020-02-25 10:17:40','2020-02-25 10:17:40'),
	(183,65,141,NULL,'2020-02-11','2002/085',0.0250,276.13,'2020-02-25 10:21:26','2020-02-25 10:22:04','2020-02-25 10:22:04'),
	(184,65,140,NULL,'2020-02-11','2002/086',0.0250,276.13,'2020-02-25 10:21:36','2020-02-25 10:22:04','2020-02-25 10:22:04'),
	(185,65,139,NULL,'2020-02-11','2002/087',0.1200,1325.44,'2020-02-25 10:21:47','2020-02-25 10:22:04','2020-02-25 10:22:04'),
	(186,70,148,NULL,'2019-11-19','2002/085',0.0500,462.52,'2020-02-25 10:26:07','2020-02-25 10:26:40','2020-02-25 10:26:40'),
	(187,70,147,NULL,'2019-11-19','2002/086',0.1200,1110.05,'2020-02-25 10:26:21','2020-02-25 10:26:40','2020-02-25 10:26:40'),
	(188,57,120,NULL,'2019-11-12','2002/085',0.1000,1631.87,'2020-02-25 10:28:37','2020-02-25 10:29:03','2020-02-25 10:29:03'),
	(189,67,143,NULL,'2020-02-11','2002/085',0.1200,1299.79,'2020-02-25 10:30:17','2020-02-25 10:30:36','2020-02-25 10:30:36'),
	(190,80,171,NULL,'2020-02-25','2002/085',0.0500,908.57,'2020-02-25 11:30:00','2020-02-25 11:30:00',NULL),
	(191,80,170,NULL,'2020-02-25','2002/086',0.1200,2180.57,'2020-02-25 11:30:05','2020-02-25 11:30:05',NULL),
	(192,6,12,NULL,'2019-12-19','2002/087',0.0600,1020.00,'2020-02-27 09:22:05','2020-02-27 09:22:38','2020-02-27 09:22:38'),
	(193,6,11,NULL,'2019-12-19','2002/088',0.0600,1020.00,'2020-02-27 09:22:18','2020-02-27 09:22:38','2020-02-27 09:22:38'),
	(194,66,172,NULL,'2020-02-11','2002/087',0.0500,1004.01,'2020-02-27 09:27:33','2020-02-27 09:27:58','2020-02-27 09:27:58'),
	(195,66,142,NULL,'2020-02-11','2002/088',0.1200,2409.62,'2020-02-27 09:27:43','2020-02-27 09:27:58','2020-02-27 09:27:58'),
	(196,65,141,NULL,'2020-02-11','2002/087',0.0250,276.13,'2020-02-27 09:29:25','2020-02-27 09:30:12','2020-02-27 09:30:12'),
	(197,65,140,NULL,'2020-02-11','2002/088',0.0250,276.13,'2020-02-27 09:29:34','2020-02-27 09:30:12','2020-02-27 09:30:12'),
	(198,65,139,NULL,'2020-02-11','2002/089',0.1200,1325.44,'2020-02-27 09:29:44','2020-02-27 09:30:12','2020-02-27 09:30:12'),
	(199,81,173,NULL,'2020-02-27','2002/087',0.0500,1243.50,'2020-02-27 10:21:26','2020-02-27 10:21:26',NULL),
	(200,81,174,NULL,'2020-02-27','2002/088',0.0500,1243.50,'2020-02-27 10:21:31','2020-02-27 10:21:31',NULL),
	(201,82,175,NULL,'2020-02-27','2002/089',0.1500,2637.60,'2020-02-27 10:31:09','2020-02-27 10:31:09',NULL),
	(202,83,176,NULL,'2020-02-27','2002/090',0.1000,972.00,'2020-02-27 10:45:48','2020-02-27 10:45:48',NULL),
	(203,83,177,NULL,'2020-02-27','2002/091',0.0300,291.60,'2020-02-27 10:45:55','2020-02-27 10:45:55',NULL),
	(204,84,178,NULL,'2020-02-27','2002/092',0.1000,794.25,'2020-02-27 10:53:57','2020-02-27 10:53:57',NULL),
	(205,84,179,NULL,'2020-02-27','2002/093',0.0300,238.27,'2020-02-27 10:54:02','2020-02-27 10:54:02',NULL),
	(206,85,183,NULL,'2020-02-27','2002/094',0.0500,3002.10,'2020-02-27 11:00:47','2020-03-10 09:55:25','2020-03-10 09:55:25'),
	(207,85,180,NULL,'2020-02-27','2002/095',0.0720,4323.03,'2020-02-27 11:00:53','2020-03-10 09:55:25','2020-03-10 09:55:25'),
	(208,85,181,NULL,'2020-02-27','2002/096',0.0320,1921.34,'2020-02-27 11:01:01','2020-03-10 09:55:25','2020-03-10 09:55:25'),
	(209,85,182,NULL,'2020-02-27','2002/097',0.0240,1441.01,'2020-02-27 11:01:07','2020-03-10 09:55:25','2020-03-10 09:55:25'),
	(210,86,185,NULL,'2020-02-27','2002/098',0.0500,1214.99,'2020-02-27 12:36:07','2020-02-27 12:36:07',NULL),
	(211,86,184,NULL,'2020-02-27','2002/099',0.0500,1214.99,'2020-02-27 12:36:12','2020-02-27 12:36:12',NULL),
	(212,87,186,NULL,'2020-02-28','2003/001',0.1200,2034.45,'2020-03-02 09:03:00','2020-03-10 09:52:41','2020-03-10 09:52:41'),
	(213,88,188,NULL,'2020-02-28','2003/002',0.0500,673.41,'2020-03-02 09:17:07','2020-03-10 09:47:24','2020-03-10 09:47:24'),
	(214,88,187,NULL,'2020-02-28','2003/003',0.1200,1616.19,'2020-03-02 09:17:18','2020-03-10 09:47:24','2020-03-10 09:47:24'),
	(215,40,91,NULL,'2020-01-28','2003/004',0.1500,3206.72,'2020-03-02 09:31:56','2020-03-02 09:32:30','2020-03-02 09:32:30'),
	(216,89,190,NULL,'2020-02-28','2003/004',0.0500,2351.60,'2020-03-02 10:54:30','2020-03-02 10:54:30',NULL),
	(217,89,189,NULL,'2020-02-28','2003/005',0.1200,5643.83,'2020-03-02 10:54:40','2020-03-02 10:54:40',NULL),
	(218,21,59,NULL,'2020-01-09','2003/006',0.0800,1840.34,'2020-03-10 08:37:36','2020-03-10 08:38:20','2020-03-10 08:38:20'),
	(219,21,58,NULL,'2020-01-09','2003/007',0.0600,1380.25,'2020-03-10 08:38:06','2020-03-10 08:38:20','2020-03-10 08:38:20'),
	(220,23,62,NULL,'2020-01-14','2003/006',0.1200,1075.36,'2020-03-10 09:53:50','2020-03-10 09:54:02','2020-03-10 09:54:02'),
	(221,33,79,NULL,'2020-01-23','2003/006',0.0500,463.19,'2020-03-10 10:05:48','2020-03-10 10:06:19','2020-03-10 10:06:19'),
	(222,33,78,NULL,'2020-01-23','2003/007',0.1000,926.39,'2020-03-10 10:06:05','2020-03-10 10:06:19','2020-03-10 10:06:19'),
	(223,39,90,NULL,'2020-01-28','2003/006',0.0500,890.76,'2020-03-10 10:07:32','2020-03-10 10:13:04','2020-03-10 10:13:04'),
	(224,39,89,NULL,'2020-01-28','2003/007',0.1200,2137.81,'2020-03-10 10:12:51','2020-03-10 10:13:04','2020-03-10 10:13:04'),
	(225,68,144,NULL,'2020-02-13','2003/006',0.1200,2137.81,'2020-03-10 10:14:45','2020-03-10 10:14:59','2020-03-10 10:14:59'),
	(226,90,191,NULL,'2020-03-10','2003/006',0.1000,637.06,'2020-03-10 12:50:31','2020-03-10 12:50:31',NULL),
	(227,91,192,NULL,'2020-03-10','2003/007',0.0600,1020.00,'2020-03-10 12:55:10','2020-03-10 12:55:10',NULL),
	(228,91,193,NULL,'2020-03-10','2003/008',0.0600,1020.00,'2020-03-10 12:55:31','2020-03-10 12:55:31',NULL),
	(229,92,194,NULL,'2020-03-10','2003/009',0.1200,684.00,'2020-03-10 12:59:21','2020-03-10 12:59:21',NULL),
	(230,92,195,NULL,'2020-03-10','2003/010',0.0500,285.00,'2020-03-10 12:59:41','2020-03-10 12:59:41',NULL),
	(231,93,196,NULL,'2020-03-10','2003/011',0.0500,283.26,'2020-03-10 13:03:20','2020-03-10 13:03:20',NULL),
	(232,93,197,NULL,'2020-03-10','2003/012',0.0500,283.26,'2020-03-10 13:05:59','2020-03-10 13:05:59',NULL),
	(233,94,198,NULL,'2020-03-10','2003/013',0.1200,4805.81,'2020-03-10 13:13:25','2020-03-10 13:13:25',NULL),
	(234,94,199,NULL,'2020-03-10','2003/014',0.0500,2002.42,'2020-03-10 13:14:54','2020-03-10 13:14:54',NULL),
	(235,95,200,NULL,'2020-03-10','2003/015',0.1200,4574.92,'2020-03-10 13:17:59','2020-03-10 13:17:59',NULL),
	(236,95,201,NULL,'2020-03-10','2003/016',0.0500,1906.22,'2020-03-10 13:19:26','2020-03-10 13:19:26',NULL),
	(237,96,202,NULL,'2020-03-10','2003/017',0.0000,0.00,'2020-03-10 13:25:16','2020-03-10 13:28:00','2020-03-10 13:28:00'),
	(238,96,203,NULL,'2020-03-10','2003/018',0.0500,60.75,'2020-03-10 13:27:25','2020-03-10 13:28:00','2020-03-10 13:28:00'),
	(239,97,205,NULL,'2020-03-10','2003/017',0.0500,1140.17,'2020-03-10 13:58:56','2020-03-10 13:58:56',NULL),
	(240,97,204,NULL,'2020-03-10','2003/018',0.1200,2736.40,'2020-03-10 13:59:01','2020-03-10 13:59:01',NULL),
	(241,98,207,NULL,'2020-03-16','2003/019',0.0500,1532.10,'2020-03-16 12:48:49','2020-03-16 12:48:49',NULL),
	(242,98,206,NULL,'2020-03-16','2003/020',0.1200,3677.04,'2020-03-16 12:48:54','2020-03-16 12:48:54',NULL),
	(243,99,209,NULL,'2020-03-17','2003/021',0.0500,1567.73,'2020-03-17 10:51:08','2020-03-17 10:51:08',NULL),
	(244,99,208,NULL,'2020-03-17','2003/022',0.1200,3762.56,'2020-03-17 10:51:12','2020-03-17 10:51:12',NULL),
	(245,30,72,NULL,'2020-03-18','2003/023',0.0250,783.87,'2020-03-18 11:47:06','2020-03-18 11:47:36','2020-03-18 11:47:36'),
	(246,30,71,NULL,'2020-03-18','2003/023',0.0250,783.87,'2020-03-18 11:47:10','2020-03-18 11:47:36','2020-03-18 11:47:36'),
	(247,30,70,NULL,'2020-03-18','2003/024',0.1200,3762.56,'2020-03-18 11:47:14','2020-03-18 11:47:36','2020-03-18 11:47:36'),
	(248,52,112,NULL,'2020-03-18','2003/023',0.0500,1015.46,'2020-03-18 11:49:04','2020-03-18 11:49:25','2020-03-18 11:49:25'),
	(249,52,111,NULL,'2020-03-18','2003/024',0.1200,2437.11,'2020-03-18 11:49:10','2020-03-18 11:49:25','2020-03-18 11:49:25'),
	(250,64,138,NULL,'2020-03-18','2003/023',0.0500,997.65,'2020-03-18 12:02:06','2020-03-18 12:02:29','2020-03-18 12:02:29'),
	(251,64,137,NULL,'2020-03-18','2003/024',0.1200,2394.35,'2020-03-18 12:02:11','2020-03-18 12:02:29','2020-03-18 12:02:29'),
	(252,68,144,NULL,'2020-03-18','2003/023',0.1200,2137.81,'2020-03-18 12:02:52','2020-03-18 12:03:06','2020-03-18 12:03:06'),
	(253,30,72,NULL,'2020-03-18','2003/023',0.0250,783.87,'2020-03-18 13:00:05','2020-03-18 13:00:05',NULL),
	(254,30,71,NULL,'2020-03-18','2003/024',0.0250,783.87,'2020-03-18 13:00:08','2020-03-18 13:00:08',NULL),
	(255,30,70,NULL,'2020-03-18','2003/025',0.1200,3762.56,'2020-03-18 13:00:13','2020-03-18 13:00:13',NULL),
	(256,35,82,NULL,'2020-03-18','2003/026',0.0960,2640.63,'2020-03-18 13:03:28','2020-03-18 13:03:28',NULL),
	(257,35,84,NULL,'2020-03-18','2003/027',0.2000,5501.31,'2020-03-18 13:03:32','2020-03-18 13:03:32',NULL),
	(258,52,112,NULL,'2020-03-18','2003/028',0.0500,1015.46,'2020-03-18 13:12:31','2020-03-18 13:12:31',NULL),
	(259,52,111,NULL,'2020-03-18','2003/029',0.1200,2437.11,'2020-03-18 13:12:59','2020-03-18 13:12:59',NULL),
	(260,62,131,NULL,'2020-03-18','2003/030',0.1200,12448.54,'2020-03-18 13:14:30','2020-03-18 13:14:30',NULL),
	(261,62,132,NULL,'2020-03-18','2003/031',0.0500,5186.89,'2020-03-18 13:14:33','2020-03-18 13:14:33',NULL),
	(262,64,138,NULL,'2020-03-18','2003/032',0.0500,997.65,'2020-03-18 13:16:23','2020-03-18 13:16:23',NULL),
	(263,64,137,NULL,'2020-03-18','2003/033',0.1200,2394.35,'2020-03-18 13:16:28','2020-03-18 13:16:28',NULL),
	(264,68,144,NULL,'2020-03-18','2003/034',0.1200,2137.81,'2020-03-18 13:18:41','2020-03-18 13:18:41',NULL),
	(265,100,212,NULL,'2020-03-18','2003/035',0.0143,998.65,'2020-03-18 13:29:32','2020-03-18 13:29:32',NULL),
	(266,100,211,NULL,'2020-03-18','2003/036',0.0600,4190.14,'2020-03-18 13:29:36','2020-03-18 13:29:36',NULL),
	(267,100,210,NULL,'2020-03-18','2003/037',0.1600,11173.70,'2020-03-18 13:29:39','2020-03-18 13:29:39',NULL);
;-- -. . -..- - / . -. - .-. -.--
/*!40000 ALTER TABLE `commissions` ENABLE KEYS */;
;-- -. . -..- - / . -. - .-. -.--
DROP TABLE IF EXISTS `configs`;
;-- -. . -..- - / . -. - .-. -.--
CREATE TABLE `configs` (
  `id` bigint(20) unsigned NOT NULL AUTO_INCREMENT,
  `key` varchar(191) COLLATE utf8mb4_unicode_ci NOT NULL,
  `value` text COLLATE utf8mb4_unicode_ci NOT NULL,
  `category` varchar(191) COLLATE utf8mb4_unicode_ci NOT NULL,
  `created_at` timestamp NULL DEFAULT NULL,
  `updated_at` timestamp NULL DEFAULT NULL,
  `deleted_at` timestamp NULL DEFAULT NULL,
  PRIMARY KEY (`id`)
) ENGINE=InnoDB DEFAULT CHARSET=utf8mb4 COLLATE=utf8mb4_unicode_ci;
;-- -. . -..- - / . -. - .-. -.--
LOCK TABLES `configs` WRITE;
;-- -. . -..- - / . -. - .-. -.--
/*!40000 ALTER TABLE `configs` DISABLE KEYS */;
;-- -. . -..- - / . -. - .-. -.--
INSERT INTO `configs` (`id`, `key`, `value`, `category`, `created_at`, `updated_at`, `deleted_at`)
VALUES
	(1,'company_name','Immobilien GmbH','address','2019-11-11 02:13:52','2020-01-23 15:08:35',NULL),
	(2,'street','Rothenburg 5','address','2019-11-11 02:13:52','2020-01-23 15:08:35',NULL),
	(3,'zip','48145','address','2019-11-11 02:13:52','2020-01-23 15:08:35',NULL),
	(4,'city','Münster','address','2019-11-11 02:13:52','2020-01-23 15:08:35',NULL),
	(5,'ceo','Achim Friedrich','base_data','2019-11-11 02:13:52','2020-01-23 15:08:35',NULL),
	(6,'court','Amtsgericht Münster','base_data','2019-11-11 02:13:52','2020-01-23 15:08:35',NULL),
	(7,'commercial_register','Handelsregister B4863','base_data','2019-11-11 02:13:52','2020-01-23 15:08:35',NULL),
	(8,'sales_tax_id','DE 186 124 284','base_data','2019-11-11 02:13:52','2020-01-23 15:08:35',NULL),
	(9,'bic','WELADED1MST','bank_account','2019-11-11 02:13:52','2020-01-23 15:08:35',NULL),
	(10,'iban','DE12 4005 0150 0000 0065 36','bank_account','2019-11-11 02:13:52','2020-01-23 15:08:35',NULL),
	(11,'subscription','Anna Schulte-Werning','forms','2019-11-11 02:13:52','2020-01-23 15:08:35',NULL),
	(12,'days_deadline','14','invoice','2019-11-11 02:13:52','2020-01-23 15:08:35',NULL),
	(13,'url','www.spk-immo.de','address','2019-11-13 23:44:49','2020-01-23 15:08:35',NULL),
	(14,'phone','0251 / 598-31730','address','2019-11-13 23:45:15','2020-01-23 15:08:35',NULL),
	(15,'fax','0251 / 598-31729','address','2019-11-13 23:47:34','2020-01-23 15:08:35',NULL),
	(16,'default_commission_rules','[{\"name\":\"Vermittlung MFH mit Stefer und Peveling + Tippgeber\",\"percentage\":0.048,\"type\":\"intermediation\",\"commission_rule_consultants\":[{\"full_name\":\"Stefanie Stefer\",\"id\":11,\"consultant_id\":11},{\"full_name\":\"Veit Müller\",\"id\":12,\"consultant_id\":12}],\"commission_rule_intermediaries\":[{\"full_name\":\"Beliebiger Tippgeber\",\"id\":null}],\"id\":\"c775e23c-e244-436f-ba3c-f014c9ae083d\",\"type_readable\":\"Vermittlung\"},{\"name\":\"Vermittlung MFH mit Stefer und Peveling\",\"percentage\":0.048,\"type\":\"intermediation\",\"commission_rule_consultants\":[{\"full_name\":\"Stefanie Stefer\",\"id\":11,\"consultant_id\":11},{\"full_name\":\"Veit Müller\",\"id\":12,\"consultant_id\":12}],\"commission_rule_intermediaries\":[],\"id\":\"bc4122c0-7676-40a0-ba76-8cd02fbacc33\",\"type_readable\":\"Vermittlung\"},{\"name\":\"Projektierungen mit Müller + Tippgeber\",\"percentage\":0.10800000000000001,\"type\":\"project_planning\",\"commission_rule_consultants\":[{\"full_name\":\"Stefanie Stefer\",\"id\":11,\"consultant_id\":11},{\"full_name\":\"Veit Müller\",\"id\":12,\"consultant_id\":12}],\"commission_rule_intermediaries\":[{\"full_name\":\"Beliebiger Tippgeber\",\"id\":null}],\"id\":\"b17bf826-f559-40b3-ae2a-8b6a71019ecf\",\"type_readable\":\"Projektierung\"},{\"name\":\"Projektierungen mit Müller\",\"percentage\":0.10800000000000001,\"type\":\"project_planning\",\"commission_rule_consultants\":[{\"full_name\":\"Stefanie Stefer\",\"id\":11,\"consultant_id\":11},{\"full_name\":\"Veit Müller\",\"id\":12,\"consultant_id\":12}],\"commission_rule_intermediaries\":[],\"id\":\"e13fc7fb-cf92-4b17-829d-8c7cc4fa8d58\",\"type_readable\":\"Projektierung\"},{\"name\":\"Gemeinsam mit einem Berater + Tippgeber\",\"percentage\":0.06,\"type\":\"consultation\",\"commission_rule_consultants\":[{\"full_name\":\"Beliebiger Berater\",\"id\":null}],\"commission_rule_intermediaries\":[{\"full_name\":\"Beliebiger Tippgeber\",\"id\":null}],\"id\":\"9e616d0e-227b-43bf-8463-7ee0fc3af8db\",\"type_readable\":\"Beratung\"},{\"name\":\"Gemeinsam mit einem weiteren Berater\",\"percentage\":0.06,\"type\":\"consultation\",\"commission_rule_consultants\":[{\"full_name\":\"Beliebiger Berater\",\"id\":null}],\"commission_rule_intermediaries\":[],\"id\":\"fe907d71-040c-47db-bafc-bf8efab82e2b\",\"type_readable\":\"Beratung\"},{\"name\":\"Gemeinsam mit zwei weiteren Beratern\",\"percentage\":0.04,\"type\":\"consultation\",\"commission_rule_consultants\":[{\"full_name\":\"Beliebiger Berater\",\"id\":null},{\"full_name\":\"Beliebiger Berater\",\"id\":null}],\"commission_rule_intermediaries\":[],\"id\":\"d3e03895-5080-49d5-bd9d-107f8691a4fc\",\"type_readable\":\"Beratung\"},{\"name\":\"Gemeinsam mit zwei Berater + Tippgeber\",\"percentage\":0.04,\"type\":\"consultation\",\"commission_rule_consultants\":[{\"full_name\":\"Beliebiger Berater\",\"id\":null},{\"full_name\":\"Beliebiger Berater\",\"id\":null}],\"commission_rule_intermediaries\":[{\"full_name\":\"Beliebiger Tippgeber\",\"id\":null}],\"id\":\"98852ffa-dfaa-4811-99e7-989f0269f98d\",\"type_readable\":\"Beratung\"}]','commission_rules','2020-01-02 08:25:45','2020-01-23 15:08:35',NULL),
	(17,'form_company_name','Sparkassen Immobilien GmbH','forms','2020-01-09 11:38:30','2020-01-23 15:08:35',NULL),
	(18,'email','info@spk-immo.de','address','2020-02-19 22:16:02','2020-02-19 22:16:02',NULL);
;-- -. . -..- - / . -. - .-. -.--
/*!40000 ALTER TABLE `configs` ENABLE KEYS */;
;-- -. . -..- - / . -. - .-. -.--
DROP TABLE IF EXISTS `consultants`;
;-- -. . -..- - / . -. - .-. -.--
CREATE TABLE `consultants` (
  `id` bigint(20) unsigned NOT NULL AUTO_INCREMENT,
  `user_id` bigint(20) unsigned DEFAULT NULL,
  `address_id` bigint(20) unsigned DEFAULT NULL,
  `is_active` tinyint(1) NOT NULL DEFAULT '1',
  `base_salary` double(8,2) NOT NULL DEFAULT '0.00',
  `advance_payment` double(8,2) NOT NULL DEFAULT '0.00',
  `default_commission_percentage` double(8,4) NOT NULL DEFAULT '0.0000',
  `tip_percentage` double(8,4) NOT NULL DEFAULT '0.0000',
  `financing_percentage` double(8,4) NOT NULL DEFAULT '0.0000',
  `created_at` timestamp NULL DEFAULT NULL,
  `updated_at` timestamp NULL DEFAULT NULL,
  `deleted_at` timestamp NULL DEFAULT NULL,
  `branch_office_id` bigint(20) unsigned DEFAULT NULL,
  PRIMARY KEY (`id`),
  KEY `consultants_user_id_foreign` (`user_id`),
  KEY `consultants_address_id_foreign` (`address_id`),
  KEY `consultants_branch_office_id_foreign` (`branch_office_id`),
  CONSTRAINT `consultants_address_id_foreign` FOREIGN KEY (`address_id`) REFERENCES `addresses` (`id`) ON DELETE SET NULL,
  CONSTRAINT `consultants_branch_office_id_foreign` FOREIGN KEY (`branch_office_id`) REFERENCES `branch_offices` (`id`) ON DELETE CASCADE,
  CONSTRAINT `consultants_user_id_foreign` FOREIGN KEY (`user_id`) REFERENCES `users` (`id`) ON DELETE CASCADE
) ENGINE=InnoDB DEFAULT CHARSET=utf8mb4 COLLATE=utf8mb4_unicode_ci;
;-- -. . -..- - / . -. - .-. -.--
LOCK TABLES `consultants` WRITE;
;-- -. . -..- - / . -. - .-. -.--
/*!40000 ALTER TABLE `consultants` DISABLE KEYS */;
;-- -. . -..- - / . -. - .-. -.--
INSERT INTO `consultants` (`id`, `user_id`, `address_id`, `is_active`, `base_salary`, `advance_payment`, `default_commission_percentage`, `tip_percentage`, `financing_percentage`, `created_at`, `updated_at`, `deleted_at`, `branch_office_id`)
VALUES
	(1,12,6,0,1000.00,1000.00,0.1200,0.0500,0.0000,'2019-11-11 17:10:27','2020-01-08 07:09:37',NULL,1),
	(2,13,12,0,1000.00,1000.00,0.1200,0.0500,0.5000,'2019-12-10 12:33:18','2020-01-08 09:36:29',NULL,1),
	(3,14,15,0,1000.00,0.00,0.1200,0.0500,0.5000,'2019-12-10 12:51:44','2020-03-05 13:19:16',NULL,1),
	(4,15,16,0,1000.00,1000.00,0.1200,0.0500,0.5000,'2019-12-20 11:35:51','2020-01-23 15:16:01',NULL,1),
	(5,16,17,0,2000.00,0.00,0.1200,0.0500,0.5000,'2019-12-20 11:46:56','2020-01-23 15:15:34',NULL,1),
	(6,17,18,0,3549.57,0.00,0.1500,0.0500,0.0000,'2019-12-20 11:50:14','2020-01-08 13:09:07',NULL,1),
	(7,18,19,0,1000.00,1200.00,0.1200,0.0500,0.5000,'2019-12-20 11:55:26','2020-01-08 09:47:02',NULL,1),
	(8,19,20,0,2000.00,1000.00,0.1200,0.0500,0.5000,'2019-12-20 11:57:45','2020-01-23 15:17:35',NULL,5),
	(9,20,21,0,1000.00,1800.00,0.1200,0.0500,0.5000,'2019-12-20 14:48:17','2020-01-08 16:21:38',NULL,1),
	(11,22,23,0,2000.00,1500.00,0.1600,0.0500,0.5000,'2019-12-20 14:50:59','2020-01-07 10:47:38',NULL,1),
	(12,23,24,0,1000.00,0.00,0.1200,0.0500,0.5000,'2019-12-20 14:52:44','2020-03-05 13:19:34',NULL,1),
	(13,24,25,0,4727.57,0.00,0.1000,0.0500,0.0000,'2019-12-20 16:23:30','2020-01-06 12:18:43',NULL,4),
	(15,31,52,0,2000.00,3000.00,0.1200,0.0500,0.5000,'2020-01-07 11:02:59','2020-01-07 11:03:02',NULL,1),
	(16,32,56,0,4701.47,0.00,0.1000,0.0500,0.0000,'2020-01-07 17:23:28','2020-01-07 17:23:29',NULL,3);
;-- -. . -..- - / . -. - .-. -.--
/*!40000 ALTER TABLE `consultants` ENABLE KEYS */;
;-- -. . -..- - / . -. - .-. -.--
DROP TABLE IF EXISTS `employee_representations`;
;-- -. . -..- - / . -. - .-. -.--
CREATE TABLE `employee_representations` (
  `id` bigint(20) unsigned NOT NULL AUTO_INCREMENT,
  `employee_id` bigint(20) unsigned NOT NULL,
  `representation_id` bigint(20) unsigned NOT NULL,
  `created_at` timestamp NULL DEFAULT NULL,
  `updated_at` timestamp NULL DEFAULT NULL,
  `deleted_at` timestamp NULL DEFAULT NULL,
  PRIMARY KEY (`id`),
  KEY `employee_representations_employee_id_foreign` (`employee_id`),
  KEY `employee_representations_representation_id_foreign` (`representation_id`),
  CONSTRAINT `employee_representations_employee_id_foreign` FOREIGN KEY (`employee_id`) REFERENCES `users` (`id`) ON DELETE CASCADE,
  CONSTRAINT `employee_representations_representation_id_foreign` FOREIGN KEY (`representation_id`) REFERENCES `users` (`id`) ON DELETE CASCADE
) ENGINE=InnoDB DEFAULT CHARSET=utf8mb4 COLLATE=utf8mb4_unicode_ci;
;-- -. . -..- - / . -. - .-. -.--
DROP TABLE IF EXISTS `financings`;
;-- -. . -..- - / . -. - .-. -.--
CREATE TABLE `financings` (
  `id` bigint(20) unsigned NOT NULL AUTO_INCREMENT,
  `contractor_address_id` bigint(20) unsigned DEFAULT NULL,
  `consultant_id` bigint(20) unsigned DEFAULT NULL,
  `amount` double(8,2) NOT NULL DEFAULT '0.00',
  `percent` double(8,2) NOT NULL DEFAULT '0.00',
  `commission_amount` double(8,2) NOT NULL DEFAULT '0.00',
  `financing_date` date DEFAULT NULL,
  `bank` varchar(191) COLLATE utf8mb4_unicode_ci DEFAULT NULL,
  `created_at` timestamp NULL DEFAULT NULL,
  `updated_at` timestamp NULL DEFAULT NULL,
  `deleted_at` timestamp NULL DEFAULT NULL,
  PRIMARY KEY (`id`),
  KEY `financings_contractor_address_id_foreign` (`contractor_address_id`),
  KEY `financings_consultant_id_foreign` (`consultant_id`),
  CONSTRAINT `financings_consultant_id_foreign` FOREIGN KEY (`consultant_id`) REFERENCES `consultants` (`id`) ON DELETE SET NULL,
  CONSTRAINT `financings_contractor_address_id_foreign` FOREIGN KEY (`contractor_address_id`) REFERENCES `addresses` (`id`) ON DELETE SET NULL
) ENGINE=InnoDB DEFAULT CHARSET=utf8mb4 COLLATE=utf8mb4_unicode_ci;
;-- -. . -..- - / . -. - .-. -.--
DROP TABLE IF EXISTS `intermediaries`;
;-- -. . -..- - / . -. - .-. -.--
CREATE TABLE `intermediaries` (
  `id` bigint(20) unsigned NOT NULL AUTO_INCREMENT,
  `address_id` bigint(20) unsigned DEFAULT NULL,
  `is_active` tinyint(1) NOT NULL DEFAULT '0',
  `deleted_at` timestamp NULL DEFAULT NULL,
  `created_at` timestamp NULL DEFAULT NULL,
  `updated_at` timestamp NULL DEFAULT NULL,
  `internal` tinyint(1) NOT NULL DEFAULT '0',
  PRIMARY KEY (`id`),
  KEY `intermediaries_address_id_foreign` (`address_id`),
  CONSTRAINT `intermediaries_address_id_foreign` FOREIGN KEY (`address_id`) REFERENCES `addresses` (`id`) ON DELETE SET NULL
) ENGINE=InnoDB DEFAULT CHARSET=utf8mb4 COLLATE=utf8mb4_unicode_ci;
;-- -. . -..- - / . -. - .-. -.--
LOCK TABLES `intermediaries` WRITE;
;-- -. . -..- - / . -. - .-. -.--
/*!40000 ALTER TABLE `intermediaries` DISABLE KEYS */;
;-- -. . -..- - / . -. - .-. -.--
INSERT INTO `intermediaries` (`id`, `address_id`, `is_active`, `deleted_at`, `created_at`, `updated_at`, `internal`)
VALUES
	(1,38,1,NULL,'2019-12-27 11:23:41','2019-12-27 11:23:41',0),
	(2,39,1,NULL,'2019-12-27 11:24:18','2020-01-04 21:16:51',0),
	(3,55,1,NULL,'2020-01-07 17:13:35','2020-01-07 17:13:35',0),
	(4,57,1,NULL,'2020-01-07 17:28:04','2020-01-07 17:28:04',1),
	(5,60,1,NULL,'2020-01-07 17:54:21','2020-01-07 17:54:21',1),
	(6,63,1,NULL,'2020-01-08 09:28:46','2020-01-08 09:28:46',1),
	(7,68,1,NULL,'2020-01-08 09:45:41','2020-01-08 09:45:41',1),
	(8,69,1,NULL,'2020-01-08 09:50:34','2020-01-08 09:50:34',1),
	(9,72,1,NULL,'2020-01-08 10:58:57','2020-01-08 10:58:57',1),
	(10,75,1,NULL,'2020-01-08 11:12:19','2020-01-08 11:12:19',1),
	(11,80,1,NULL,'2020-01-09 12:23:05','2020-01-09 12:23:05',0),
	(12,89,1,NULL,'2020-01-14 11:07:50','2020-01-14 11:07:50',1),
	(13,96,1,NULL,'2020-01-14 11:44:12','2020-01-14 11:44:12',1),
	(14,103,1,NULL,'2020-01-21 11:57:30','2020-01-21 12:02:08',1),
	(15,104,1,NULL,'2020-01-21 12:01:16','2020-01-21 12:01:16',1),
	(16,107,1,NULL,'2020-01-21 12:19:32','2020-01-21 12:19:32',1),
	(17,116,1,NULL,'2020-01-23 11:06:39','2020-01-23 11:06:39',1),
	(18,119,1,NULL,'2020-01-23 11:15:01','2020-01-23 11:15:01',1),
	(19,122,1,NULL,'2020-01-23 11:28:45','2020-01-23 11:36:44',0),
	(20,123,1,NULL,'2020-01-23 11:33:01','2020-01-23 11:33:01',0),
	(21,124,1,NULL,'2020-01-23 11:35:33','2020-01-23 12:04:45',0),
	(22,129,1,NULL,'2020-01-23 12:28:17','2020-01-23 12:28:17',1),
	(23,132,1,NULL,'2020-01-28 11:21:25','2020-01-28 11:21:25',1),
	(24,139,1,NULL,'2020-01-28 11:46:01','2020-01-28 11:46:01',1),
	(25,144,1,NULL,'2020-01-28 12:30:10','2020-01-28 12:30:10',1),
	(26,161,1,NULL,'2020-01-28 14:38:28','2020-01-28 14:38:28',1),
	(27,166,1,NULL,'2020-01-30 10:52:39','2020-01-30 10:52:39',1),
	(28,171,1,NULL,'2020-01-30 11:04:21','2020-01-30 11:04:21',1),
	(29,176,1,NULL,'2020-01-30 13:47:32','2020-01-30 13:47:32',1),
	(30,179,1,NULL,'2020-02-03 09:09:30','2020-02-03 09:09:30',1),
	(31,188,1,NULL,'2020-02-03 09:56:28','2020-02-03 09:56:28',1),
	(32,191,1,NULL,'2020-02-03 11:01:59','2020-02-03 11:01:59',1),
	(33,192,1,NULL,'2020-02-04 14:55:33','2020-02-04 14:55:33',1),
	(34,195,1,NULL,'2020-02-11 11:33:25','2020-02-11 11:33:25',1),
	(35,198,1,NULL,'2020-02-11 11:45:06','2020-02-11 11:45:06',1),
	(36,199,1,NULL,'2020-02-11 11:46:04','2020-02-11 11:46:04',1),
	(37,208,1,NULL,'2020-02-13 11:22:00','2020-02-13 11:22:00',1),
	(38,211,1,NULL,'2020-02-13 12:05:53','2020-02-13 12:05:53',1),
	(39,214,1,NULL,'2020-02-13 12:25:25','2020-02-13 12:25:25',1),
	(40,217,1,NULL,'2020-02-13 12:38:57','2020-02-13 12:38:57',1),
	(41,222,1,NULL,'2020-02-13 13:04:11','2020-02-13 13:04:11',1),
	(42,229,1,NULL,'2020-02-18 13:27:25','2020-02-18 13:27:25',1),
	(43,234,1,NULL,'2020-02-18 13:43:44','2020-02-18 13:43:44',1),
	(44,237,1,NULL,'2020-02-25 11:28:40','2020-02-25 11:28:40',1),
	(45,238,1,NULL,'2020-02-27 09:26:25','2020-02-27 09:26:25',1),
	(46,241,1,NULL,'2020-02-27 10:20:39','2020-02-27 10:20:39',1),
	(47,252,1,NULL,'2020-02-27 12:35:22','2020-02-27 12:35:22',1),
	(48,257,1,NULL,'2020-03-02 09:16:25','2020-03-02 09:16:25',1),
	(49,260,1,NULL,'2020-03-02 10:53:13','2020-03-02 10:53:13',1),
	(50,269,1,NULL,'2020-03-10 13:05:06','2020-03-10 13:05:06',1),
	(51,272,1,NULL,'2020-03-10 13:14:23','2020-03-10 13:14:23',1),
	(52,275,1,NULL,'2020-03-10 13:18:53','2020-03-10 13:18:53',1),
	(53,279,1,NULL,'2020-03-10 13:26:45','2020-03-10 13:26:45',1),
	(54,284,1,NULL,'2020-03-10 13:58:12','2020-03-10 13:58:12',1),
	(55,289,1,NULL,'2020-03-17 10:49:51','2020-03-17 10:49:51',1),
	(56,292,1,NULL,'2020-03-18 13:28:45','2020-03-18 13:28:45',1);
;-- -. . -..- - / . -. - .-. -.--
/*!40000 ALTER TABLE `intermediaries` ENABLE KEYS */;
;-- -. . -..- - / . -. - .-. -.--
DROP TABLE IF EXISTS `invoice_numbers`;
;-- -. . -..- - / . -. - .-. -.--
CREATE TABLE `invoice_numbers` (
  `id` bigint(20) unsigned NOT NULL AUTO_INCREMENT,
  `key` varchar(191) COLLATE utf8mb4_unicode_ci NOT NULL,
  `number` varchar(191) COLLATE utf8mb4_unicode_ci NOT NULL,
  `deleted_at` timestamp NULL DEFAULT NULL,
  `created_at` timestamp NULL DEFAULT NULL,
  `updated_at` timestamp NULL DEFAULT NULL,
  PRIMARY KEY (`id`)
) ENGINE=InnoDB DEFAULT CHARSET=utf8mb4 COLLATE=utf8mb4_unicode_ci;
;-- -. . -..- - / . -. - .-. -.--
LOCK TABLES `invoice_numbers` WRITE;
;-- -. . -..- - / . -. - .-. -.--
/*!40000 ALTER TABLE `invoice_numbers` DISABLE KEYS */;
;-- -. . -..- - / . -. - .-. -.--
INSERT INTO `invoice_numbers` (`id`, `key`, `number`, `deleted_at`, `created_at`, `updated_at`)
VALUES
	(1,'{year_short}{month_prep_zero}/','{number_prep_zero4}',NULL,'2019-11-11 02:13:52','2019-11-11 02:13:52'),
	(2,'{year_short}{month_prep_zero}/','{number_prep_zero4}',NULL,'2019-11-11 02:13:52','2019-11-11 02:13:52');
;-- -. . -..- - / . -. - .-. -.--
/*!40000 ALTER TABLE `invoice_numbers` ENABLE KEYS */;
;-- -. . -..- - / . -. - .-. -.--
DROP TABLE IF EXISTS `invoice_payments`;
;-- -. . -..- - / . -. - .-. -.--
CREATE TABLE `invoice_payments` (
  `id` bigint(20) unsigned NOT NULL AUTO_INCREMENT,
  `invoice_id` bigint(20) unsigned DEFAULT NULL,
  `amount` double(8,2) NOT NULL DEFAULT '0.00',
  `payment_date` date NOT NULL,
  `thank_you_note_date` date DEFAULT NULL,
  `comment` text COLLATE utf8mb4_unicode_ci,
  `created_at` timestamp NULL DEFAULT NULL,
  `updated_at` timestamp NULL DEFAULT NULL,
  `deleted_at` timestamp NULL DEFAULT NULL,
  PRIMARY KEY (`id`),
  KEY `invoice_payments_invoice_id_foreign` (`invoice_id`),
  CONSTRAINT `invoice_payments_invoice_id_foreign` FOREIGN KEY (`invoice_id`) REFERENCES `invoices` (`id`) ON DELETE SET NULL
) ENGINE=InnoDB DEFAULT CHARSET=utf8mb4 COLLATE=utf8mb4_unicode_ci;
;-- -. . -..- - / . -. - .-. -.--
LOCK TABLES `invoice_payments` WRITE;
;-- -. . -..- - / . -. - .-. -.--
/*!40000 ALTER TABLE `invoice_payments` DISABLE KEYS */;
;-- -. . -..- - / . -. - .-. -.--
INSERT INTO `invoice_payments` (`id`, `invoice_id`, `amount`, `payment_date`, `thank_you_note_date`, `comment`, `created_at`, `updated_at`, `deleted_at`)
VALUES
	(1,12,3000.00,'2019-12-10',NULL,NULL,'2019-12-10 12:49:15','2020-02-18 12:42:16','2020-02-18 12:42:16'),
	(2,48,4338.20,'2020-01-09','2020-01-09',NULL,'2020-01-09 12:30:46','2020-01-09 12:31:14',NULL),
	(3,49,4905.00,'2020-01-09','2020-01-09',NULL,'2020-01-09 12:33:46','2020-01-09 12:33:57',NULL),
	(4,57,500.00,'2020-01-14',NULL,NULL,'2020-01-14 13:48:03','2020-01-14 13:48:06','2020-01-14 13:48:06'),
	(5,57,9392.80,'2020-01-14',NULL,NULL,'2020-01-14 13:48:13','2020-01-14 13:48:17','2020-01-14 13:48:17'),
	(6,57,500.00,'2020-01-14',NULL,NULL,'2020-01-14 13:48:52','2020-01-14 13:48:58','2020-01-14 13:48:58'),
	(7,57,9392.80,'2020-01-14',NULL,NULL,'2020-01-14 13:49:02','2020-01-14 13:49:10','2020-01-14 13:49:10'),
	(8,11,19475.54,'2020-01-14',NULL,NULL,'2020-01-14 13:56:35','2020-01-14 13:56:43','2020-01-14 13:56:43'),
	(9,11,1500.00,'2020-01-14',NULL,NULL,'2020-01-14 13:56:51','2020-01-14 13:57:16','2020-01-14 13:57:16'),
	(10,11,17975.54,'2020-01-14',NULL,NULL,'2020-01-14 13:57:11','2020-01-14 13:57:18','2020-01-14 13:57:18'),
	(11,11,1500.00,'2020-01-15',NULL,NULL,'2020-01-15 15:39:17','2020-01-15 15:39:34','2020-01-15 15:39:34'),
	(12,77,1000.00,'2020-01-21',NULL,NULL,'2020-01-21 12:51:46','2020-01-21 12:52:01','2020-01-21 12:52:01'),
	(13,77,3570.00,'2020-01-21','2020-01-21',NULL,'2020-01-21 12:52:49','2020-01-21 12:53:02',NULL),
	(14,65,15084.20,'2020-01-23','2020-01-23',NULL,'2020-01-23 14:59:07','2020-01-23 14:59:20',NULL),
	(15,142,2046.80,'2020-01-23',NULL,NULL,'2020-01-30 13:50:00','2020-01-30 13:50:21',NULL),
	(16,21,10945.00,'2020-01-29',NULL,NULL,'2020-01-30 13:53:05','2020-01-30 13:53:30',NULL),
	(17,42,13551.90,'2020-01-17',NULL,NULL,'2020-01-30 13:57:48','2020-01-30 13:58:00',NULL),
	(18,140,4557.10,'2020-02-06',NULL,NULL,'2020-02-11 13:15:53','2020-02-11 13:15:53',NULL),
	(19,108,11542.00,'2020-02-12',NULL,NULL,'2020-02-13 10:26:13','2020-02-13 10:26:13',NULL),
	(20,23,7497.00,'2020-02-12',NULL,NULL,'2020-02-13 10:28:06','2020-02-13 10:28:15',NULL),
	(21,73,4776.00,'2020-02-12',NULL,NULL,'2020-02-13 10:29:17','2020-02-13 10:29:22',NULL),
	(22,170,17550.00,'2019-12-23',NULL,NULL,'2020-02-13 12:27:10','2020-02-13 12:27:10',NULL),
	(23,171,8955.00,'2020-02-18','2020-02-18',NULL,'2020-02-18 12:20:30','2020-02-18 12:34:37',NULL),
	(24,153,15721.00,'2020-01-31',NULL,NULL,'2020-02-18 12:21:32','2020-02-18 13:47:23',NULL),
	(25,66,17055.00,'2019-09-05',NULL,NULL,'2020-02-18 12:21:46','2020-02-18 13:46:32',NULL),
	(26,154,17775.00,'2019-09-26',NULL,NULL,'2020-02-18 12:21:58','2020-02-18 13:48:08',NULL),
	(27,89,10945.00,'2020-01-21',NULL,NULL,'2020-02-18 12:22:10','2020-02-18 13:48:55',NULL),
	(28,90,12375.00,'2019-10-07',NULL,NULL,'2020-02-18 12:22:23','2020-02-18 13:49:29',NULL),
	(29,121,29988.00,'2020-01-21',NULL,NULL,'2020-02-18 12:22:28','2020-02-18 13:50:04',NULL),
	(30,59,8636.60,'2020-01-14',NULL,NULL,'2020-02-18 12:22:38','2020-02-18 13:51:31',NULL),
	(31,60,9765.00,'2019-10-29',NULL,NULL,'2020-02-18 12:22:43','2020-02-18 13:52:11',NULL),
	(32,99,12258.40,'2020-01-28',NULL,NULL,'2020-02-18 12:23:01','2020-02-18 13:53:31',NULL),
	(33,100,13860.00,'2020-01-28',NULL,NULL,'2020-02-18 12:23:06','2020-02-18 13:54:02',NULL),
	(34,126,25074.00,'2020-01-07',NULL,NULL,'2020-02-18 12:23:15','2020-02-18 13:54:47',NULL),
	(35,127,28350.00,'2020-01-07',NULL,NULL,'2020-02-18 12:23:20','2020-02-18 13:55:09',NULL),
	(36,141,10305.00,'2020-01-07',NULL,NULL,'2020-02-18 12:24:49','2020-02-18 13:57:03',NULL),
	(37,84,13253.40,'2020-01-23','2020-02-19',NULL,'2020-02-18 12:25:08','2020-02-19 23:03:34',NULL),
	(38,85,14985.00,'2019-12-10',NULL,NULL,'2020-02-18 12:25:13','2020-02-18 13:58:24',NULL),
	(39,138,10547.00,'2020-01-07',NULL,NULL,'2020-02-18 12:25:18','2020-02-18 13:58:59',NULL),
	(40,139,11925.00,'2019-12-17',NULL,NULL,'2020-02-18 12:25:23','2020-02-18 13:59:32',NULL),
	(41,136,19502.00,'2019-12-10',NULL,NULL,'2020-02-18 12:25:29','2020-02-18 14:00:00',NULL),
	(42,137,22050.00,'2020-01-07',NULL,NULL,'2020-02-18 12:25:37','2020-02-18 14:00:31',NULL),
	(43,67,8576.90,'2020-01-14',NULL,NULL,'2020-02-18 12:25:41','2020-02-18 14:01:08',NULL),
	(44,68,9697.50,'2019-12-30',NULL,NULL,'2020-02-18 12:25:45','2020-02-18 14:01:37',NULL),
	(45,117,4975.00,'2020-01-31',NULL,NULL,'2020-02-18 12:25:53','2020-02-18 14:02:04',NULL),
	(46,118,5625.00,'2019-12-10',NULL,NULL,'2020-02-18 12:25:57','2020-02-18 14:02:35',NULL),
	(47,122,17830.40,'2020-01-21',NULL,NULL,'2020-02-18 12:26:02','2020-02-18 14:03:07',NULL),
	(48,123,20160.00,'2020-01-07',NULL,NULL,'2020-02-18 12:26:07','2020-02-18 14:03:29',NULL),
	(49,116,13905.00,'2019-12-10',NULL,NULL,'2020-02-18 12:26:12','2020-02-18 14:04:30',NULL),
	(50,57,9392.80,'2020-02-18',NULL,NULL,'2020-02-18 12:26:17','2020-02-18 12:26:17',NULL),
	(51,58,10620.00,'2020-01-14',NULL,NULL,'2020-02-18 12:26:22','2020-02-18 14:05:24',NULL),
	(52,63,7442.60,'2020-01-09',NULL,NULL,'2020-02-18 12:26:29','2020-02-18 14:05:47',NULL),
	(53,64,8415.00,'2019-12-12',NULL,NULL,'2020-02-18 12:26:33','2020-02-18 14:06:07',NULL),
	(54,62,10348.00,'2020-01-28',NULL,NULL,'2020-02-18 12:26:40','2020-02-18 14:06:40',NULL),
	(55,61,11700.00,'2020-01-14',NULL,NULL,'2020-02-18 12:26:45','2020-02-18 14:07:03',NULL),
	(56,114,8145.00,'2019-12-12',NULL,NULL,'2020-02-18 12:26:49','2020-02-18 14:07:45',NULL),
	(57,112,4950.00,'2020-01-21',NULL,NULL,'2020-02-18 12:26:53','2020-02-18 14:08:16',NULL),
	(58,124,23283.00,'2019-12-10',NULL,NULL,'2020-02-18 12:26:57','2020-02-18 14:08:42',NULL),
	(59,125,26325.00,'2020-01-07',NULL,NULL,'2020-02-18 12:27:02','2020-02-18 14:09:03',NULL),
	(60,44,5790.90,'2020-01-31',NULL,NULL,'2020-02-18 12:27:07','2020-02-18 14:10:00',NULL),
	(61,45,6547.50,'2020-01-09',NULL,NULL,'2020-02-18 12:27:34','2020-02-18 14:10:41',NULL),
	(62,42,13551.90,'2020-01-31',NULL,NULL,'2020-02-18 12:27:46','2020-02-18 14:11:13',NULL),
	(63,43,30645.00,'2020-01-14',NULL,NULL,'2020-02-18 12:28:02','2020-02-18 14:11:43',NULL),
	(64,41,50400.00,'2020-01-31',NULL,NULL,'2020-02-18 12:28:11','2020-02-18 14:12:32',NULL),
	(65,39,2485.02,'2020-01-23',NULL,NULL,'2020-02-18 12:28:16','2020-02-18 14:12:59',NULL),
	(66,37,15975.00,'2019-12-27',NULL,NULL,'2020-02-18 12:28:20','2020-02-18 14:13:31',NULL),
	(67,33,9930.00,'2020-01-31',NULL,NULL,'2020-02-18 12:28:24','2020-02-18 14:13:55',NULL),
	(68,34,22342.50,'2019-12-27',NULL,NULL,'2020-02-18 14:14:34','2020-02-18 14:14:49',NULL),
	(69,31,7363.00,'2020-01-31',NULL,NULL,'2020-02-18 14:15:17','2020-02-18 14:15:23',NULL),
	(70,32,8325.00,'2020-01-09',NULL,NULL,'2020-02-18 14:15:50','2020-02-18 14:15:50',NULL),
	(71,30,2884.50,'2019-12-27',NULL,NULL,'2020-02-18 14:16:23','2020-02-18 14:16:37',NULL),
	(72,110,13050.00,'2020-01-07',NULL,NULL,'2020-02-18 14:17:34','2020-02-18 14:17:34',NULL),
	(73,98,14175.00,'2020-01-28',NULL,NULL,'2020-02-18 14:18:18','2020-02-18 14:18:28',NULL),
	(74,22,12375.00,'2020-01-07',NULL,NULL,'2020-02-18 14:19:05','2020-02-18 14:19:11',NULL),
	(75,26,14190.75,'2020-01-09',NULL,NULL,'2020-02-18 14:19:27','2020-02-18 14:19:46',NULL),
	(76,102,5265.00,'2020-01-09',NULL,NULL,'2020-02-18 14:20:24','2020-02-18 14:20:30',NULL),
	(77,87,8910.00,'2020-01-21',NULL,NULL,'2020-02-18 14:21:03','2020-02-18 14:21:14',NULL),
	(78,142,767.55,'2020-02-11',NULL,NULL,'2020-02-18 14:21:46','2020-02-18 14:21:46',NULL),
	(79,47,16425.00,'2020-01-21',NULL,NULL,'2020-02-18 14:22:18','2020-02-18 14:22:23',NULL),
	(80,56,6975.00,'2020-02-11',NULL,NULL,'2020-02-18 14:23:02','2020-02-18 14:23:06',NULL),
	(81,71,19800.00,'2020-02-11',NULL,NULL,'2020-02-18 14:23:33','2020-02-18 14:23:37',NULL),
	(82,74,5400.00,'2020-01-30',NULL,NULL,'2020-02-18 14:24:57','2020-02-18 14:25:04',NULL),
	(83,129,12825.00,'2020-02-11',NULL,NULL,'2020-02-18 14:26:00','2020-02-18 14:26:54',NULL),
	(84,94,13500.00,'2020-02-18',NULL,NULL,'2020-02-18 14:26:07','2020-02-18 14:26:07',NULL),
	(85,131,17550.00,'2020-02-11',NULL,NULL,'2020-02-18 14:27:14','2020-02-18 14:27:23',NULL),
	(86,134,5532.20,'2020-02-11',NULL,NULL,'2020-02-18 14:27:53','2020-02-18 14:28:02',NULL),
	(87,135,6255.00,'2020-02-11',NULL,NULL,'2020-02-18 14:28:23','2020-02-18 14:28:27',NULL),
	(88,143,4165.00,'2020-02-18',NULL,NULL,'2020-02-18 14:28:41','2020-02-18 14:28:41',NULL),
	(89,161,6049.60,'2020-02-24','2020-02-25',NULL,'2020-02-25 10:03:58','2020-02-25 10:04:12',NULL),
	(90,167,3808.00,'2020-02-24',NULL,NULL,'2020-02-25 10:12:51','2020-02-25 10:12:51',NULL),
	(91,78,5174.00,'2020-02-21',NULL,NULL,'2020-02-25 10:13:45','2020-02-25 10:13:52',NULL),
	(92,144,3735.00,'2020-02-21',NULL,NULL,'2020-02-25 10:15:13','2020-02-25 10:15:18',NULL),
	(93,40,44576.00,'2020-02-18',NULL,NULL,'2020-02-25 10:17:40','2020-02-25 10:17:46',NULL),
	(94,157,6169.00,'2020-02-18',NULL,NULL,'2020-02-25 10:22:04','2020-02-25 10:22:09',NULL),
	(95,133,4905.00,'2020-02-24',NULL,NULL,'2020-02-25 10:25:10','2020-02-25 10:25:16',NULL),
	(96,168,7200.00,'2020-02-19',NULL,NULL,'2020-02-25 10:26:40','2020-02-25 10:26:46',NULL),
	(97,146,16425.00,'2020-02-18',NULL,NULL,'2020-02-25 10:27:37','2020-02-25 10:27:42',NULL),
	(98,140,4557.10,'2020-02-18',NULL,NULL,'2020-02-25 10:29:03','2020-02-25 10:29:12',NULL),
	(99,162,6840.00,'2020-02-24',NULL,NULL,'2020-02-25 10:30:36','2020-02-25 10:30:40',NULL),
	(100,103,20230.00,'2020-02-26','2020-02-27',NULL,'2020-02-27 09:22:38','2020-02-27 09:23:18',NULL),
	(101,160,12680.32,'2020-02-26','2020-02-27',NULL,'2020-02-27 09:28:01','2020-02-27 09:28:20',NULL),
	(102,158,6975.00,'2020-02-27',NULL,NULL,'2020-02-27 09:30:12','2020-02-27 09:30:12',NULL),
	(103,93,11940.00,'2020-02-28',NULL,NULL,'2020-03-02 09:32:30','2020-03-02 09:32:41',NULL),
	(104,183,13520.25,'2020-02-27',NULL,NULL,'2020-03-02 09:34:20','2020-03-02 09:34:28',NULL),
	(105,46,10950.00,'2020-03-02',NULL,NULL,'2020-03-10 08:38:20','2020-03-10 08:38:26',NULL),
	(106,91,4975.00,'2020-03-02',NULL,NULL,'2020-03-10 08:39:47','2020-03-10 08:39:54',NULL),
	(107,205,8505.00,'2020-03-09',NULL,NULL,'2020-03-10 09:47:24','2020-03-10 09:47:33',NULL),
	(108,203,11250.00,'2020-03-09',NULL,NULL,'2020-03-10 09:52:41','2020-03-10 09:52:47',NULL),
	(109,55,3689.00,'2020-03-09',NULL,NULL,'2020-03-10 09:54:01','2020-03-10 09:54:06',NULL),
	(110,198,15875.00,'2020-03-06','2020-03-10',NULL,'2020-03-10 09:55:25','2020-03-10 09:55:42',NULL),
	(111,187,8153.14,'2020-03-06','2020-03-10',NULL,'2020-03-10 10:00:29','2020-03-10 10:00:44',NULL),
	(112,184,20938.05,'2020-03-05',NULL,NULL,'2020-03-10 10:03:29','2020-03-10 10:03:35',NULL),
	(113,80,7282.80,'2020-03-03',NULL,NULL,'2020-03-10 10:04:33','2020-03-10 10:04:37',NULL),
	(114,79,5850.00,'2020-03-03',NULL,NULL,'2020-03-10 10:06:19','2020-03-10 10:06:23',NULL),
	(115,91,4975.00,'2020-03-03',NULL,NULL,'2020-03-10 10:13:04','2020-03-10 10:13:08',NULL),
	(116,164,11250.00,'2020-03-02',NULL,NULL,'2020-03-10 10:14:59','2020-03-10 10:15:04',NULL),
	(117,166,43110.00,'2020-03-02',NULL,NULL,'2020-03-10 10:16:16','2020-03-10 10:16:23',NULL),
	(118,70,17512.00,'2020-03-18',NULL,NULL,'2020-03-18 11:47:36','2020-03-18 11:47:36',NULL),
	(119,83,17370.00,'2020-03-18',NULL,NULL,'2020-03-18 11:48:32','2020-03-18 11:48:32',NULL),
	(120,128,11343.00,'2020-03-18',NULL,NULL,'2020-03-18 11:49:25','2020-03-18 11:49:25',NULL),
	(121,151,29623.00,'2020-03-18',NULL,NULL,'2020-03-18 12:01:38','2020-03-18 12:01:38',NULL),
	(122,155,11144.00,'2020-03-18',NULL,NULL,'2020-03-18 12:02:29','2020-03-18 12:02:29',NULL),
	(123,163,9950.00,'2020-03-18',NULL,NULL,'2020-03-18 12:03:06','2020-03-18 12:03:06',NULL);
;-- -. . -..- - / . -. - .-. -.--
/*!40000 ALTER TABLE `invoice_payments` ENABLE KEYS */;
;-- -. . -..- - / . -. - .-. -.--
DROP TABLE IF EXISTS `invoices`;
;-- -. . -..- - / . -. - .-. -.--
CREATE TABLE `invoices` (
  `id` bigint(20) unsigned NOT NULL AUTO_INCREMENT,
  `real_estate_id` bigint(20) unsigned DEFAULT NULL,
  `invoiceable_type` varchar(191) COLLATE utf8mb4_unicode_ci NOT NULL,
  `invoiceable_id` bigint(20) unsigned NOT NULL,
  `is_rented` tinyint(1) NOT NULL DEFAULT '0',
  `invoice_number` varchar(191) COLLATE utf8mb4_unicode_ci DEFAULT NULL,
  `invoice_date` date DEFAULT NULL,
  `payment_deadline` date DEFAULT NULL,
  `amount_gross` double(10,2) NOT NULL DEFAULT '0.00',
  `amount_net` double(10,2) NOT NULL DEFAULT '0.00',
  `is_payed` tinyint(1) NOT NULL DEFAULT '0',
  `comment` text COLLATE utf8mb4_unicode_ci,
  `created_at` timestamp NULL DEFAULT NULL,
  `updated_at` timestamp NULL DEFAULT NULL,
  `deleted_at` timestamp NULL DEFAULT NULL,
  PRIMARY KEY (`id`),
  KEY `invoices_real_estate_id_foreign` (`real_estate_id`),
  KEY `inv_able` (`invoiceable_type`,`invoiceable_id`),
  KEY `inv` (`invoiceable_id`,`invoiceable_type`),
  CONSTRAINT `invoices_real_estate_id_foreign` FOREIGN KEY (`real_estate_id`) REFERENCES `real_estates` (`id`) ON DELETE SET NULL
) ENGINE=InnoDB DEFAULT CHARSET=utf8mb4 COLLATE=utf8mb4_unicode_ci;
;-- -. . -..- - / . -. - .-. -.--
LOCK TABLES `invoices` WRITE;
;-- -. . -..- - / . -. - .-. -.--
/*!40000 ALTER TABLE `invoices` DISABLE KEYS */;
;-- -. . -..- - / . -. - .-. -.--
INSERT INTO `invoices` (`id`, `real_estate_id`, `invoiceable_type`, `invoiceable_id`, `is_rented`, `invoice_number`, `invoice_date`, `payment_deadline`, `amount_gross`, `amount_net`, `is_payed`, `comment`, `created_at`, `updated_at`, `deleted_at`)
VALUES
	(9,1,'App\\Models\\Seller',1,0,'1911/001','2019-11-21','2019-12-05',0.00,0.00,0,NULL,'2019-11-21 15:10:05','2019-11-21 15:15:51','2019-11-21 15:15:51'),
	(10,1,'App\\Models\\Seller',1,0,'1911/002','2019-11-21','2019-12-05',41650.00,35000.00,0,NULL,'2019-11-21 15:15:43','2019-11-21 15:16:05','2019-11-21 15:16:05'),
	(11,2,'App\\Models\\Seller',2,0,'1911/001','2019-11-22','2019-12-06',19475.54,16366.00,0,NULL,'2019-11-22 16:01:52','2020-01-30 11:36:37','2020-01-30 11:36:37'),
	(12,3,'App\\Models\\Seller',4,0,'1912/001','2019-12-10','2020-01-31',5790.90,4866.30,0,NULL,'2019-12-10 12:40:58','2020-02-18 12:42:16','2020-02-19 11:16:55'),
	(13,3,'App\\Models\\Buyer',3,0,'1912/002','2019-12-10','2020-01-08',6547.50,5502.10,0,NULL,'2019-12-10 12:41:30','2019-12-10 12:41:30',NULL),
	(14,4,'App\\Models\\Seller',5,0,'1912/003','2019-12-20','2020-01-03',0.00,0.00,0,NULL,'2019-12-20 16:29:20','2019-12-27 10:06:49','2019-12-27 10:06:49'),
	(15,5,'App\\Models\\Seller',6,0,'1912/004','2019-12-20','2020-01-03',11542.00,9699.16,0,NULL,'2019-12-20 16:42:09','2020-01-28 12:45:11','2020-01-28 12:45:11'),
	(16,4,'App\\Models\\Seller',5,0,'1912/005','2019-12-27','2020-01-24',14190.75,11925.00,0,NULL,'2019-12-27 10:06:29','2019-12-27 10:06:53','2019-12-27 10:06:53'),
	(17,4,'App\\Models\\Seller',5,0,'1912/029','2019-12-27','2020-01-10',14190.75,11925.00,0,NULL,'2019-12-27 10:06:42','2020-01-02 16:47:36','2020-01-02 16:47:36'),
	(18,6,'App\\Models\\Seller',7,0,'1912/027','2019-12-27','2020-01-24',20230.00,17000.00,0,'Nach der ersten Kaufpreiszahlung','2019-12-27 11:03:40','2019-12-30 16:11:41','2019-12-30 16:11:41'),
	(19,7,'App\\Models\\Seller',8,0,'1912/025','2019-12-19','2020-01-24',28560.00,24000.00,0,NULL,'2019-12-27 11:09:19','2020-01-28 11:52:32',NULL),
	(20,8,'App\\Models\\Seller',9,0,'1912/0203','2019-12-27','2020-01-24',28560.00,24000.00,0,'Zahlung nach der ersten Kaufpreisrate','2019-12-27 11:15:04','2020-01-28 12:37:17','2020-01-28 12:37:17'),
	(21,9,'App\\Models\\Seller',10,0,'1912/021','2019-12-27','2020-01-31',10945.00,9197.48,1,NULL,'2019-12-27 11:21:39','2020-01-30 13:53:30',NULL),
	(22,9,'App\\Models\\Buyer',9,0,'1912/022','2019-12-27','2020-01-10',12375.00,10399.16,1,NULL,'2019-12-27 11:22:14','2020-02-18 14:19:11',NULL),
	(23,10,'App\\Models\\Seller',11,0,'1912/019','2019-12-27','2020-03-02',7497.00,6300.00,1,NULL,'2019-12-27 11:41:23','2020-02-13 10:28:15',NULL),
	(24,10,'App\\Models\\Buyer',10,0,'1912/030','2019-12-27','2020-01-31',14175.00,11911.76,0,NULL,'2019-12-27 11:42:59','2020-01-28 11:56:16','2020-01-28 11:56:16'),
	(25,6,'App\\Models\\Seller',7,0,'1912/031','2019-12-30','2020-01-29',20230.00,17000.00,0,NULL,'2019-12-30 16:11:14','2020-01-09 15:09:00','2020-01-09 15:09:00'),
	(26,4,'App\\Models\\Seller',5,0,'1912/029','2019-12-27','2020-02-10',14190.75,11925.00,1,NULL,'2020-01-02 16:49:41','2020-02-18 14:19:46',NULL),
	(27,12,'App\\Models\\Buyer',12,0,'2001/001','2020-01-03','2020-02-02',2814.35,2365.00,0,NULL,'2020-01-03 16:32:09','2020-01-30 13:49:47','2020-01-30 13:49:47'),
	(28,13,'App\\Models\\Seller',14,0,'1912/015','2019-12-17','2020-01-31',3570.00,3000.00,0,NULL,'2020-01-07 17:01:28','2020-01-21 12:49:56','2020-01-21 12:49:56'),
	(29,13,'App\\Models\\Buyer',13,0,'1912/016','2019-12-17','2020-01-31',2884.50,2423.95,0,NULL,'2020-01-07 17:06:04','2020-01-07 17:06:43','2020-01-07 17:06:43'),
	(30,13,'App\\Models\\Buyer',13,0,'1912/016','2019-12-17','2020-01-31',2884.50,2423.95,1,NULL,'2020-01-07 17:08:40','2020-02-18 14:16:37',NULL),
	(31,14,'App\\Models\\Seller',15,0,'1912/013','2019-12-17','2020-02-01',7363.00,6187.39,1,NULL,'2020-01-07 17:31:10','2020-02-18 14:15:23',NULL),
	(32,14,'App\\Models\\Buyer',14,0,'1912/014','2019-12-17','2020-02-01',8325.00,6995.80,1,NULL,'2020-01-07 17:32:14','2020-02-18 14:15:50',NULL),
	(33,15,'App\\Models\\Seller',16,0,'1912/011','2019-12-17','2019-12-31',9930.00,8344.54,1,NULL,'2020-01-07 17:57:15','2020-02-18 14:13:55',NULL),
	(34,15,'App\\Models\\Buyer',15,0,'1912/012','2019-12-17','2019-12-31',22342.50,18775.21,1,NULL,'2020-01-07 17:58:09','2020-02-18 14:14:49',NULL),
	(35,16,'App\\Models\\Seller',17,0,'1912/009','2019-12-17','2020-05-07',14129.00,11873.11,0,NULL,'2020-01-08 09:31:16','2020-01-08 09:32:21','2020-01-08 09:32:21'),
	(36,16,'App\\Models\\Seller',17,0,'1912/009','2019-12-17','2020-05-07',14129.00,11873.11,0,NULL,'2020-01-08 09:32:05','2020-01-08 09:32:05',NULL),
	(37,16,'App\\Models\\Buyer',16,0,'1912/010','2019-12-17','2020-01-31',15975.00,13424.37,1,NULL,'2020-01-08 09:32:54','2020-02-18 14:13:31',NULL),
	(38,17,'App\\Models\\Buyer',17,0,'1912/008','2019-12-12','2020-01-31',2957.17,2485.02,0,NULL,'2020-01-08 09:43:43','2020-01-08 09:44:03','2020-01-08 09:44:03'),
	(39,17,'App\\Models\\Buyer',17,0,'1912/008','2019-12-12','2020-01-31',2485.02,2088.25,1,NULL,'2020-01-08 09:44:29','2020-02-18 14:12:59',NULL),
	(40,18,'App\\Models\\Seller',19,0,'1912/006','2019-12-12','2020-02-20',44576.00,37458.82,1,NULL,'2020-01-08 09:53:32','2020-02-25 10:17:46',NULL),
	(41,18,'App\\Models\\Buyer',18,0,'1912/007','2019-12-12','2020-01-02',50400.00,42352.94,1,NULL,'2020-01-08 09:54:35','2020-02-18 14:12:32',NULL),
	(42,19,'App\\Models\\Seller',20,0,'1912/003+004','2019-12-12','2019-12-12',27103.80,22776.30,1,NULL,'2020-01-08 11:02:57','2020-02-18 14:11:13',NULL),
	(43,19,'App\\Models\\Buyer',19,0,'1912/005','2019-12-12','2019-12-12',30645.00,25752.10,1,NULL,'2020-01-08 11:04:18','2020-02-18 14:11:43',NULL),
	(44,20,'App\\Models\\Seller',21,0,'1912/001','2019-12-10','2020-01-31',5790.90,4866.30,1,NULL,'2020-01-08 11:14:49','2020-02-18 14:10:00',NULL),
	(45,20,'App\\Models\\Buyer',20,0,'1912/002','2019-12-10','2020-01-08',6547.50,5502.10,1,NULL,'2020-01-08 11:15:37','2020-02-18 14:10:41',NULL),
	(46,21,'App\\Models\\Seller',22,0,'2001/001','2020-01-09','2020-01-27',10950.00,9201.68,1,NULL,'2020-01-09 12:10:44','2020-03-10 08:38:26',NULL),
	(47,21,'App\\Models\\Buyer',21,0,'2001/002','2020-01-09','2020-01-27',16425.00,13802.52,1,NULL,'2020-01-09 12:14:16','2020-02-18 14:22:23',NULL),
	(48,22,'App\\Models\\Seller',23,0,'1911/006','2019-11-12','2019-12-31',4338.20,3645.55,1,NULL,'2020-01-09 12:29:00','2020-01-09 12:30:46',NULL),
	(49,22,'App\\Models\\Buyer',22,0,'1911/007','2019-11-12','2019-12-31',4905.00,4121.85,1,NULL,'2020-01-09 12:30:06','2020-01-09 12:33:46',NULL),
	(50,6,'App\\Models\\Seller',7,0,'1912/031','2019-12-30','2020-01-29',20230.00,17000.00,0,NULL,'2020-01-09 15:09:26','2020-01-28 12:34:21','2020-01-28 12:34:21'),
	(51,1,'App\\Models\\Seller',1,0,'2001/003','2020-01-13','2020-02-12',0.00,0.00,0,NULL,'2020-01-13 21:50:58','2020-01-13 21:53:55','2020-01-13 21:53:55'),
	(52,1,'App\\Models\\Seller',1,0,'2001/003','2020-01-13','2020-02-12',0.00,0.00,0,NULL,'2020-01-13 21:53:58','2020-01-13 21:55:44','2020-01-13 21:55:44'),
	(53,1,'App\\Models\\Seller',1,0,'2001/003','2020-01-13','2020-02-12',0.00,0.00,0,NULL,'2020-01-13 21:55:47','2020-01-13 21:59:11','2020-01-13 21:59:11'),
	(54,1,'App\\Models\\Buyer',1,0,'2001/003','2020-01-13','2020-02-12',0.00,0.00,0,NULL,'2020-01-13 21:59:13','2020-01-13 21:59:27','2020-01-13 21:59:27'),
	(55,23,'App\\Models\\Seller',24,0,'2001/003','2020-01-14','2020-02-01',3689.00,3100.00,1,NULL,'2020-01-14 10:12:35','2020-03-10 09:54:06',NULL),
	(56,23,'App\\Models\\Buyer',23,0,'2001/004','2020-01-14','2020-02-01',6975.00,5861.34,1,NULL,'2020-01-14 10:13:10','2020-02-18 14:23:06',NULL),
	(57,24,'App\\Models\\Seller',25,0,'1911/038','2019-11-28','2020-02-15',9392.80,7893.11,1,NULL,'2020-01-14 10:30:02','2020-02-18 12:26:17',NULL),
	(58,24,'App\\Models\\Buyer',24,0,'1911/039','2019-11-28','2020-02-13',10620.00,8924.37,1,NULL,'2020-01-14 10:30:40','2020-02-18 14:05:24',NULL),
	(59,25,'App\\Models\\Seller',26,0,'1910/001','2019-10-07','2020-02-13',8636.60,7257.65,1,NULL,'2020-01-14 10:50:40','2020-02-18 13:51:31',NULL),
	(60,25,'App\\Models\\Buyer',25,0,'1910/002','2019-10-07','2020-02-13',9765.00,8205.88,1,NULL,'2020-01-14 10:52:58','2020-02-18 13:52:11',NULL),
	(61,26,'App\\Models\\Buyer',26,0,'1911/046','2019-11-28','2020-02-13',11700.00,9831.93,1,NULL,'2020-01-14 11:18:43','2020-02-18 14:07:03',NULL),
	(62,26,'App\\Models\\Seller',27,0,'1911/044 und 045','2019-11-28','2020-02-13',10348.00,8695.80,1,NULL,'2020-01-14 11:19:10','2020-02-18 14:06:40',NULL),
	(63,27,'App\\Models\\Seller',28,0,'1911/040','2019-11-28','2020-02-13',7442.60,6254.29,1,NULL,'2020-01-14 11:27:49','2020-02-18 14:05:47',NULL),
	(64,27,'App\\Models\\Buyer',27,0,'1911/041','2019-11-28','2020-02-13',8415.00,7071.43,1,NULL,'2020-01-14 11:28:24','2020-02-18 14:06:07',NULL),
	(65,28,'App\\Models\\Seller',29,0,'1906/020','2019-06-25','2020-02-13',15084.20,12675.80,1,NULL,'2020-01-14 11:47:44','2020-01-23 14:59:07',NULL),
	(66,28,'App\\Models\\Buyer',28,0,'1906/021','2019-06-25','2020-02-13',17055.00,14331.93,1,NULL,'2020-01-14 11:48:22','2020-02-18 13:46:32',NULL),
	(67,29,'App\\Models\\Seller',30,0,'1911/028','2019-11-26','2020-02-13',8576.90,7207.48,1,NULL,'2020-01-14 11:59:39','2020-02-18 14:01:08',NULL),
	(68,29,'App\\Models\\Buyer',29,0,'1911/029','2020-01-14','2020-02-13',9697.50,8149.16,1,NULL,'2020-01-14 11:59:50','2020-02-18 14:01:37',NULL),
	(69,29,'App\\Models\\Buyer',29,0,'1911/029','2019-11-26','2020-02-13',9697.50,8149.16,0,NULL,'2020-01-14 12:00:28','2020-01-14 12:00:59','2020-01-14 12:00:59'),
	(70,30,'App\\Models\\Seller',32,0,'2001/005','2020-01-21','2020-03-15',17512.00,14715.97,1,NULL,'2020-01-21 12:06:51','2020-03-18 11:47:36',NULL),
	(71,30,'App\\Models\\Buyer',30,0,'2001/006','2020-01-21','2020-03-15',19800.00,16638.66,1,NULL,'2020-01-21 12:07:31','2020-02-18 14:23:37',NULL),
	(72,30,'App\\Models\\Seller',32,0,'2001/007','2020-01-21','2020-03-15',17512.00,14715.97,0,NULL,'2020-01-21 12:07:48','2020-01-21 12:08:20','2020-01-21 12:08:20'),
	(73,31,'App\\Models\\Seller',33,0,'2001/007','2020-01-21','2020-02-18',4776.00,4013.45,1,NULL,'2020-01-21 12:23:49','2020-02-13 10:29:22',NULL),
	(74,31,'App\\Models\\Buyer',31,0,'2001/008','2020-01-21','2020-02-18',5400.00,4537.82,1,NULL,'2020-01-21 12:24:07','2020-02-18 14:25:04',NULL),
	(75,32,'App\\Models\\Seller',34,0,'2001/009','2020-01-21','2020-02-20',10825.49,9097.05,0,'Fälligkeit nach Eingang der ersten Kaufpreisrate','2020-01-21 12:40:28','2020-01-21 12:40:28',NULL),
	(76,32,'App\\Models\\Buyer',32,0,'2001/010','2020-01-21','2020-02-20',0.00,0.00,0,NULL,'2020-01-21 12:40:39','2020-01-21 12:40:39',NULL),
	(77,13,'App\\Models\\Seller',14,0,'1912/015','2019-12-17','2020-01-31',3570.00,3000.00,1,NULL,'2020-01-21 12:50:24','2020-01-21 12:52:49',NULL),
	(78,33,'App\\Models\\Seller',37,0,'2001/011','2020-01-23','2020-03-01',5174.00,4347.90,1,NULL,'2020-01-23 11:03:51','2020-02-25 10:13:52',NULL),
	(79,33,'App\\Models\\Buyer',33,0,'2001/012','2020-01-23','2020-03-01',5850.00,4915.97,1,NULL,'2020-01-23 11:04:12','2020-03-10 10:06:23',NULL),
	(80,34,'App\\Models\\Seller',38,0,'2001/013','2020-01-23','2020-03-01',7282.80,6120.00,1,NULL,'2020-01-23 11:13:39','2020-03-10 10:04:37',NULL),
	(81,34,'App\\Models\\Buyer',34,0,'2001/014','2020-01-23','2020-03-01',13770.00,11571.43,0,NULL,'2020-01-23 11:13:52','2020-01-23 11:13:52',NULL),
	(82,35,'App\\Models\\Seller',39,0,'2001/015','2020-01-23','2020-02-06',15362.80,12909.92,0,NULL,'2020-01-23 11:23:35','2020-01-23 11:23:35',NULL),
	(83,35,'App\\Models\\Buyer',35,0,'2001/016','2020-01-23','2020-02-06',17370.00,14596.64,1,NULL,'2020-01-23 11:23:54','2020-03-18 11:48:32',NULL),
	(84,36,'App\\Models\\Seller',40,0,'1911/017','2019-11-19','2019-12-27',13253.40,11137.31,1,NULL,'2020-01-23 11:57:16','2020-02-18 13:57:55',NULL),
	(85,36,'App\\Models\\Buyer',36,0,'1911/018','2019-11-19','2019-12-03',14985.00,12592.44,1,NULL,'2020-01-23 11:58:19','2020-02-18 13:58:24',NULL),
	(86,37,'App\\Models\\Seller',41,0,'1912/033','2019-12-27','2020-01-16',7880.40,6622.18,0,NULL,'2020-01-23 12:21:02','2020-01-23 12:21:43',NULL),
	(87,37,'App\\Models\\Buyer',37,0,'1912/034','2019-12-27','2020-01-16',8910.00,7487.39,1,NULL,'2020-01-23 12:22:29','2020-02-18 14:21:14',NULL),
	(88,37,'App\\Models\\Buyer',37,0,'1912/034','2019-12-27','2020-01-16',8910.00,7487.39,0,NULL,'2020-01-23 12:24:40','2020-01-23 12:24:49','2020-01-23 12:24:49'),
	(89,38,'App\\Models\\Seller',42,0,'1909/027','2019-09-26','2019-11-01',10945.00,9197.48,1,NULL,'2020-01-23 12:52:52','2020-02-18 13:48:55',NULL),
	(90,38,'App\\Models\\Buyer',38,0,'1909/028','2019-09-26','2019-11-01',12375.00,10399.16,1,NULL,'2020-01-23 12:53:25','2020-02-18 13:49:29',NULL),
	(91,39,'App\\Models\\Seller',43,0,'2001/017+018','2020-01-28','2020-04-01',9950.00,8361.34,1,'1/2 zahlt Engelbert Rölver','2020-01-28 11:26:30','2020-03-10 10:13:08',NULL),
	(92,39,'App\\Models\\Buyer',39,0,'2001/019','2020-01-28','2020-04-01',11250.00,9453.78,0,NULL,'2020-01-28 11:27:01','2020-01-28 11:27:01',NULL),
	(93,40,'App\\Models\\Seller',44,0,'2001/020','2020-01-28','2020-02-11',11940.00,10033.61,1,NULL,'2020-01-28 11:38:07','2020-03-02 09:32:41',NULL),
	(94,40,'App\\Models\\Buyer',40,0,'2001/021','2020-01-28','2020-02-11',13500.00,11344.54,1,NULL,'2020-01-28 11:38:20','2020-02-18 14:26:07',NULL),
	(95,41,'App\\Models\\Seller',45,0,'2001/022','2020-01-28','2020-05-04',11386.78,9568.72,0,NULL,'2020-01-28 11:44:04','2020-01-28 11:44:04',NULL),
	(96,41,'App\\Models\\Buyer',41,0,'2001/023','2020-01-28','2020-05-04',12874.50,10818.91,0,NULL,'2020-01-28 11:44:32','2020-01-28 11:44:32',NULL),
	(97,7,'App\\Models\\Buyer',7,0,'1912/026','2019-12-19','2020-02-11',0.00,0.00,0,NULL,'2020-01-28 11:51:50','2020-01-28 11:51:50',NULL),
	(98,10,'App\\Models\\Buyer',10,0,'1912/020','2019-12-19','2020-01-31',14175.00,11911.76,1,NULL,'2020-01-28 11:55:55','2020-02-18 14:18:28',NULL),
	(99,42,'App\\Models\\Seller',46,0,'1910/026','2019-10-31','2020-03-01',12258.40,10301.18,1,NULL,'2020-01-28 12:10:21','2020-02-18 13:53:31',NULL),
	(100,42,'App\\Models\\Buyer',42,0,'1910/027','2019-10-31','2020-03-01',13860.00,11647.06,1,NULL,'2020-01-28 12:10:39','2020-02-18 13:54:02',NULL),
	(101,43,'App\\Models\\Seller',47,0,'1912/031','2019-12-27','2020-02-01',4656.60,3913.11,0,NULL,'2020-01-28 12:27:09','2020-01-28 12:27:30',NULL),
	(102,43,'App\\Models\\Buyer',43,0,'1912/032','2019-12-27','2020-02-01',5265.00,4424.37,1,NULL,'2020-01-28 12:27:52','2020-02-18 14:20:30',NULL),
	(103,6,'App\\Models\\Seller',7,0,'1912/027','2019-12-19','2020-02-11',20230.00,17000.00,1,NULL,'2020-01-28 12:33:30','2020-02-27 09:22:43',NULL),
	(104,6,'App\\Models\\Buyer',6,0,'1912/028','2019-12-19','2020-02-11',0.00,0.00,0,NULL,'2020-01-28 12:33:47','2020-01-28 12:33:47',NULL),
	(105,8,'App\\Models\\Seller',9,0,'1912/023','2019-12-19','2020-02-11',28560.00,24000.00,0,NULL,'2020-01-28 12:36:46','2020-01-28 12:36:46',NULL),
	(106,8,'App\\Models\\Buyer',8,0,'1912/024','2019-12-19','2020-02-11',0.00,0.00,0,NULL,'2020-01-28 12:37:26','2020-01-28 12:37:48',NULL),
	(107,9,'App\\Models\\Seller',10,0,'1912/021','2020-01-28','2020-02-11',10945.00,9197.48,0,NULL,'2020-01-28 12:40:33','2020-01-30 13:52:52','2020-01-30 13:52:52'),
	(108,5,'App\\Models\\Seller',6,0,'1912/017','2019-12-17','2019-12-31',11542.00,9699.16,1,NULL,'2020-01-28 12:45:05','2020-02-13 10:26:13',NULL),
	(109,5,'App\\Models\\Buyer',5,0,'1912/018','2019-12-17','2019-12-31',13085.70,10996.39,0,NULL,'2020-01-28 12:45:54','2020-01-28 12:47:37','2020-01-28 12:47:37'),
	(110,5,'App\\Models\\Buyer',5,0,'1912/018','2019-12-17','2019-12-31',13050.00,10966.39,1,NULL,'2020-01-28 12:47:30','2020-02-18 14:17:34',NULL),
	(111,44,'App\\Models\\Seller',48,0,'1911/049','2019-11-30','2020-02-01',4378.00,3678.99,0,'c/o Frau Regina Greve','2020-01-28 13:18:43','2020-01-28 13:18:43',NULL),
	(112,44,'App\\Models\\Buyer',44,0,'1911/050','2019-11-30','2020-02-01',4950.00,4159.66,1,NULL,'2020-01-28 13:19:01','2020-02-18 14:08:16',NULL),
	(113,45,'App\\Models\\Seller',49,0,'1911/047','2019-11-30','2020-02-01',7203.80,6053.61,0,NULL,'2020-01-28 13:24:31','2020-01-28 13:24:31',NULL),
	(114,45,'App\\Models\\Buyer',45,0,'1911/048','2019-11-30','2020-02-01',8145.00,6844.54,1,NULL,'2020-01-28 13:24:51','2020-02-18 14:07:45',NULL),
	(115,46,'App\\Models\\Seller',50,0,'1911/036','2019-11-28','2020-07-01',12298.20,10334.62,0,NULL,'2020-01-28 13:32:19','2020-01-28 13:32:45',NULL),
	(116,46,'App\\Models\\Buyer',46,0,'1911/037','2019-11-28','2019-12-31',13905.00,11684.87,1,NULL,'2020-01-28 13:33:05','2020-02-18 14:04:30',NULL),
	(117,47,'App\\Models\\Seller',51,0,'1911/030','2019-11-26','2019-12-31',4975.00,4180.67,1,NULL,'2020-01-28 13:40:05','2020-02-18 14:02:04',NULL),
	(118,47,'App\\Models\\Buyer',47,0,'1911/031','2019-11-26','2019-12-11',5625.00,4726.89,1,NULL,'2020-01-28 13:40:43','2020-02-18 14:02:35',NULL),
	(119,48,'App\\Models\\Seller',52,0,'1909/035','2019-09-26','2019-10-30',0.00,25200.00,0,NULL,'2020-01-28 13:53:43','2020-01-28 13:56:41','2020-01-28 13:56:41'),
	(120,48,'App\\Models\\Buyer',48,0,'1909/036','2019-09-26','2020-02-11',0.00,0.00,1,NULL,'2020-01-28 13:54:47','2020-02-03 11:44:00',NULL),
	(121,48,'App\\Models\\Seller',52,0,'1909/035','2019-09-26','2020-02-11',29988.00,25200.00,1,NULL,'2020-01-28 13:56:31','2020-02-18 13:50:04',NULL),
	(122,49,'App\\Models\\Seller',53,0,'1911/032','2019-11-26','2020-01-15',17830.40,14983.53,1,NULL,'2020-01-28 14:12:52','2020-02-18 14:03:07',NULL),
	(123,49,'App\\Models\\Buyer',49,0,'1911/033','2019-11-26','2020-01-15',20160.00,16941.18,1,NULL,'2020-01-28 14:14:01','2020-02-18 14:03:29',NULL),
	(124,50,'App\\Models\\Seller',54,0,'1911/051','2019-11-30','2020-01-01',23283.00,19565.55,1,NULL,'2020-01-28 14:28:25','2020-02-18 14:08:42',NULL),
	(125,50,'App\\Models\\Buyer',50,0,'1911/052','2019-11-30','2020-01-01',26325.00,22121.85,1,NULL,'2020-01-28 14:28:49','2020-02-18 14:09:03',NULL),
	(126,51,'App\\Models\\Seller',55,0,'1911/003+004','2019-11-07','2019-12-27',25074.00,21070.59,1,NULL,'2020-01-28 14:35:40','2020-02-18 13:54:47',NULL),
	(127,51,'App\\Models\\Buyer',51,0,'1911/005','2019-11-07','2019-12-27',28350.00,23823.53,1,NULL,'2020-01-28 14:36:34','2020-02-18 13:55:09',NULL),
	(128,52,'App\\Models\\Seller',56,0,'2001/024','2020-01-30','2020-03-13',11343.00,9531.93,1,NULL,'2020-01-30 10:44:40','2020-03-18 11:49:25',NULL),
	(129,52,'App\\Models\\Buyer',52,0,'2001/025','2020-01-30','2020-03-13',12825.00,10777.31,1,NULL,'2020-01-30 10:44:58','2020-02-18 14:26:54',NULL),
	(130,53,'App\\Models\\Seller',57,0,'2001/026','2020-01-30','2020-03-10',15522.00,13043.70,0,NULL,'2020-01-30 10:51:05','2020-01-30 10:51:05',NULL),
	(131,53,'App\\Models\\Buyer',53,0,'2001/027','2020-01-30','2020-02-13',17550.00,14747.90,1,NULL,'2020-01-30 10:51:19','2020-02-18 14:27:23',NULL),
	(132,54,'App\\Models\\Seller',58,0,'2001/028','2020-01-30','2020-04-01',4338.20,3645.55,0,NULL,'2020-01-30 10:57:47','2020-01-30 10:57:47',NULL),
	(133,54,'App\\Models\\Buyer',54,0,'2001/029','2020-01-30','2020-04-01',4905.00,4121.85,1,NULL,'2020-01-30 10:58:06','2020-02-25 10:25:16',NULL),
	(134,55,'App\\Models\\Seller',59,0,'2001/030','2020-01-30','2020-02-13',5532.20,4648.91,1,NULL,'2020-01-30 11:02:48','2020-02-18 14:28:02',NULL),
	(135,55,'App\\Models\\Buyer',55,0,'2001/031','2020-01-30','2020-02-29',6255.00,5256.30,1,NULL,'2020-01-30 11:03:10','2020-02-18 14:28:27',NULL),
	(136,2,'App\\Models\\Seller',2,0,'1911/021','2019-11-21','2020-01-02',19502.00,16388.24,1,NULL,'2020-01-30 11:36:26','2020-02-18 14:00:00',NULL),
	(137,2,'App\\Models\\Buyer',2,0,'1911/022','2020-01-30','2020-02-13',22050.00,18529.41,1,NULL,'2020-01-30 11:37:16','2020-02-18 14:00:31',NULL),
	(138,56,'App\\Models\\Seller',60,0,'1911/019','2019-11-19','2020-01-02',10547.00,8863.03,1,NULL,'2020-01-30 11:45:31','2020-02-18 13:58:59',NULL),
	(139,56,'App\\Models\\Buyer',56,0,'1911/020','2019-11-19','2020-01-02',11925.00,10021.01,1,NULL,'2020-01-30 11:46:03','2020-02-18 13:59:32',NULL),
	(140,57,'App\\Models\\Seller',61,0,'1911/008+009','2019-11-12','2019-12-31',9114.20,7658.99,1,NULL,'2020-01-30 12:00:32','2020-02-25 10:29:12',NULL),
	(141,57,'App\\Models\\Buyer',57,0,'1911/010','2019-11-12','2019-12-31',10305.00,8659.66,1,NULL,'2020-01-30 12:01:10','2020-02-18 13:57:03',NULL),
	(142,12,'App\\Models\\Buyer',12,0,'1912/035','2019-12-27','2020-01-31',2814.35,2365.00,1,NULL,'2020-01-30 13:45:12','2020-02-18 14:21:46',NULL),
	(143,58,'App\\Models\\Seller',62,0,'2001/038','2020-01-31','2020-03-01',4165.00,3500.00,1,NULL,'2020-02-03 09:10:20','2020-02-18 14:28:41',NULL),
	(144,58,'App\\Models\\Buyer',58,0,'2001/039','2020-01-31','2020-02-15',3735.00,3138.66,1,NULL,'2020-02-03 09:10:47','2020-02-25 10:15:18',NULL),
	(145,59,'App\\Models\\Seller',63,0,'2001/040','2020-01-31','2020-08-01',14527.00,12207.56,0,NULL,'2020-02-03 09:24:12','2020-02-03 09:24:12',NULL),
	(146,59,'App\\Models\\Buyer',59,0,'2001/041','2020-01-31','2020-03-02',16425.00,13802.52,1,NULL,'2020-02-03 09:24:46','2020-02-25 10:27:42',NULL),
	(147,60,'App\\Models\\Seller',64,0,'2001/032','2020-01-30','2020-03-15',85625.00,71953.78,0,'Fällig: nach Eingang des Kaufpreises','2020-02-03 09:33:47','2020-02-03 09:33:47',NULL),
	(148,60,'App\\Models\\Buyer',60,0,'2001/033','2020-01-30','2020-02-20',154125.00,129516.81,0,NULL,'2020-02-03 09:34:39','2020-02-03 09:34:39',NULL),
	(149,61,'App\\Models\\Seller',65,0,'2001/034','2020-01-30','2020-03-30',8375.70,7038.40,0,'Fällig: nach Eingang der ersten Kaufpreisrate','2020-02-03 09:45:45','2020-02-03 09:45:45',NULL),
	(150,61,'App\\Models\\Buyer',61,0,'2001/035','2020-01-30','2020-02-17',0.00,0.00,0,NULL,'2020-02-03 09:46:00','2020-02-03 09:46:14',NULL),
	(151,62,'App\\Models\\Seller',66,0,'2001/036','2020-01-30','2020-03-01',29623.00,24893.28,1,NULL,'2020-02-03 09:54:45','2020-03-18 12:01:38',NULL),
	(152,62,'App\\Models\\Buyer',62,0,'2001/037','2020-01-30','2020-02-13',93825.00,78844.54,0,NULL,'2020-02-03 09:55:02','2020-02-03 09:55:34',NULL),
	(153,63,'App\\Models\\Seller',67,0,'1907/058','2019-07-31','2020-02-01',15721.00,13210.92,1,NULL,'2020-02-03 10:59:59','2020-02-18 13:47:26',NULL),
	(154,63,'App\\Models\\Buyer',63,0,'1907/059','2019-07-31','2019-09-01',17775.00,14936.97,1,NULL,'2020-02-03 11:00:37','2020-02-18 13:48:08',NULL),
	(155,64,'App\\Models\\Seller',68,0,'2002/001','2020-02-11','2020-03-01',11144.00,9364.71,1,NULL,'2020-02-11 11:31:27','2020-03-18 12:02:29',NULL),
	(156,64,'App\\Models\\Buyer',64,0,'2002/002','2020-02-11','2020-03-01',12600.00,10588.24,0,NULL,'2020-02-11 11:31:45','2020-02-11 11:31:45',NULL),
	(157,65,'App\\Models\\Seller',69,0,'2002/003','2020-02-11','2020-03-01',6169.00,5184.03,1,NULL,'2020-02-11 11:39:19','2020-02-25 10:22:09',NULL),
	(158,65,'App\\Models\\Buyer',65,0,'2002/004','2020-02-11','2020-03-01',6975.00,5861.34,1,NULL,'2020-02-11 11:39:39','2020-02-27 09:30:12',NULL),
	(159,66,'App\\Models\\Seller',70,0,'2002/005','2020-02-11','2020-04-01',11215.04,9424.41,0,NULL,'2020-02-11 11:52:33','2020-02-11 11:52:33',NULL),
	(160,66,'App\\Models\\Buyer',66,0,'2002/006','2020-02-11','2020-02-25',12680.32,10655.74,1,NULL,'2020-02-11 11:52:51','2020-02-27 09:28:06',NULL),
	(161,67,'App\\Models\\Seller',71,0,'2002/007','2020-02-11','2020-03-02',6049.60,5083.70,1,NULL,'2020-02-11 11:57:18','2020-02-25 10:03:58',NULL),
	(162,67,'App\\Models\\Buyer',67,0,'2002/008','2020-02-11','2020-03-02',6840.00,5747.90,1,NULL,'2020-02-11 11:57:39','2020-02-25 10:30:40',NULL),
	(163,68,'App\\Models\\Seller',72,0,'2002/009','2020-02-13','2020-03-01',9950.00,8361.34,1,NULL,'2020-02-13 08:50:17','2020-03-18 12:03:06',NULL),
	(164,68,'App\\Models\\Buyer',68,0,'2002/010','2020-02-13','2020-03-01',11250.00,9453.78,1,NULL,'2020-02-13 08:50:28','2020-03-10 10:15:04',NULL),
	(165,69,'App\\Models\\Seller',73,0,'2002/011','2020-02-13','2020-04-02',19160.00,16100.84,0,NULL,'2020-02-13 11:20:11','2020-02-13 11:20:11',NULL),
	(166,69,'App\\Models\\Buyer',69,0,'2002/012','2020-02-13','2020-03-03',43110.00,36226.89,1,NULL,'2020-02-13 11:20:40','2020-03-10 10:16:23',NULL),
	(167,70,'App\\Models\\Seller',74,0,'1911/015','2019-11-19','2020-01-01',3808.00,3200.00,1,NULL,'2020-02-13 12:03:36','2020-02-25 10:12:51',NULL),
	(168,70,'App\\Models\\Buyer',70,0,'1911/016','2019-11-19','2020-01-01',7200.00,6050.42,1,NULL,'2020-02-13 12:04:13','2020-02-25 10:26:46',NULL),
	(169,71,'App\\Models\\Seller',75,0,'1910/011','2019-10-29','2020-01-30',15522.00,13043.70,0,NULL,'2020-02-13 12:23:10','2020-02-13 12:23:10',NULL),
	(170,71,'App\\Models\\Buyer',71,0,'1910/012','2019-10-29','2019-11-14',17550.00,14747.90,1,NULL,'2020-02-13 12:23:43','2020-02-13 12:27:10',NULL),
	(171,72,'App\\Models\\Seller',76,0,'1910/007','2019-10-29','2020-01-01',8955.00,7525.21,1,NULL,'2020-02-13 12:37:07','2020-02-18 12:20:30',NULL),
	(172,72,'App\\Models\\Buyer',72,0,'1910/008','2019-10-29','2020-01-01',10125.00,8508.40,0,NULL,'2020-02-13 12:37:45','2020-02-13 12:37:45',NULL),
	(173,73,'App\\Models\\Seller',77,0,'1909/046','2019-09-30','2019-11-25',3600.00,3025.21,0,'noch nicht gezahlt am 13.02.2020 Bu','2020-02-13 12:51:25','2020-02-13 12:51:25',NULL),
	(174,73,'App\\Models\\Buyer',73,0,'1909/047','2019-09-30','2019-11-20',8100.00,6806.72,0,'Ich habe als Berater mö eingetragen,\nda vo nicht im Programm','2020-02-13 12:52:41','2020-02-13 12:52:41',NULL),
	(175,74,'App\\Models\\Seller',78,0,'1902/024','2019-02-26','2020-02-27',14042.00,11800.00,0,NULL,'2020-02-13 13:00:41','2020-02-13 13:00:41',NULL),
	(176,74,'App\\Models\\Buyer',74,0,'1902/025','2019-02-26','2020-02-27',0.00,0.00,0,NULL,'2020-02-13 13:01:33','2020-02-13 13:01:33',NULL),
	(177,75,'App\\Models\\Seller',79,0,'1805/016','2018-05-22','2020-02-27',0.00,0.00,0,'Rechnung noch offen 13.02.2020','2020-02-13 13:11:25','2020-02-13 13:13:13','2020-02-13 13:13:13'),
	(178,75,'App\\Models\\Seller',79,0,'1805/016','2017-05-22','2020-02-27',14042.00,11800.00,0,'Rechnung ist noch offen 13.2.2020 Bu','2020-02-13 13:13:05','2020-02-13 13:13:05',NULL),
	(179,75,'App\\Models\\Buyer',75,0,'1805/017','2018-05-22','2020-02-27',0.00,0.00,0,NULL,'2020-02-13 13:14:04','2020-02-13 13:14:04',NULL),
	(180,76,'App\\Models\\Seller',80,0,'1805/014','2018-05-22','2020-02-27',15660.40,13160.00,0,'Rechnung noch offen 13.02.20202','2020-02-13 13:19:08','2020-02-13 13:19:08',NULL),
	(181,76,'App\\Models\\Buyer',76,0,'1805/015','2018-05-22','2020-02-27',0.00,0.00,0,NULL,'2020-02-13 13:19:38','2020-02-13 13:19:38',NULL),
	(182,77,'App\\Models\\Seller',81,0,'2002/013','2020-02-18','2020-03-31',11957.91,10048.66,0,NULL,'2020-02-18 13:26:06','2020-02-18 13:26:06',NULL),
	(183,77,'App\\Models\\Buyer',77,0,'2002/014','2020-02-18','2020-03-31',13520.25,11361.55,1,NULL,'2020-02-18 13:26:23','2020-03-02 09:34:28',NULL),
	(184,78,'App\\Models\\Seller',82,0,'2002/015','2020-02-18','2020-03-03',20938.05,17595.00,1,NULL,'2020-02-18 13:33:46','2020-03-10 10:03:35',NULL),
	(185,78,'App\\Models\\Buyer',78,0,'2002/016','2020-02-18','2020-03-03',0.00,0.00,0,NULL,'2020-02-18 13:33:56','2020-02-18 13:33:56',NULL),
	(186,79,'App\\Models\\Seller',83,0,'2002/017','2020-02-18','2020-03-03',7211.00,6059.67,0,'Adresse Neuseeland','2020-02-18 13:42:18','2020-02-18 13:42:18',NULL),
	(187,79,'App\\Models\\Buyer',79,0,'2002/018','2020-02-18','2020-04-01',8153.14,6851.38,1,NULL,'2020-02-18 13:42:38','2020-03-10 10:00:34',NULL),
	(188,80,'App\\Models\\Seller',84,0,'2002/019','2020-02-25','2020-08-01',10149.00,8528.57,0,NULL,'2020-02-25 11:29:34','2020-02-25 11:29:34',NULL),
	(189,80,'App\\Models\\Buyer',80,0,'2002/020','2020-02-25','2020-08-01',11475.00,9642.86,0,NULL,'2020-02-25 11:29:47','2020-02-25 11:29:47',NULL),
	(190,81,'App\\Models\\Seller',85,0,'2002/021','2020-02-27','2020-08-01',13890.20,11672.44,0,NULL,'2020-02-27 10:15:35','2020-02-27 10:15:35',NULL),
	(191,81,'App\\Models\\Buyer',81,0,'2002/022','2020-02-27','2020-05-01',15705.00,13197.48,0,NULL,'2020-02-27 10:15:56','2020-02-27 10:15:56',NULL),
	(192,82,'App\\Models\\Seller',86,0,'2002/023','2020-02-27','2020-05-01',8370.00,7033.61,0,NULL,'2020-02-27 10:30:46','2020-02-27 10:30:46',NULL),
	(193,82,'App\\Models\\Buyer',82,0,'2002/024','2020-02-27','2020-05-01',12555.00,10550.42,0,NULL,'2020-02-27 10:31:00','2020-02-27 10:31:00',NULL),
	(194,83,'App\\Models\\Seller',87,0,'2002/025','2020-02-27','2020-05-02',11566.80,9720.00,0,NULL,'2020-02-27 10:44:58','2020-02-27 10:44:58',NULL),
	(195,83,'App\\Models\\Buyer',83,0,'2002/026','2020-02-27','2020-03-12',0.00,0.00,0,NULL,'2020-02-27 10:45:05','2020-02-27 10:45:05',NULL),
	(196,84,'App\\Models\\Seller',88,0,'2002/027','2020-02-27','2020-04-01',9451.57,7942.50,0,NULL,'2020-02-27 10:53:18','2020-02-27 10:53:18',NULL),
	(197,84,'App\\Models\\Buyer',84,0,'2002/028','2020-02-27','2020-03-12',0.00,0.00,0,NULL,'2020-02-27 10:53:27','2020-02-27 10:53:27',NULL),
	(198,85,'App\\Models\\Seller',89,0,'2002/029','2020-02-27','2020-03-31',15875.00,13340.34,1,NULL,'2020-02-27 10:58:58','2020-03-10 09:55:32',NULL),
	(199,85,'App\\Models\\Buyer',85,0,'2002/030','2020-02-27','2020-03-31',55575.00,46701.68,0,NULL,'2020-02-27 10:59:22','2020-02-27 10:59:22',NULL),
	(200,86,'App\\Models\\Seller',90,0,'2002/031','2020-02-27','2020-05-01',13571.80,11404.87,0,NULL,'2020-02-27 12:33:05','2020-02-27 12:33:05',NULL),
	(201,86,'App\\Models\\Buyer',86,0,'2002/032','2020-02-27','2020-05-01',15345.00,12894.96,0,NULL,'2020-02-27 12:33:40','2020-02-27 12:33:40',NULL),
	(202,87,'App\\Models\\Seller',91,0,'2002/033','2020-02-28','2020-04-01',8925.00,7500.00,0,NULL,'2020-03-02 09:02:02','2020-03-02 09:02:02',NULL),
	(203,87,'App\\Models\\Buyer',87,0,'2002/034','2020-02-28','2020-04-01',11250.00,9453.78,1,NULL,'2020-03-02 09:02:36','2020-03-10 09:52:47',NULL),
	(204,88,'App\\Models\\Seller',92,0,'2002/035','2020-02-28','2020-04-01',7522.20,6321.18,0,NULL,'2020-03-02 09:13:46','2020-03-02 09:14:14',NULL),
	(205,88,'App\\Models\\Buyer',88,0,'2002/036','2020-02-28','2020-04-01',8505.00,7147.06,1,NULL,'2020-03-02 09:14:58','2020-03-10 09:47:33',NULL),
	(206,89,'App\\Models\\Seller',93,0,'2002/037','2020-02-28','2020-03-16',26268.00,22073.95,0,NULL,'2020-03-02 10:51:55','2020-03-02 10:51:55',NULL),
	(207,89,'App\\Models\\Buyer',89,0,'2002/038','2020-02-28','2020-03-16',29700.00,24957.98,0,NULL,'2020-03-02 10:52:12','2020-03-02 10:52:25',NULL),
	(208,90,'App\\Models\\Seller',94,0,'2003/001','2020-03-10','2020-03-24',3781.00,3177.31,0,NULL,'2020-03-10 12:49:56','2020-03-10 12:49:56',NULL),
	(209,90,'App\\Models\\Buyer',90,0,'2003/002','2020-03-10','2020-03-24',3800.00,3193.28,0,NULL,'2020-03-10 12:50:12','2020-03-10 12:50:12',NULL),
	(210,91,'App\\Models\\Seller',95,0,'2003/003','2020-03-10','2020-03-24',20230.00,17000.00,0,NULL,'2020-03-10 12:54:45','2020-03-10 12:54:45',NULL),
	(211,91,'App\\Models\\Buyer',91,0,'2003/004','2020-03-10','2020-03-24',0.00,0.00,0,NULL,'2020-03-10 12:54:55','2020-03-10 12:54:55',NULL),
	(212,92,'App\\Models\\Seller',96,0,'2003/005','2020-03-10','2020-03-24',3391.50,2850.00,0,NULL,'2020-03-10 12:59:00','2020-03-10 12:59:00',NULL),
	(213,92,'App\\Models\\Buyer',92,0,'2003/006','2020-03-10','2020-03-24',3391.50,2850.00,0,NULL,'2020-03-10 12:59:07','2020-03-10 12:59:07',NULL),
	(214,93,'App\\Models\\Seller',97,0,'2003/007','2020-03-10','2020-06-01',3164.10,2658.91,0,NULL,'2020-03-10 13:02:41','2020-03-10 13:02:41',NULL),
	(215,93,'App\\Models\\Buyer',93,0,'2003/008','2020-03-10','2020-06-01',3577.50,3006.30,0,NULL,'2020-03-10 13:03:00','2020-03-10 13:03:00',NULL),
	(216,94,'App\\Models\\Seller',98,0,'2003/009','2020-03-10','2020-03-31',22367.60,18796.30,0,NULL,'2020-03-10 13:12:55','2020-03-10 13:12:55',NULL),
	(217,94,'App\\Models\\Buyer',94,0,'2003/010','2020-03-10','2020-03-31',25290.00,21252.10,0,NULL,'2020-03-10 13:13:09','2020-03-10 13:13:09',NULL),
	(218,95,'App\\Models\\Seller',99,0,'2003/011','2020-03-10','2020-03-24',21293.00,17893.28,0,NULL,'2020-03-10 13:17:43','2020-03-10 13:17:43',NULL),
	(219,95,'App\\Models\\Buyer',95,0,'2003/012','2020-03-10','2020-03-24',24075.00,20231.09,0,NULL,'2020-03-10 13:17:48','2020-03-10 13:17:48',NULL),
	(220,96,'App\\Models\\Buyer',96,0,'2003/013','2020-03-10','2020-03-24',0.00,0.00,0,NULL,'2020-03-10 13:27:59','2020-03-10 13:28:30','2020-03-10 13:28:30'),
	(221,97,'App\\Models\\Seller',104,0,'2003/014 und 2003/015','2020-03-10','2020-04-30',12736.00,10702.52,0,NULL,'2020-03-10 13:56:39','2020-03-10 13:56:39',NULL),
	(222,97,'App\\Models\\Buyer',97,0,'2003/016','2020-03-10','2020-03-24',14400.00,12100.84,0,NULL,'2020-03-10 13:56:49','2020-03-10 13:56:49',NULL),
	(223,98,'App\\Models\\Seller',105,0,'2003/017','2020-03-16','2020-10-15',17114.00,14381.51,0,NULL,'2020-03-16 12:46:15','2020-03-16 12:46:15',NULL),
	(224,98,'App\\Models\\Buyer',98,0,'2003/018','2020-03-16','2020-10-15',19350.00,16260.50,0,NULL,'2020-03-16 12:47:12','2020-03-16 12:47:12',NULL),
	(225,99,'App\\Models\\Seller',106,0,'2003/019','2020-03-17','2020-07-30',17512.00,14715.97,0,NULL,'2020-03-17 10:47:26','2020-03-17 10:47:26',NULL),
	(226,99,'App\\Models\\Buyer',99,0,'2003/020','2020-03-17','2020-07-30',19800.01,16638.66,0,NULL,'2020-03-17 10:47:56','2020-03-17 10:47:56',NULL),
	(227,100,'App\\Models\\Seller',107,0,'2003/021','2020-03-18','2020-05-15',29531.90,24816.72,0,'Die Rechnung wird nach Eingang des Kaufpreises bei den Verkäufern fällig.','2020-03-18 13:24:02','2020-03-18 13:24:02',NULL),
	(228,100,'App\\Models\\Buyer',100,0,'2003/022','2020-03-18','2020-04-01',53572.50,45018.91,0,NULL,'2020-03-18 13:26:10','2020-03-18 13:26:10',NULL);
;-- -. . -..- - / . -. - .-. -.--
/*!40000 ALTER TABLE `invoices` ENABLE KEYS */;
;-- -. . -..- - / . -. - .-. -.--
DROP TABLE IF EXISTS `media`;
;-- -. . -..- - / . -. - .-. -.--
CREATE TABLE `media` (
  `id` bigint(20) unsigned NOT NULL AUTO_INCREMENT,
  `model_type` varchar(191) COLLATE utf8mb4_unicode_ci NOT NULL,
  `model_id` bigint(20) unsigned NOT NULL,
  `collection_name` varchar(191) COLLATE utf8mb4_unicode_ci NOT NULL,
  `name` varchar(191) COLLATE utf8mb4_unicode_ci NOT NULL,
  `file_name` varchar(191) COLLATE utf8mb4_unicode_ci NOT NULL,
  `mime_type` varchar(191) COLLATE utf8mb4_unicode_ci DEFAULT NULL,
  `disk` varchar(191) COLLATE utf8mb4_unicode_ci NOT NULL,
  `size` bigint(20) unsigned NOT NULL,
  `manipulations` json NOT NULL,
  `custom_properties` json NOT NULL,
  `responsive_images` json NOT NULL,
  `order_column` int(10) unsigned DEFAULT NULL,
  `created_at` timestamp NULL DEFAULT NULL,
  `updated_at` timestamp NULL DEFAULT NULL,
  PRIMARY KEY (`id`),
  KEY `media_model_type_model_id_index` (`model_type`,`model_id`)
) ENGINE=InnoDB DEFAULT CHARSET=utf8mb4 COLLATE=utf8mb4_unicode_ci;
;-- -. . -..- - / . -. - .-. -.--
INSERT INTO `migrations` (`id`, `migration`, `batch`)
VALUES
	(1,'2013_07_08_095130_create_addresses_table',1),
	(2,'2014_08_06_134331_create_roles_table',1),
	(3,'2014_08_06_134332_create_users_table',1),
	(4,'2014_08_06_134333_create_password_resets_table',1),
	(5,'2016_06_01_000001_create_oauth_auth_codes_table',1),
	(6,'2016_06_01_000002_create_oauth_access_tokens_table',1),
	(7,'2016_06_01_000003_create_oauth_refresh_tokens_table',1),
	(8,'2016_06_01_000004_create_oauth_clients_table',1),
	(9,'2016_06_01_000005_create_oauth_personal_access_clients_table',1),
	(10,'2019_07_08_095140_create_business_segments_table',1),
	(11,'2019_07_08_170215_create_real_estate_object_types_table',1),
	(12,'2019_07_08_204249_create_branch_offices_table',1),
	(13,'2019_07_09_003902_create_consultants_table',1),
	(14,'2019_07_09_151643_create_real_estates_table',1),
	(15,'2019_07_09_212142_create_buyers_table',1),
	(16,'2019_07_09_212525_create_sellers_table',1),
	(17,'2019_09_02_205834_create_intermediaries_table',1),
	(18,'2019_09_02_211207_create_commission_recipients_table',1),
	(19,'2019_09_17_113157_create_invoices_table',1),
	(20,'2019_09_18_193601_create_invoice_numbers_table',1),
	(21,'2019_09_30_100505_create_branch_office_business_goals_table',1),
	(22,'2019_10_01_185031_create_commissions_table',1),
	(23,'2019_10_03_164751_create_configs_table',1),
	(24,'2019_10_13_100622_create_financings_table',1),
	(25,'2019_10_20_204519_create_invoice_payments_table',1),
	(26,'2019_10_23_193429_create_commission_rules_table',1),
	(27,'2019_10_23_194556_create_commission_rule_consultants_table',1),
	(28,'2019_10_23_194609_create_commission_rule_intermediaries_table',1),
	(29,'2019_10_24_204827_create_media_table',1),
	(30,'2019_10_28_223400_create_yearly_business_goals_table',1),
	(31,'2019_12_21_000001_update_address_table',2),
	(32,'2019_12_22_000001_update_real_estate_object_types_table',2),
	(33,'2019_12_22_000002_update_consultants_table',2),
	(34,'2019_12_29_000001_update_intermediaries_table',2),
	(35,'2019_12_30_000001_update_config_table',3),
	(36,'2020_01_01_000001_update_address_table2',3),
	(37,'2019_12_26_134716_create_employee_representations_table',4),
	(38,'2019_12_26_203106_create_official_holidays_table',4),
	(39,'2019_12_26_203115_create_absence_types_table',4),
	(40,'2019_12_26_203117_create_absences_table',4);
;-- -. . -..- - / . -. - .-. -.--
DROP TABLE IF EXISTS `oauth_access_tokens`;
;-- -. . -..- - / . -. - .-. -.--
CREATE TABLE `oauth_access_tokens` (
  `id` varchar(100) COLLATE utf8mb4_unicode_ci NOT NULL,
  `user_id` int(11) DEFAULT NULL,
  `client_id` int(10) unsigned NOT NULL,
  `name` varchar(191) COLLATE utf8mb4_unicode_ci DEFAULT NULL,
  `scopes` text COLLATE utf8mb4_unicode_ci,
  `revoked` tinyint(1) NOT NULL,
  `created_at` timestamp NULL DEFAULT NULL,
  `updated_at` timestamp NULL DEFAULT NULL,
  `expires_at` datetime DEFAULT NULL,
  PRIMARY KEY (`id`),
  KEY `oauth_access_tokens_user_id_index` (`user_id`)
) ENGINE=InnoDB DEFAULT CHARSET=utf8mb4 COLLATE=utf8mb4_unicode_ci;
;-- -. . -..- - / . -. - .-. -.--
LOCK TABLES `oauth_access_tokens` WRITE;
;-- -. . -..- - / . -. - .-. -.--
/*!40000 ALTER TABLE `oauth_access_tokens` DISABLE KEYS */;
;-- -. . -..- - / . -. - .-. -.--
INSERT INTO `oauth_access_tokens` (`id`, `user_id`, `client_id`, `name`, `scopes`, `revoked`, `created_at`, `updated_at`, `expires_at`)
VALUES
	('01d8da6bf6320d7e7b3c82f90d08fc1ad757639096a35b7bb31fd2141a05bf365c81a241882316d7',26,1,'Personal Access Token','[]',1,'2020-02-27 09:20:55','2020-02-27 09:20:55','2020-03-05 09:20:55'),
	('026b4a3e431f5f938d6f3221e5b43d6e8f714b13c4ec65982b61be24d52069a763e7de95e51766e2',11,1,'Personal Access Token','[]',0,'2019-11-19 08:56:43','2019-11-19 08:56:43','2019-11-26 08:56:43'),
	('03ab49fd98fbe1cf838017cfbf798471c24046a60091cdeaeb8278e6d139512e445b86aca9661928',35,1,'Personal Access Token','[]',0,'2020-01-21 10:30:27','2020-01-21 10:30:27','2020-01-28 10:30:27'),
	('043ffa62145b6eb0467c60847bb20674345b7ac8e5db279a9874fb9876237095e9025b519d260bcb',11,1,'Personal Access Token','[]',0,'2020-01-14 10:05:55','2020-01-14 10:05:55','2020-01-21 10:05:55'),
	('0461172bb8258f604c938958d8fd549223cfa362aeba5eb9e22b819bc04102a36920a7b375a3bc64',26,1,'Personal Access Token','[]',0,'2020-01-30 10:41:31','2020-01-30 10:41:31','2020-02-06 10:41:31'),
	('04d2267819f278362fee8a9cefa9593fd8b40f4267df3f6754ca2517dbea40260dd36f2d41ac639f',11,1,'Personal Access Token','[]',1,'2019-11-11 02:14:25','2019-11-11 02:14:25','2019-11-18 02:14:25'),
	('0b09bb1bb795ee54f9c3143e7ed3f7fbc9b3472086e2f58fbd6bb2aef7a5983c31f3aa2180c0ca50',11,1,'Personal Access Token','[]',0,'2020-01-03 16:08:00','2020-01-03 16:08:00','2020-01-10 16:08:00'),
	('0b80d5d65f44eab08a9b2a7abb2ed6d56f0a4595cdfbabc71e5a09d8c1749aa2de17f6f94c61b30a',11,1,'Personal Access Token','[]',1,'2020-01-03 16:08:47','2020-01-03 16:08:47','2020-01-10 16:08:47'),
	('0c80f9024ff39ced50859ac792febcfba73dfa638aba327f11dbff84d7295a6d5b6cafc1999316ce',25,1,'Personal Access Token','[]',1,'2020-03-05 12:52:33','2020-03-05 12:52:33','2020-03-12 12:52:34'),
	('0f34391976bfebba41ad6e4e39db30a28181fafd0fdc561e50199e51bb695779106a55b14346a687',11,1,'Personal Access Token','[]',0,'2019-12-20 11:33:27','2019-12-20 11:33:27','2019-12-27 11:33:27'),
	('0f6f603df23008e87e62cfb05495547922b4086d684e7ed579f311f92e102578bcf33784fb3aa925',11,1,'Personal Access Token','[]',1,'2020-01-08 09:28:07','2020-01-08 09:28:07','2020-01-15 09:28:07'),
	('101917651c39842d25514d54600604627ac68c297a66a59a9936bb8a4a3992927ca94b4756633e9c',26,1,'Personal Access Token','[]',1,'2020-03-02 08:43:25','2020-03-02 08:43:25','2020-03-09 08:43:25'),
	('13ef7dcd12464007ca1171471c442502f92227219c3b5293a54e4de2bf19409f07aec0a5bcff2ddb',11,1,'Personal Access Token','[]',0,'2020-01-03 16:08:47','2020-01-03 16:08:47','2020-01-10 16:08:47'),
	('1558cd9540f2b6a54d06d79e311f8329675a91161e3319ffd98163494b431c20b81dda3c659c57a4',25,1,'Personal Access Token','[]',0,'2020-02-05 10:48:32','2020-02-05 10:48:32','2020-02-12 10:48:32'),
	('16ad54b46a0519fca1d9085c9591e62023c71a1c08c78c0ba1ccacfe5963616da0f2674915d94d74',11,1,'Personal Access Token','[]',1,'2019-11-11 17:05:17','2019-11-11 17:05:17','2019-11-18 17:05:17'),
	('188c176e81442745977738c7cba11ce41c66083e7621e0fd6f83a630af21246b910e4efbda38b770',11,1,'Personal Access Token','[]',0,'2020-01-21 10:24:03','2020-01-21 10:24:03','2020-01-28 10:24:03'),
	('1c7e43a5159f5c1223bc5b4fa939c321930d09b641b72ff7c9b8b46338e5a39d5067dfe47842bd57',11,1,'Personal Access Token','[]',0,'2019-11-22 15:59:16','2019-11-22 15:59:16','2019-11-29 15:59:16'),
	('1cf27aee26c0b46a755132cdc722a3551f4763aa1727edfa344e633c99801b9311863ff02bb111b5',11,1,'Personal Access Token','[]',0,'2020-01-07 10:26:14','2020-01-07 10:26:14','2020-01-14 10:26:14'),
	('1d1199d926f237015a6cea7dab53dcee5a5aaeae321dfb04aa944f7d4478f017c012eea11a1be4b3',25,1,'Personal Access Token','[]',0,'2020-03-17 09:01:02','2020-03-17 09:01:02','2020-03-24 09:01:02'),
	('1e81dde307ea9c36f78769772d44d64d9730bdb51072822b9f746375ef37056a087c7f48f9b0f9b8',11,1,'Personal Access Token','[]',1,'2020-01-07 10:26:14','2020-01-07 10:26:14','2020-01-14 10:26:14'),
	('1ea6ccfc80a4786f97dabfd865e64676a45a613e15ebc8091ac69d21e1a37ea3d78c545a9a25aef7',25,1,'Personal Access Token','[]',0,'2020-02-03 16:09:45','2020-02-03 16:09:45','2020-02-10 16:09:45'),
	('22d2c5402a9b997f1868da1d0f734b56a0637483aeced0563b49a23e09168c7c0cdd8e4bb5fa20e0',29,1,'Personal Access Token','[]',1,'2020-01-03 15:32:46','2020-01-03 15:32:46','2020-01-10 15:32:46'),
	('23996bee429e29f7af8992942dd43c86dc291b3096d64643b662a76b59963afbb7b1f3494f14c708',11,1,'Personal Access Token','[]',0,'2020-01-09 08:52:24','2020-01-09 08:52:24','2020-01-16 08:52:24'),
	('257edd330460a485486d881d8ced6a5ae6c74d66cfdca4f9ed3061cee562578237a506223fffad55',11,1,'Personal Access Token','[]',1,'2020-01-02 09:28:07','2020-01-02 09:28:07','2020-01-09 09:28:07'),
	('27f15442190a8c423af2ad97a626bd423d7735830f4e670b46895ef73a5242d7bd4bcad214b5de26',34,1,'Personal Access Token','[]',0,'2020-01-21 10:03:35','2020-01-21 10:03:35','2020-01-28 10:03:35'),
	('284be998809af1ef1ab3bcef0bad106e0da7ac8591ef85916f9ab36a0f38be2029d5d3164b5aba38',26,1,'Personal Access Token','[]',1,'2020-01-23 10:58:21','2020-01-23 10:58:21','2020-01-30 10:58:21'),
	('28cbfb2957b872fd122e912e74505794f5bda6a75aa8f52fb971f27a8e2c2a55daa7cc4ed551ee92',25,1,'Personal Access Token','[]',0,'2020-03-06 12:20:25','2020-03-06 12:20:25','2020-03-13 12:20:25'),
	('29a9065f6ef35320cc86a172b41a383b407f64897b30f56f182fb425cee1ce03fc0d126595a0fed5',25,1,'Personal Access Token','[]',1,'2020-03-17 09:01:02','2020-03-17 09:01:02','2020-03-24 09:01:02'),
	('2a09074ff7eb60f4139e319a22edd8404c0a4bea6454168f1b7b2562b5a1b5a11d207547d6976bd5',11,1,'Personal Access Token','[]',1,'2019-12-27 09:22:34','2019-12-27 09:22:34','2020-01-03 09:22:34'),
	('2a3511edcedf34ae44f6e92eb22126575cfe6cc74d79ae1ab196fb44375cd1dad94d18a4b2382272',25,1,'Personal Access Token','[]',0,'2020-01-23 14:58:30','2020-01-23 14:58:30','2020-01-30 14:58:30'),
	('2b1365eff73ac3d3ccc8491e55ab3a781851ec0fe149184e94b07ac52dc631f87daa79872c2bfdfc',25,1,'Personal Access Token','[]',1,'2020-01-16 08:59:05','2020-01-16 08:59:05','2020-01-23 08:59:05'),
	('2bee61161f055131d12f7f15190c966444b1db42c70fdc9dcb184abb2b77d4a762cd0232f5b0ba68',11,1,'Personal Access Token','[]',0,'2019-11-19 08:56:43','2019-11-19 08:56:43','2019-11-26 08:56:43'),
	('2ef3dc84506f528afa59264cbc0a17546299034a219dab1c236af8c274adbdfc59178aa84912a35f',11,1,'Personal Access Token','[]',0,'2019-11-15 19:41:21','2019-11-15 19:41:21','2019-11-22 19:41:21'),
	('2f673a53988d9d12bce15eee772d468664ef30bbd0590dd14af6c3ba95925ccf1b353d06ab7e1af9',26,1,'Personal Access Token','[]',1,'2020-02-11 08:16:42','2020-02-11 08:16:42','2020-02-18 08:16:42'),
	('30b837c710ebf318467568a5ff0ad5a254d81287f8a5b6336939b5675c0283da90f64006ae133b68',35,1,'Personal Access Token','[]',0,'2020-01-21 10:28:55','2020-01-21 10:28:55','2020-01-28 10:28:55'),
	('326a5b7582075620a163eab09f3cea5741950a6c958aafde843898a5d46559f9ceeb1f4570022029',35,1,'Personal Access Token','[]',1,'2020-01-21 10:28:55','2020-01-21 10:28:55','2020-01-28 10:28:55'),
	('3298dbe377e224e2c98dc8f94a3cc57a5045de511aa9acdd43a8fdb33839bf5f015fca57f37ff00d',28,1,'Personal Access Token','[]',1,'2020-01-28 09:16:31','2020-01-28 09:16:31','2020-02-04 09:16:31'),
	('349940a54c29488c67f094f7925862092ddfba64547d5983cd2b6c27c855c29afea79cda17e6531e',11,1,'Personal Access Token','[]',0,'2020-01-03 16:14:42','2020-01-03 16:14:42','2020-01-10 16:14:42'),
	('35338f22ec2aa93cc05ad87295895a06210ece8584ea66edb09c318fd62afdbb5e21bcea35104a8d',25,1,'Personal Access Token','[]',0,'2020-01-03 16:00:36','2020-01-03 16:00:36','2020-01-10 16:00:36'),
	('358b37516a7ec24b277e49504207164d691b287258fcd42ee50c8435939b3b065cfe03937c9e52ec',11,1,'Personal Access Token','[]',0,'2020-01-14 10:05:55','2020-01-14 10:05:55','2020-01-21 10:05:55'),
	('364e8c23617acdd0ac788d304d43554b924f1cb3fe7747dd8de2628d950e411d7616694dc5f0db20',11,1,'Personal Access Token','[]',1,'2020-01-21 11:54:47','2020-01-21 11:54:47','2020-01-28 11:54:47'),
	('39ede7e4bbf98ef1a52ac42b85c64ea8f6af5d275e35bfb5eea0c9ef78eff04b1338fce896231375',11,1,'Personal Access Token','[]',0,'2019-11-11 02:14:25','2019-11-11 02:14:25','2019-11-18 02:14:25'),
	('3b07d8dd187913bbbc986e11307c8ddd7b222a0894f09f93e98c37b5063ecf90d1431961b952455a',25,1,'Personal Access Token','[]',1,'2020-01-03 16:00:37','2020-01-03 16:00:37','2020-01-10 16:00:37'),
	('3c3843e631266a62c1a212ae95e7b1f94fcb3c09d5865156b337880b9ad7320137dd5d7ca2475571',11,1,'Personal Access Token','[]',0,'2019-11-11 02:52:50','2019-11-11 02:52:50','2019-11-18 02:52:50'),
	('3cab1f22726c4ec288e8cd8b09dfc7335761e5f7008a36e9274cd358be752eb38f73e664f23f8dbe',11,1,'Personal Access Token','[]',0,'2019-12-30 12:22:05','2019-12-30 12:22:05','2020-01-06 12:22:05'),
	('3f6d30803de0e51660b65dd1dcda116f08cb13af59b63fd605f1f49f6f26ad0560c8292666903e0a',25,1,'Personal Access Token','[]',0,'2020-02-26 09:31:39','2020-02-26 09:31:39','2020-03-04 09:31:39'),
	('400d6c5418838de0eca5466e1a6a3c477636c6f13bfb1b9121d638f7be7ed7e31880846ecc491d0b',11,1,'Personal Access Token','[]',0,'2019-11-11 10:24:08','2019-11-11 10:24:08','2019-11-18 10:24:08'),
	('429d1725bc869b6c06d14227d3395e16c200801862bd978daebacc9a09140f21ade787dc15bb604c',25,1,'Personal Access Token','[]',1,'2020-02-26 09:31:39','2020-02-26 09:31:39','2020-03-04 09:31:39'),
	('42dbca38f950c5fa12066453ed00914b78ebf07bd8706ed841597a1970cb137dcd74fd7ee21958e8',11,1,'Personal Access Token','[]',1,'2020-01-03 10:38:19','2020-01-03 10:38:19','2020-01-10 10:38:19'),
	('4686a181b54b1229623bbfa38acb46f6229f73dc6ba98183c1996ea4684cbbaa04e2e128081d49d5',25,1,'Personal Access Token','[]',0,'2020-01-03 16:00:37','2020-01-03 16:00:37','2020-01-10 16:00:37'),
	('489e1848c4f258b96bc9adb24dfeab03e8a7790fa0152d0222ed3883a3fa609d7e3303d446bfe006',11,1,'Personal Access Token','[]',0,'2019-11-11 02:48:55','2019-11-11 02:48:55','2019-11-18 02:48:55'),
	('4969efcf27890ad6ab9f0d161851b7c6bf28859cb7e09c2a08409effeb5a10547b0e6ebe35ee210b',11,1,'Personal Access Token','[]',0,'2020-01-08 09:28:07','2020-01-08 09:28:07','2020-01-15 09:28:07'),
	('498ee6a06b68642d669d2c83ec5e67e0dcca652c8d4c0866432fc98094000f62a5b88e6c8126092e',11,1,'Personal Access Token','[]',1,'2019-11-11 02:18:53','2019-11-11 02:18:53','2019-11-18 02:18:54'),
	('4b716bce9f102f369768af7754eb0280ce27eae4d6b9b856dfc11c47dd96b8630e30f680de469ada',11,1,'Personal Access Token','[]',0,'2019-11-11 02:21:29','2019-11-11 02:21:29','2019-11-18 02:21:29'),
	('4e17ffb832d0ba3e4d31a2def572c10fbf5a1bf0974a07e6ed4e61ad287ff9ac4e02d83cf419a174',25,1,'Personal Access Token','[]',1,'2020-01-06 11:58:31','2020-01-06 11:58:31','2020-01-13 11:58:31'),
	('4f7f88d5eb0d383719aa1c0e820f5430ae54dc4fb7867ec2fd875a5add84df3ddfd1ae2c2b8dfc92',11,1,'Personal Access Token','[]',1,'2019-12-17 13:50:20','2019-12-17 13:50:20','2019-12-24 13:50:20'),
	('4fe828aac8a80aabeee8d1cfeac29414817afccdf9533a3a70e22f03c9f1f1242ea25c7f41d60b0d',25,1,'Personal Access Token','[]',1,'2020-03-06 12:20:25','2020-03-06 12:20:25','2020-03-13 12:20:25'),
	('51d2ede3bb6c28f706e993cf92adeb3c6f3a8446fa22684e9bf31ce03468a5e0d9e702f00c939421',11,1,'Personal Access Token','[]',1,'2020-01-03 16:14:42','2020-01-03 16:14:42','2020-01-10 16:14:42'),
	('5257f31a86599df40b54e22718afa5fc8b0a4b21ad1601eee8ef3eb4caae80c7ed300bf8a7d49c28',11,1,'Personal Access Token','[]',1,'2020-01-21 10:25:37','2020-01-21 10:25:37','2020-01-28 10:25:37'),
	('52b5ce4ea25c539e33f27ab2176456243d6382d026568e53be694a0fe49f206325e5a2854cf204c3',29,1,'Personal Access Token','[]',0,'2020-01-03 15:37:06','2020-01-03 15:37:06','2020-01-10 15:37:07'),
	('54e63cc25c2033a19ca4bcb5ab3cabca72ce166c9716f577ad74ba5b0c11d273be9e9e3e19949778',11,1,'Personal Access Token','[]',0,'2020-01-03 10:38:19','2020-01-03 10:38:19','2020-01-10 10:38:19'),
	('5540ff71fc1f5bd526d5edfd5732f0a153d692c4979d7a98484f08413d3d7fbb5eb925f2ffcfdedd',25,1,'Personal Access Token','[]',1,'2020-03-16 11:54:11','2020-03-16 11:54:11','2020-03-23 11:54:12'),
	('561e90e21cf668235f847ef942cd8a2121e4a4346d38f3674736248388c74d4f5529160b329ca892',25,1,'Personal Access Token','[]',0,'2020-01-16 08:59:05','2020-01-16 08:59:05','2020-01-23 08:59:05'),
	('5621416b5f675606e71afca03e03c95ddbeef64ab1aa1bcc7e324551707781c8b48c81d15a4d4a23',11,1,'Personal Access Token','[]',1,'2019-11-12 19:15:24','2019-11-12 19:15:24','2019-11-19 19:15:24'),
	('5946928a3c438cbd8e87202dc332472e5f694c0ee5b2765af200b0063f568a21bc52d0f310c94e40',11,1,'Personal Access Token','[]',0,'2020-01-06 12:01:31','2020-01-06 12:01:31','2020-01-13 12:01:31'),
	('5a1922324f2ee374ec52a1bf67c7c9ab2702f7b48bf5a5c2eb64979c5ea8aa43e418ecd5158cbcf1',11,1,'Personal Access Token','[]',0,'2020-01-03 15:39:42','2020-01-03 15:39:42','2020-01-10 15:39:42'),
	('5d19d26d17127741f823da45022f2229f6b9cdb684769cb6d11c4fa65b91e0a69f3b89399502b771',11,1,'Personal Access Token','[]',0,'2019-11-11 02:52:50','2019-11-11 02:52:50','2019-11-18 02:52:50'),
	('5e2ed3f7d84ac16e29a7ce517eeb4ff02c5fbb31cb0096bd980e0048e7adcfed4aa175d767ffdc98',25,1,'Personal Access Token','[]',0,'2020-02-04 13:10:48','2020-02-04 13:10:48','2020-02-11 13:10:48'),
	('5ff6a01cb9835f7394ee6fcfc38d6ae5e6f7f9955da742cf6a543eb005aa7735ca4babf3f1b6c041',26,1,'Personal Access Token','[]',0,'2020-03-10 08:36:41','2020-03-10 08:36:41','2020-03-17 08:36:41'),
	('619a764b1068c86844c8d7eff196624f1c3e983959b9afd8d75a2cb3c8994b5b9b452b4355a877fd',26,1,'Personal Access Token','[]',0,'2020-02-25 10:02:20','2020-02-25 10:02:20','2020-03-03 10:02:20'),
	('62a86e2202aa45883dd3b97f3db8d95e7c2d8f30626c59ba8ebc5999f8a65850524314058d4e7b7a',26,1,'Personal Access Token','[]',0,'2020-03-02 08:43:25','2020-03-02 08:43:25','2020-03-09 08:43:25'),
	('637343868586c2d2abe42ca00211b7de5fd42356deafa15585dba15befebab1a372302bd855fe83a',26,1,'Personal Access Token','[]',1,'2020-02-25 10:02:20','2020-02-25 10:02:20','2020-03-03 10:02:20'),
	('649b4772b78244422eb4c3955ce2a38ce9804c08d05ada77312c00c80fd0e09e6677b4ae0e2bca7e',25,1,'Personal Access Token','[]',0,'2020-03-17 13:52:45','2020-03-17 13:52:45','2020-03-24 13:52:45'),
	('650d0a3f245b32af5d834cfacdb78a8b0b866d871a0d8ac8975c2c96eec73b0dbdf66f2ba9304058',11,1,'Personal Access Token','[]',0,'2019-11-11 10:26:55','2019-11-11 10:26:55','2019-11-18 10:26:55'),
	('6617fa02d5f84a16ec6a12bf4d65208723d3c58e10211cf269fcb233985b1d4daad44bcbb15274bc',25,1,'Personal Access Token','[]',1,'2020-02-18 14:13:11','2020-02-18 14:13:11','2020-02-25 14:13:11'),
	('6ab64ab98a25561630f92eb9b68d3ff2132a57e61860d1c4d912d053f9e22ad0d2b5a23626a30495',25,1,'Personal Access Token','[]',1,'2020-02-03 16:09:45','2020-02-03 16:09:45','2020-02-10 16:09:45'),
	('6b053627010903f425bc86eeb659db07a5e9de5ef7533d9bc2c2f58c637483175c0a1635a9f14168',26,1,'Personal Access Token','[]',0,'2020-02-18 11:55:56','2020-02-18 11:55:56','2020-02-25 11:55:56'),
	('6e2a529aea4c654569322fde69119593b412d0ced8afe2529d62581879b56d64df99199c4ef986c7',26,1,'Personal Access Token','[]',0,'2020-02-13 08:45:52','2020-02-13 08:45:52','2020-02-20 08:45:52'),
	('70683fcfdf45bf60bf6100aeabaabfacdca7ac81bf81658645bebfac46400aadddd2dda1c746e960',26,1,'Personal Access Token','[]',0,'2020-01-23 10:58:21','2020-01-23 10:58:21','2020-01-30 10:58:21'),
	('716564c6fd4c3696934ce603907b8e33e0259b25302635c8753f91245bca36d9301568e60eaa41a2',11,1,'Personal Access Token','[]',0,'2020-01-21 10:25:37','2020-01-21 10:25:37','2020-01-28 10:25:37'),
	('727f0b2637481b2ca9bb08058811a731b2ed4b38d102aea318b50ca88a90377092269798cf500e57',25,1,'Personal Access Token','[]',1,'2020-02-04 13:10:48','2020-02-04 13:10:48','2020-02-11 13:10:48'),
	('73e501d7df3aef2ed43b7401b815570a3a1b0c9059a8cf83abe81d2e0c434a06590cfd3113644629',25,1,'Personal Access Token','[]',0,'2020-01-09 08:41:20','2020-01-09 08:41:20','2020-01-16 08:41:20'),
	('751e8a47702374b9f6a44a349e4c9f82714f9ec6d81aea8e08e19fdfec2ab3c3ecb5d85456b1ddbb',11,1,'Personal Access Token','[]',1,'2020-01-09 08:52:24','2020-01-09 08:52:24','2020-01-16 08:52:24'),
	('760286bc64da45197feac5db002017add3269d91bf1f8b7d6fec0331401ad49ec968829c644a4924',26,1,'Personal Access Token','[]',0,'2020-02-27 09:20:55','2020-02-27 09:20:55','2020-03-05 09:20:55'),
	('788b0c13f4079c2c87a28ee37a277574a163b2a00833d3f28b0f760e5b61049a4c36f6e144658642',11,1,'Personal Access Token','[]',1,'2020-01-21 10:24:03','2020-01-21 10:24:03','2020-01-28 10:24:03'),
	('7cc90ee3a6574a1665c8dc00ec36b58f77740701082b3ceb03f8cb1171821b23994e0ea41acc0044',11,1,'Personal Access Token','[]',1,'2020-01-03 10:22:11','2020-01-03 10:22:11','2020-01-10 10:22:11'),
	('7e632097701a57bccb8f1c355e158a8cfc00103892b7d2e963b06d27493908a58d78d76bdd9c9580',11,1,'Personal Access Token','[]',1,'2019-11-22 15:59:16','2019-11-22 15:59:16','2019-11-29 15:59:16'),
	('7eae31f5cbefa6749e0206c1bd24830537738520e08ab7ff72a7ae472edf12c5e221560b1561f730',25,1,'Personal Access Token','[]',0,'2020-01-10 10:29:57','2020-01-10 10:29:57','2020-01-17 10:29:57'),
	('8004618f77ce796936b65a3366dc9fad40f947a5c4e7f20446b8d0dc17cc85d32494bf79eedf6999',25,1,'Personal Access Token','[]',0,'2020-02-18 14:13:11','2020-02-18 14:13:11','2020-02-25 14:13:11'),
	('8228c8c08e51c8df164ce4599cb8c7741f94e4987c68ac5d305019b8c85661cf1c3f76918a646fff',26,1,'Personal Access Token','[]',0,'2020-02-11 08:16:42','2020-02-11 08:16:42','2020-02-18 08:16:42'),
	('83ede42ab17bfe5a54947bccd556c2c61040f61e7a5fb5014a7d1a192000bfce641069f068c78a6f',25,1,'Personal Access Token','[]',0,'2020-02-05 10:48:32','2020-02-05 10:48:32','2020-02-12 10:48:32'),
	('8685fee3aaea060cbcd7425f9ea1851cd5c91fcd9b0df3d7a9b6891727f9c0d761afac07be88d0b9',11,1,'Personal Access Token','[]',1,'2020-01-06 14:26:56','2020-01-06 14:26:56','2020-01-13 14:26:56'),
	('889c57a3df0786ff7343e6778cbe3ec15f78e8a2fa19dd024c77a70712148f6a21eb94f8b05d370e',11,1,'Personal Access Token','[]',0,'2019-11-19 08:55:51','2019-11-19 08:55:51','2019-11-26 08:55:51'),
	('8beb35c0b60ed02eef66d336992efa2632b8f55c5e9ddcbe26759f3f026e4d88c285b39199579f50',25,1,'Personal Access Token','[]',0,'2020-03-05 12:52:33','2020-03-05 12:52:33','2020-03-12 12:52:33'),
	('8d53507959b84688acc309d85c101434716bf5bc71765997d33958dda244fc6ff1c521312295e82b',11,1,'Personal Access Token','[]',0,'2019-11-12 19:15:24','2019-11-12 19:15:24','2019-11-19 19:15:24'),
	('8f004720fb84c21670f3217a7b5872997465d20c46c972f1d306f677e6d30dc2096a77698351726b',11,1,'Personal Access Token','[]',0,'2019-12-27 09:22:34','2019-12-27 09:22:34','2020-01-03 09:22:34'),
	('919d6dc732b90ab5250fd575afe88d0f8d33a62ba20e7dae6dbb36b9dc04e8d512929300e5f42033',11,1,'Personal Access Token','[]',0,'2019-12-30 16:09:28','2019-12-30 16:09:28','2020-01-06 16:09:28'),
	('92d6e0e50d494310f789c8a4394fe2de1b495e52e81c5f25fe16a4bfb10b69794d65ad4b7b10a315',26,1,'Personal Access Token','[]',1,'2020-01-28 11:18:19','2020-01-28 11:18:19','2020-02-04 11:18:19'),
	('9375b1a3537b4f501bff32eb2cf6860b7d4811fd201d5fca88860fff24c3bc3efe78a35c616a0d25',11,1,'Personal Access Token','[]',1,'2019-12-10 12:27:39','2019-12-10 12:27:39','2019-12-17 12:27:39'),
	('9383f9aa0a3c37b753ec62919bf81c5296457a35c16dd8b4ca3215ac2809bb6bbdc54c3618f827f9',11,1,'Personal Access Token','[]',0,'2019-12-10 12:27:39','2019-12-10 12:27:39','2019-12-17 12:27:39'),
	('93c8c6937ef3f3d13a515e2409f5076a311b51448dbaf7ec01259f9069523326adf4e2b81d7df5a9',25,1,'Personal Access Token','[]',1,'2020-01-23 14:58:30','2020-01-23 14:58:30','2020-01-30 14:58:30'),
	('95bd34a0ecc9576d36a5b6826073c81e3c08c0489cb7389bbd2bf7e7d1e52755df7880d8e6c98116',11,1,'Personal Access Token','[]',0,'2019-12-12 11:51:02','2019-12-12 11:51:02','2019-12-19 11:51:02'),
	('97dcd4b272272853e37e2113aeb644c72e1e144d5ecab14cdff4c23f418ca1b7f53b2e5e55e25da3',25,1,'Personal Access Token','[]',0,'2020-01-03 16:00:36','2020-01-03 16:00:36','2020-01-10 16:00:36'),
	('98bf8c216838808197e15f197ad8661ceb8d302bbb21457f1a18c50b05d86aaf177db0de584b0c69',11,1,'Personal Access Token','[]',1,'2019-12-30 12:22:05','2019-12-30 12:22:05','2020-01-06 12:22:05'),
	('9982ef8df0c5016e0a6eec3e3f73ef3f7c218f51cd76061aba4f6541bfcdd018233a85f76b0cc606',11,1,'Personal Access Token','[]',1,'2019-11-20 10:29:20','2019-11-20 10:29:20','2019-11-27 10:29:20'),
	('99a29c428eb42f1cef326dc47ba2b8e5b7126b90501ac82cd12118e60506c192fcee5bd85213417c',11,1,'Personal Access Token','[]',1,'2019-11-19 08:55:51','2019-11-19 08:55:51','2019-11-26 08:55:51'),
	('9c89f7227498714cf2cdc9eca67ab8c59947d7d18698bba0b925622ca8120582c1a7f100f3a12ea5',25,1,'Personal Access Token','[]',1,'2020-01-03 10:31:47','2020-01-03 10:31:47','2020-01-10 10:31:47'),
	('9cfe3f9223d957a40353e9a62516f8cf2113e4cf2f145c0ad967a3e8c6571dee4638ced8a06e69d5',25,1,'Personal Access Token','[]',0,'2020-02-17 10:34:46','2020-02-17 10:34:46','2020-02-24 10:34:46'),
	('9d0c99036d2308f53b84f16769432b38111ceac57688a0cfd8ba4197351fb6e5ad75625a05745b6a',26,1,'Personal Access Token','[]',1,'2020-03-10 08:36:41','2020-03-10 08:36:41','2020-03-17 08:36:41'),
	('a08c2329825a9082abccf66c46f7e13a8186f34a1218d623f8962081a8e02f98132d5b7ced14ebfa',25,1,'Personal Access Token','[]',0,'2020-03-16 11:54:11','2020-03-16 11:54:11','2020-03-23 11:54:11'),
	('a1a9aa5cc929642d16c046eb609e23e17412647fe68b995fac6c8734cf53cdfef39199abd2ccb918',11,1,'Personal Access Token','[]',0,'2019-12-17 13:50:20','2019-12-17 13:50:20','2019-12-24 13:50:20'),
	('a46ba43c604c136610cebfdd6bda2c1f5315506214a91b74a2005ad6453a756ad1769e148226c21e',11,1,'Personal Access Token','[]',0,'2020-01-03 15:31:15','2020-01-03 15:31:15','2020-01-10 15:31:15'),
	('a5258853da737ea1679a5a9259b6158aa8603654e9e3950564c56b78364a978059023379fd00e303',25,1,'Personal Access Token','[]',1,'2020-02-17 10:34:46','2020-02-17 10:34:46','2020-02-24 10:34:46'),
	('a5df80ca3cec55e1bdd081b1c42d1b2387aef882d8bf8cd30d60c9e952499a4940d2d1435fde4c85',11,1,'Personal Access Token','[]',1,'2019-11-11 02:48:55','2019-11-11 02:48:55','2019-11-18 02:48:55'),
	('a62d7d8df3759050f360c211a9fc665bfac031d76132fb67aaaac18c1b4ebaf8c6b87ccd439a4ea7',11,1,'Personal Access Token','[]',0,'2020-01-21 12:32:48','2020-01-21 12:32:48','2020-01-28 12:32:48'),
	('a63aa229fad1e14db1a67f8e49f7168f9e6f012da8c1702825f46be45e407aa70ff7106b79ee8c41',11,1,'Personal Access Token','[]',0,'2020-01-15 09:56:38','2020-01-15 09:56:38','2020-01-22 09:56:38'),
	('a6e9487f838bae46b7f95fda9a997bbe949ce7ec17de289a696b82bebeca23561ef103bf7e6deabd',27,1,'Personal Access Token','[]',0,'2020-01-28 09:15:59','2020-01-28 09:15:59','2020-02-04 09:15:59'),
	('a766f7a18aac6f5d94eed20b39ca14bf45129d8a2186ce6ba50ed09cf7833c64b37dff54f2ea1bd3',11,1,'Personal Access Token','[]',1,'2020-01-03 15:39:42','2020-01-03 15:39:42','2020-01-10 15:39:42'),
	('af75b9247e3935fbe1962aff5e983c922f92dba8fa5b66496fc78fba22f61802c80c2bfc6d5fd834',25,1,'Personal Access Token','[]',1,'2020-01-09 08:41:20','2020-01-09 08:41:20','2020-01-16 08:41:20'),
	('b2341942e1143ed570ceeea63a007116aa1db4e426daf34cef75385e63bb1048bc6ccd43e8229f36',35,1,'Personal Access Token','[]',0,'2020-01-21 10:26:40','2020-01-21 10:26:40','2020-01-28 10:26:40'),
	('b3bb9937b38ab8f1551071d544d94ab52098155f61f83209c0aa9ccfa63bfd539eedf962abc1ed0a',25,1,'Personal Access Token','[]',0,'2020-03-18 10:52:57','2020-03-18 10:52:57','2020-03-25 10:52:57'),
	('b50e87286186cd77e002f402825db4694a0c29190c75f7000a5c71b3ff1460985cd8ed408cb26447',11,1,'Personal Access Token','[]',1,'2020-01-06 12:01:31','2020-01-06 12:01:31','2020-01-13 12:01:31'),
	('b53cb946e7733449739fe7fa83acc005843f8930d6d03d84f24bed007da227e6155665b2f3f85ad5',26,1,'Personal Access Token','[]',1,'2020-02-13 08:45:52','2020-02-13 08:45:52','2020-02-20 08:45:52'),
	('b577f2967d5db85fc861eb21999d4a2fe190042fafd5576a509cf3d4eafc0ba4fd1a68d316fbabda',11,1,'Personal Access Token','[]',0,'2020-01-21 12:32:48','2020-01-21 12:32:48','2020-01-28 12:32:48'),
	('b9546ef815fba6a6b820f0ea605e64761a88dfe86f39b1f2c87306db9638dbc8d2b33ef1b8efddb4',26,1,'Personal Access Token','[]',1,'2020-02-18 11:55:56','2020-02-18 11:55:56','2020-02-25 11:55:56'),
	('c1af7373cc2da427b7d859077e709516c798c1be5b19e9e28867e2a2a57dd67100b8156321269264',11,1,'Personal Access Token','[]',0,'2020-01-02 09:28:07','2020-01-02 09:28:07','2020-01-09 09:28:07'),
	('c22f1ea72e6fc451af7416551975ec4a89b47f26fde13201193f0e65f70fdf767de2dae046f69a65',25,1,'Personal Access Token','[]',0,'2020-03-17 13:52:45','2020-03-17 13:52:45','2020-03-24 13:52:45'),
	('c58651af054a6125ffac92e97b71e41e2d512119a3ff020544de24a441ce7993a052deb97d9916b1',11,1,'Personal Access Token','[]',0,'2020-01-21 11:54:47','2020-01-21 11:54:47','2020-01-28 11:54:47'),
	('c95f6ec21fa832cc0e40789819ea6e8ad1c8276352ae866126598c522ad35f8db806fe4c03b502f9',11,1,'Personal Access Token','[]',1,'2019-12-12 11:51:02','2019-12-12 11:51:02','2019-12-19 11:51:02'),
	('c9f28a361802a808cd8190d473f2fca46892352d6c368c736af4f33b61102eaaa92681be9dce33cd',11,1,'Personal Access Token','[]',1,'2020-01-03 16:08:00','2020-01-03 16:08:00','2020-01-10 16:08:00'),
	('ca6223c39b74721955ddf4f8e4ea3045510fbd3827b2f4a64ae309dc120b8868e5361ec3bfb60042',25,1,'Personal Access Token','[]',0,'2020-01-03 10:31:47','2020-01-03 10:31:47','2020-01-10 10:31:47'),
	('cb4f2eca463d13430d61e308ad5a522f899fc4ed50512b992fc728b87c382e45ad1b14d6a38383a0',26,1,'Personal Access Token','[]',0,'2020-02-03 08:54:19','2020-02-03 08:54:19','2020-02-10 08:54:19'),
	('cd2b766046eacca59f5e64fc6e0704f0e83580126b5158207cfbbc01c0f8be086a0b1b2d2921f3ad',11,1,'Personal Access Token','[]',0,'2020-01-06 14:26:56','2020-01-06 14:26:56','2020-01-13 14:26:56'),
	('ce5dc4c882fe637c846143bd20b3b179faec9f8c49e2b5b118e9c2c796a3b452f046d3404dbd32a9',11,1,'Personal Access Token','[]',0,'2019-11-11 17:05:17','2019-11-11 17:05:17','2019-11-18 17:05:17'),
	('ceb885b407e0e92822bc95822ab18486b2e132d19b1595478668f909ec542a353989f03e3d75c10c',11,1,'Personal Access Token','[]',1,'2019-12-30 16:09:28','2019-12-30 16:09:28','2020-01-06 16:09:28'),
	('cf2f5f764001210d06cde0c5f07c192d39681d6bedd0be263907d95d1453ddf3ab3a1ebd0e908d4d',28,1,'Personal Access Token','[]',0,'2020-01-28 09:16:31','2020-01-28 09:16:31','2020-02-04 09:16:31'),
	('d48bccaac51b00a03ff0c5c41d1d0dd62ae778c52091ecdd20024d94801181f8930903c18e704f13',26,1,'Personal Access Token','[]',0,'2020-02-25 10:02:18','2020-02-25 10:02:18','2020-03-03 10:02:18'),
	('d7a8569c15f7005bb9679965aee6215bf271a496cc8d0ecc257b94091b4ddc7953f0fdc4e718fb5c',11,1,'Personal Access Token','[]',1,'2020-01-03 15:31:15','2020-01-03 15:31:15','2020-01-10 15:31:15'),
	('d8ec09bf40d206a6056f2665e8512c76ff3e5ea810806376d32febabfe42af1b3b764eafc4545ddf',25,1,'Personal Access Token','[]',0,'2020-01-10 10:29:57','2020-01-10 10:29:57','2020-01-17 10:29:57'),
	('d9ef2b7cf0407031064efdc83af183385318f4886361769252f8402ba7f39642245a642e779b5c7c',26,1,'Personal Access Token','[]',0,'2020-01-28 11:18:19','2020-01-28 11:18:19','2020-02-04 11:18:19'),
	('dcb0fd585f317140767c71bb39452c4c06b8a87125543b2e3e01780f6ce870ac3100bec7336f0eea',35,1,'Personal Access Token','[]',1,'2020-01-21 10:26:40','2020-01-21 10:26:40','2020-01-28 10:26:40'),
	('dd18f57d613ebf3d8fb6475880347fadb3c7c1e9649ff9f1352d70dfcbd150be4f8918d81822ed81',11,1,'Personal Access Token','[]',1,'2019-11-15 19:41:21','2019-11-15 19:41:21','2019-11-22 19:41:21'),
	('e049e3cbdbecddd26264a8ea7c717664e4ac27146d017c1021965cd75964ea824330d9cc27a73e8a',25,1,'Personal Access Token','[]',0,'2020-03-12 15:57:38','2020-03-12 15:57:38','2020-03-19 15:57:38'),
	('e0aa5dc1e16967b8bcde1bd9c5fae885a93f67c0e3218adbd4e296a72db55aeeecc87290c3c41578',25,1,'Personal Access Token','[]',1,'2020-03-18 10:52:57','2020-03-18 10:52:57','2020-03-25 10:52:57'),
	('e1d5eab6aa89ff1682cd841f9a1a520b23b4779c20f9c6175d8c4f941701cdddf5ee3070cf3360ec',29,1,'Personal Access Token','[]',0,'2020-01-03 15:32:46','2020-01-03 15:32:46','2020-01-10 15:32:46'),
	('e313bb55f6849557aad35e0dd4bd3e83eb5c24a890f312a95a0fdae3522af5a1a2178d6fb5f231d4',11,1,'Personal Access Token','[]',0,'2020-01-03 10:22:11','2020-01-03 10:22:11','2020-01-10 10:22:11'),
	('e42a3ec5a0d045e66c9ea805d5f775931f8cca18f420d02ed3fa8b2829977242318e0efebaece9c7',35,1,'Personal Access Token','[]',1,'2020-01-21 10:30:27','2020-01-21 10:30:27','2020-01-28 10:30:27'),
	('e5bc1ced33bb89cdcddf0958d14c3f624264cb3f0afe780beec6bc8239f28d0b7de3c85a55ebdb84',26,1,'Personal Access Token','[]',0,'2020-02-25 10:02:20','2020-02-25 10:02:20','2020-03-03 10:02:20'),
	('e5c9df6399fdcccd34f5b34d290b19b25907eeb6849d66ebed1aa0c5c2b012b06b34825979431f0e',34,1,'Personal Access Token','[]',1,'2020-01-21 10:03:35','2020-01-21 10:03:35','2020-01-28 10:03:35'),
	('e6827b2c7dd327ceaf8551d6ae0a542adbe7035eff80492bb4112dd48aaf81a6a049d0ca79170fc9',11,1,'Personal Access Token','[]',0,'2019-11-11 02:21:29','2019-11-11 02:21:29','2019-11-18 02:21:29'),
	('e71e081838975e51f148db5f9110aed3f8f52fc21e9dc3cbde86ab4611c47181cc0924fda0378e4f',25,1,'Personal Access Token','[]',0,'2020-01-06 11:58:31','2020-01-06 11:58:31','2020-01-13 11:58:31'),
	('ed1545d4fc03d71581b3bf2bdb373eb2ddd80e319dcb6b79e7bceff831aed504d369940869d8e7f8',11,1,'Personal Access Token','[]',0,'2019-11-11 02:18:53','2019-11-11 02:18:53','2019-11-18 02:18:53'),
	('f11c380fcc829defd07bac06884a24922477a4a72dba2ce30f528821ddb2f16998d6e03a357388d6',25,1,'Personal Access Token','[]',1,'2020-03-12 15:57:38','2020-03-12 15:57:38','2020-03-19 15:57:38'),
	('f276fe8f9b7ddd6289ed45010cd157cb5f09f852492cf3cec5b3baffd0444f088c70adfaed6481da',11,1,'Personal Access Token','[]',1,'2019-11-11 10:24:08','2019-11-11 10:24:08','2019-11-18 10:24:08'),
	('f3609b966f20cdf6d085bdfa1d33b93c848f28ccc5f7bec1011c2181d2d05dfb32df5971460000ee',26,1,'Personal Access Token','[]',1,'2020-01-30 10:41:31','2020-01-30 10:41:31','2020-02-06 10:41:31'),
	('f6114b2341581d2d05ad83ff70479b5e8b7cda0514f1fe46588e2b663ebdc1a768cfe9fc6d969cd9',27,1,'Personal Access Token','[]',0,'2020-01-28 09:15:59','2020-01-28 09:15:59','2020-02-04 09:15:59'),
	('f69cf6b1577dfdd23730445c26075b7b0c95bd55db03ad12ffde7d8aa516afa1fa8e0151dce32a12',11,1,'Personal Access Token','[]',0,'2019-11-11 10:26:55','2019-11-11 10:26:55','2019-11-18 10:26:55'),
	('f6c1befaa5832ce769d707085ab41ea91e713a7725a79535f09a514d9dcc3d760bf7deed05d3b7a3',29,1,'Personal Access Token','[]',1,'2020-01-03 15:37:06','2020-01-03 15:37:06','2020-01-10 15:37:07'),
	('f71dd20e798f80dc9f98c2eb1831fee61cf1929c02920632e4965ace70cdf28be795d5ca9a8be264',11,1,'Personal Access Token','[]',1,'2020-01-15 09:56:38','2020-01-15 09:56:38','2020-01-22 09:56:38'),
	('f7d5eb0a583602298cc2075ab7155f40ef4e9278b0e77fa58be51dd7bd264cbe53372e99efe95da5',11,1,'Personal Access Token','[]',0,'2019-11-20 10:29:20','2019-11-20 10:29:20','2019-11-27 10:29:20'),
	('f8719a3dd24561e028f8cbd8b7a482bdfcd78cf77f349ba4d81af0c4605512f2d9c2e57893741335',11,1,'Personal Access Token','[]',1,'2019-12-20 11:33:27','2019-12-20 11:33:27','2019-12-27 11:33:27'),
	('fa34aef2e8e3ebce3d49311e80b1245ff726605c46c459106976d4491f85de7fd9ffe7889ecbca4e',26,1,'Personal Access Token','[]',1,'2020-02-03 08:54:19','2020-02-03 08:54:19','2020-02-10 08:54:19');
;-- -. . -..- - / . -. - .-. -.--
/*!40000 ALTER TABLE `oauth_access_tokens` ENABLE KEYS */;
;-- -. . -..- - / . -. - .-. -.--
DROP TABLE IF EXISTS `oauth_auth_codes`;
;-- -. . -..- - / . -. - .-. -.--
CREATE TABLE `oauth_auth_codes` (
  `id` varchar(100) COLLATE utf8mb4_unicode_ci NOT NULL,
  `user_id` int(11) NOT NULL,
  `client_id` int(10) unsigned NOT NULL,
  `scopes` text COLLATE utf8mb4_unicode_ci,
  `revoked` tinyint(1) NOT NULL,
  `expires_at` datetime DEFAULT NULL,
  PRIMARY KEY (`id`)
) ENGINE=InnoDB DEFAULT CHARSET=utf8mb4 COLLATE=utf8mb4_unicode_ci;
;-- -. . -..- - / . -. - .-. -.--
DROP TABLE IF EXISTS `oauth_clients`;
;-- -. . -..- - / . -. - .-. -.--
CREATE TABLE `oauth_clients` (
  `id` int(10) unsigned NOT NULL AUTO_INCREMENT,
  `user_id` int(11) DEFAULT NULL,
  `name` varchar(191) COLLATE utf8mb4_unicode_ci NOT NULL,
  `secret` varchar(100) COLLATE utf8mb4_unicode_ci NOT NULL,
  `redirect` text COLLATE utf8mb4_unicode_ci NOT NULL,
  `personal_access_client` tinyint(1) NOT NULL,
  `password_client` tinyint(1) NOT NULL,
  `revoked` tinyint(1) NOT NULL,
  `created_at` timestamp NULL DEFAULT NULL,
  `updated_at` timestamp NULL DEFAULT NULL,
  PRIMARY KEY (`id`),
  KEY `oauth_clients_user_id_index` (`user_id`)
) ENGINE=InnoDB DEFAULT CHARSET=utf8mb4 COLLATE=utf8mb4_unicode_ci;
;-- -. . -..- - / . -. - .-. -.--
LOCK TABLES `oauth_clients` WRITE;
;-- -. . -..- - / . -. - .-. -.--
/*!40000 ALTER TABLE `oauth_clients` DISABLE KEYS */;
;-- -. . -..- - / . -. - .-. -.--
INSERT INTO `oauth_clients` (`id`, `user_id`, `name`, `secret`, `redirect`, `personal_access_client`, `password_client`, `revoked`, `created_at`, `updated_at`)
VALUES
	(1,NULL,'ImmoBill Personal Access Client','k0h3DMAf0Of68FJkNWEZCB3mU8dRuZk4aiJxIjfD','http://localhost',1,0,0,'2019-11-11 02:13:53','2019-11-11 02:13:53'),
	(2,NULL,'ImmoBill Password Grant Client','VHrUb23VK4cnZuPtvfr9dZDBXmrWjfxPVfi4v27J','http://localhost',0,1,0,'2019-11-11 02:13:53','2019-11-11 02:13:53');
;-- -. . -..- - / . -. - .-. -.--
/*!40000 ALTER TABLE `oauth_clients` ENABLE KEYS */;
;-- -. . -..- - / . -. - .-. -.--
DROP TABLE IF EXISTS `oauth_personal_access_clients`;
;-- -. . -..- - / . -. - .-. -.--
CREATE TABLE `oauth_personal_access_clients` (
  `id` int(10) unsigned NOT NULL AUTO_INCREMENT,
  `client_id` int(10) unsigned NOT NULL,
  `created_at` timestamp NULL DEFAULT NULL,
  `updated_at` timestamp NULL DEFAULT NULL,
  PRIMARY KEY (`id`),
  KEY `oauth_personal_access_clients_client_id_index` (`client_id`)
) ENGINE=InnoDB DEFAULT CHARSET=utf8mb4 COLLATE=utf8mb4_unicode_ci;
;-- -. . -..- - / . -. - .-. -.--
LOCK TABLES `oauth_personal_access_clients` WRITE;
;-- -. . -..- - / . -. - .-. -.--
/*!40000 ALTER TABLE `oauth_personal_access_clients` DISABLE KEYS */;
;-- -. . -..- - / . -. - .-. -.--
INSERT INTO `oauth_personal_access_clients` (`id`, `client_id`, `created_at`, `updated_at`)
VALUES
	(1,1,'2019-11-11 02:13:53','2019-11-11 02:13:53');
;-- -. . -..- - / . -. - .-. -.--
/*!40000 ALTER TABLE `oauth_personal_access_clients` ENABLE KEYS */;
;-- -. . -..- - / . -. - .-. -.--
DROP TABLE IF EXISTS `oauth_refresh_tokens`;
;-- -. . -..- - / . -. - .-. -.--
CREATE TABLE `oauth_refresh_tokens` (
  `id` varchar(100) COLLATE utf8mb4_unicode_ci NOT NULL,
  `access_token_id` varchar(100) COLLATE utf8mb4_unicode_ci NOT NULL,
  `revoked` tinyint(1) NOT NULL,
  `expires_at` datetime DEFAULT NULL,
  PRIMARY KEY (`id`),
  KEY `oauth_refresh_tokens_access_token_id_index` (`access_token_id`)
) ENGINE=InnoDB DEFAULT CHARSET=utf8mb4 COLLATE=utf8mb4_unicode_ci;
;-- -. . -..- - / . -. - .-. -.--
DROP TABLE IF EXISTS `official_holidays`;
;-- -. . -..- - / . -. - .-. -.--
CREATE TABLE `official_holidays` (
  `id` bigint(20) unsigned NOT NULL AUTO_INCREMENT,
  `start` date NOT NULL,
  `end` date NOT NULL,
  `name` varchar(191) COLLATE utf8mb4_unicode_ci NOT NULL,
  `created_at` timestamp NULL DEFAULT NULL,
  `updated_at` timestamp NULL DEFAULT NULL,
  `deleted_at` timestamp NULL DEFAULT NULL,
  PRIMARY KEY (`id`)
) ENGINE=InnoDB DEFAULT CHARSET=utf8mb4 COLLATE=utf8mb4_unicode_ci;
;-- -. . -..- - / . -. - .-. -.--
LOCK TABLES `official_holidays` WRITE;
;-- -. . -..- - / . -. - .-. -.--
/*!40000 ALTER TABLE `official_holidays` DISABLE KEYS */;
;-- -. . -..- - / . -. - .-. -.--
INSERT INTO `official_holidays` (`id`, `start`, `end`, `name`, `created_at`, `updated_at`, `deleted_at`)
VALUES
	(1,'2020-04-06','2020-04-18','Osterferien / Frühjahrsferien','2020-02-03 11:54:59','2020-02-03 11:54:59',NULL),
	(2,'2020-06-02','2020-06-02','Pfingstferien','2020-02-03 11:54:59','2020-02-03 11:54:59',NULL),
	(3,'2020-06-29','2020-08-11','Sommerferien','2020-02-03 11:54:59','2020-02-03 11:54:59',NULL),
	(4,'2020-10-12','2020-10-24','Herbstferien','2020-02-03 11:54:59','2020-02-03 11:54:59',NULL),
	(5,'2020-12-23','2021-06-01','Weihnachtsferien','2020-02-03 11:54:59','2020-02-03 11:54:59',NULL),
	(6,'2020-01-01','2020-01-01','Neujahr','2020-02-03 11:54:59','2020-02-03 11:54:59',NULL),
	(7,'2020-04-10','2020-04-10','Karfreitag','2020-02-03 11:54:59','2020-02-03 11:54:59',NULL),
	(8,'2020-04-13','2020-04-13','Ostermontag','2020-02-03 11:54:59','2020-02-03 11:54:59',NULL),
	(9,'2020-05-01','2020-05-01','Tag der Arbeit','2020-02-03 11:54:59','2020-02-03 11:54:59',NULL),
	(10,'2020-05-21','2020-05-21','Christi Himmelfahrt','2020-02-03 11:54:59','2020-02-03 11:54:59',NULL),
	(11,'2020-06-01','2020-06-01','Pfingstmontag','2020-02-03 11:54:59','2020-02-03 11:54:59',NULL),
	(12,'2020-06-11','2020-06-11','Fronleichnam','2020-02-03 11:54:59','2020-02-03 11:54:59',NULL),
	(13,'2020-10-03','2020-10-03','Tag der Deutschen Einheit','2020-02-03 11:54:59','2020-02-03 11:54:59',NULL),
	(14,'2020-11-01','2020-11-01','Allerheiligen','2020-02-03 11:54:59','2020-02-03 11:54:59',NULL),
	(15,'2020-12-25','2020-12-25','1. Weihnachtstag','2020-02-03 11:54:59','2020-02-03 11:54:59',NULL),
	(16,'2020-12-26','2020-12-26','2. Weihnachtstag','2020-02-03 11:54:59','2020-02-03 11:54:59',NULL),
	(17,'2021-03-29','2021-04-10','Osterferien / Frühjahrsferien','2020-02-03 11:54:59','2020-02-03 11:54:59',NULL),
	(18,'2021-05-25','2021-05-25','Pfingstferien','2020-02-03 11:54:59','2020-02-03 11:54:59',NULL),
	(19,'2021-07-05','2021-08-17','Sommerferien','2020-02-03 11:54:59','2020-02-03 11:54:59',NULL),
	(20,'2021-10-11','2021-10-23','Herbstferien','2020-02-03 11:54:59','2020-02-03 11:54:59',NULL),
	(21,'2021-12-24','2022-08-01','Weihnachtsferien','2020-02-03 11:54:59','2020-02-03 11:54:59',NULL),
	(22,'2021-01-01','2021-01-01','Neujahr','2020-02-03 11:54:59','2020-02-03 11:54:59',NULL),
	(23,'2021-04-02','2021-04-02','Karfreitag','2020-02-03 11:54:59','2020-02-03 11:54:59',NULL),
	(24,'2021-04-05','2021-04-05','Ostermontag','2020-02-03 11:54:59','2020-02-03 11:54:59',NULL),
	(25,'2021-05-01','2021-05-01','Tag der Arbeit','2020-02-03 11:54:59','2020-02-03 11:54:59',NULL),
	(26,'2021-05-13','2021-05-13','Christi Himmelfahrt','2020-02-03 11:54:59','2020-02-03 11:54:59',NULL),
	(27,'2021-05-24','2021-05-24','Pfingstmontag','2020-02-03 11:54:59','2020-02-03 11:54:59',NULL),
	(28,'2021-06-03','2021-06-03','Fronleichnam','2020-02-03 11:54:59','2020-02-03 11:54:59',NULL),
	(29,'2021-10-03','2021-10-03','Tag der Deutschen Einheit','2020-02-03 11:54:59','2020-02-03 11:54:59',NULL),
	(30,'2021-11-01','2021-11-01','Allerheiligen','2020-02-03 11:54:59','2020-02-03 11:54:59',NULL),
	(31,'2021-12-25','2021-12-25','1. Weihnachtstag','2020-02-03 11:54:59','2020-02-03 11:54:59',NULL),
	(32,'2021-12-26','2021-12-26','2. Weihnachtstag','2020-02-03 11:54:59','2020-02-03 11:54:59',NULL);
;-- -. . -..- - / . -. - .-. -.--
/*!40000 ALTER TABLE `official_holidays` ENABLE KEYS */;
;-- -. . -..- - / . -. - .-. -.--
DROP TABLE IF EXISTS `password_resets`;
;-- -. . -..- - / . -. - .-. -.--
CREATE TABLE `password_resets` (
  `id` bigint(20) unsigned NOT NULL AUTO_INCREMENT,
  `email` varchar(191) COLLATE utf8mb4_unicode_ci NOT NULL,
  `token` varchar(191) COLLATE utf8mb4_unicode_ci NOT NULL,
  `deleted_at` timestamp NULL DEFAULT NULL,
  `created_at` timestamp NULL DEFAULT NULL,
  `updated_at` timestamp NULL DEFAULT NULL,
  PRIMARY KEY (`id`),
  KEY `password_resets_email_index` (`email`)
) ENGINE=InnoDB DEFAULT CHARSET=utf8mb4 COLLATE=utf8mb4_unicode_ci;
;-- -. . -..- - / . -. - .-. -.--
LOCK TABLES `password_resets` WRITE;
;-- -. . -..- - / . -. - .-. -.--
/*!40000 ALTER TABLE `password_resets` DISABLE KEYS */;
;-- -. . -..- - / . -. - .-. -.--
INSERT INTO `password_resets` (`id`, `email`, `token`, `deleted_at`, `created_at`, `updated_at`)
VALUES
	(12,'stefan.boeckmann@sparkasse-mslo.de','waFgHEF18yd2LM1D4JWBwcXY6SDaDbNv1yExA4fg9KNnLvUDoIF0ptK7qiwS',NULL,'2019-11-11 17:10:27','2019-11-11 17:10:27'),
	(13,'jannik.wolff@sparkasse-mslo.de','ZnkYzzaDNs7aoFO2SRFEsnjCwBbCTiL4TZohpd6DLn3IMbYkNmIwByqHuXys',NULL,'2019-12-10 12:33:18','2019-12-10 12:33:18'),
	(14,'lars.moenig@sparkasse-mslo.de','RGvChlOlpZ2ELzdTmbo7vGsVjWWaUX6guZt1h0XkeREMJgebzYCgKr7OSRGA',NULL,'2019-12-10 12:51:44','2019-12-10 12:51:44'),
	(15,'sarah.grosse@sparkasse-mslo.de','auPXoQKg7OemeMpEcT5lhfGHI9ibsSchoNCEHe1nzlZS2T3geqce2g0FfiIi',NULL,'2019-12-20 11:35:51','2019-12-20 11:35:51'),
	(16,'mark.lackmann@sparkasse-mslo.de','zWGrMgDtZVRDPnuybm5B3NgjKYXGfUzvKLCncgWdIHTKuPxivjDug1ENiMjQ',NULL,'2019-12-20 11:46:56','2019-12-20 11:46:56'),
	(17,'ulla.waltermann@sparkasse-mslo.de','b5VgaQIqW8ZeFqu4bzQ8P27fXTyMBvqWoopxYbUWvatUWyKtnpK4eSOt6dP9',NULL,'2019-12-20 11:50:14','2019-12-20 11:50:14'),
	(18,'linda.hoerstker@sparkasse-mslo.de','m2yvFCOXRzmwWIu17JnoOgAHJwfS7uxONtwrcImxAOqUILENlMAWs8Wtme4v',NULL,'2019-12-20 11:55:26','2019-12-20 11:55:26'),
	(19,'tobias.weber@sparkasse-mslo.de','NCDh49ma3vnicZRnu6JptjxVb9KtvZqCbuga1Kgae7Ur60FQU2dUWAlijbqt','2019-12-23 08:42:10','2019-12-20 11:57:45','2019-12-23 08:42:10'),
	(20,'georg.wetterau@sparkasse-mslo.de','3ODavhRLuEdGNglvvmymP7Xongw4gtAksmFo3cTUQfdGWprSyIROIMwWLd23',NULL,'2019-12-20 14:48:17','2019-12-20 14:48:17'),
	(21,'stefanie.stefer@sparkasse-mslo.de','cqTz98kC7WKcYm0kWv6BrTs34EdBRex3dWyS7hbQB3zjokBSwiRbFQ1J4g7P',NULL,'2019-12-20 14:50:59','2019-12-20 14:50:59'),
	(22,'veit.mueller@sparkasse-mslo.de','1W4K5W0WtjcHWeN7Cchj7mWx4hAnx5pS9iqoPfGoodf2JlUsYY8I9YtVVD2C',NULL,'2019-12-20 14:52:45','2019-12-20 14:52:45'),
	(23,'thomas.grosse.daldrup@sparkasse-mslo.de','pUrvpXARYRsyvDGwhb4fBUvDkVz1jeGnQpa5tiv3iYfBqxG5UMKC6WJoi4EO',NULL,'2019-12-20 16:23:30','2019-12-20 16:23:30'),
	(24,'julia.broeker@sparkasse-mslo.de','ZIyhNBXLKXOmdiyXBWwAs6K7Iabh6lPqJcu5uDVUknF3lGy9RdNY2m9n0wcV','2020-01-03 10:31:15','2020-01-03 10:23:10','2020-01-03 10:31:15'),
	(25,'elisabeth.buhne@sparkasse-mslo.de','JIlW7XYPVwZabF3pEcD3fvau8E9U8CbxlZxRCbzTB7hrcrxowRxJL42WkOAM','2020-01-21 11:02:30','2020-01-03 10:24:05','2020-01-21 11:02:30'),
	(26,'anna.schulte-werning@sparkasse-mslo.de','0kMpPlwdSgzwP59SiEq0a4M3khSrKKlbdJnTDdS0iMh8TZCH2gsm9J9UgUcN','2020-01-28 09:15:07','2020-01-03 10:25:01','2020-01-28 09:15:07'),
	(27,'anna.lena.dinkhoff@sparkasse-mslo.de','PJdjwjFMFmMKrm2SCT1OWc2Ojm9Dwrjb6RUtysiL8O4oxkeG9GYtOZ73o4Fc','2020-01-06 12:36:54','2020-01-03 10:26:39','2020-01-06 12:36:54'),
	(28,'info@web-n-app.de','Vay4Nwzuy9Dcw5GXMTEHMhr1PsGket4rSBhuoP81uYNHdIXLjQgD4fZ4Nulc','2020-01-03 15:32:26','2020-01-03 15:32:05','2020-01-03 15:32:26'),
	(29,'info@web-n-app.de','T1UCaEfAcbdPN0RhSfDRIyYJTPZ7HYREJEXsizKVlHIhHPHGg50xiyMDSk5l','2020-01-03 15:36:16','2020-01-03 15:33:29','2020-01-03 15:36:16'),
	(30,'severin.breitkopf@web-n-app.de','xmZjCPAlDfQ3S2KQKrItHk3eoFD5tDyfbuaJHjaeB1Q1mNSlm762qXPi2SS0',NULL,'2020-01-03 17:37:06','2020-01-03 17:37:06'),
	(31,'julian.peveling@sparkasse-mslo.de','pxvLKJdrHA6qu6UZk4Bz8pXLaXUfr4DLGJxzFDRFfSOkdW9dU1m7WSshCYBb',NULL,'2020-01-07 11:03:00','2020-01-07 11:03:00'),
	(32,'juergen.groenefeld@sparkasse-mslo.de','LZ5S3qU5ku6FB3TjedxR6g1xo3vWCYIEa5ZPGFakFl67QrbOabghW4SGoDs8',NULL,'2020-01-07 17:23:28','2020-01-07 17:23:28'),
	(33,'info@web-n-app.de','LhzY6jqM0HacrGEEpvNij7oL4O3Q3xyVUIPaErfeiiqcVshfTauoupDJfm37','2020-01-21 10:03:10','2020-01-21 10:02:35','2020-01-21 10:03:10'),
	(34,'info@web-n-app.de','4ytbpmdHZNPg6HdIJeDqo18EP8E4C2RP28Q3ru9uIO6ak5U2o4xJ2Nspazcd','2020-01-21 10:26:24','2020-01-21 10:26:01','2020-01-21 10:26:24'),
	(35,'info@web-n-app.de','K0Rcfud0BtxKkKnwhTgs6aAMI9fEQ0z5flTid15g2rJGh3EB7fjHnRNT9pdD','2020-01-21 10:28:47','2020-01-21 10:27:59','2020-01-21 10:28:47'),
	(36,'info@web-n-app.de','zUZALIIXfetsb3gbOPYLCckRO8b3MJqbla9RNVQxXexeUnPY2l70kDrwV6VV','2020-01-21 10:30:12','2020-01-21 10:29:56','2020-01-21 10:30:12'),
	(37,'info@web-n-app.de','WFLi5x7AJh84SMbStSuJfFkm1BSgzu11p0X86ZCYIc6TJOuGquKriYT9aeW0','2020-01-21 11:33:18','2020-01-21 11:30:16','2020-01-21 11:33:18'),
	(38,'info@web-n-app.de','pmpErBghBnFZCTawqq3RBscU4P8KVAqZbM2DPwnW8dtFD7Omx4hPxjaajmql','2020-01-21 11:39:42','2020-01-21 11:39:05','2020-01-21 11:39:42'),
	(39,'elisabeth.buhne@sparkasse-mslo.de','9CnR7f16mrLzkMNjxeBFz9WUaC0GpempRrXCbzclzb1D5qgkvj1UPI1rjWby','2020-01-23 10:57:43','2020-01-23 10:56:37','2020-01-23 10:57:43'),
	(40,'anna.lena.dinkhoff@sparkasse-mslo.de','bNEyz5pkXR8t6j2UrsehIGIFnM0FjyZwIGrJce8NDNyiqFFNNFyARGJ48CLr','2020-01-28 09:15:42','2020-01-28 09:14:23','2020-01-28 09:15:42');
;-- -. . -..- - / . -. - .-. -.--
/*!40000 ALTER TABLE `password_resets` ENABLE KEYS */;
;-- -. . -..- - / . -. - .-. -.--
DROP TABLE IF EXISTS `real_estate_object_types`;
;-- -. . -..- - / . -. - .-. -.--
CREATE TABLE `real_estate_object_types` (
  `id` bigint(20) unsigned NOT NULL AUTO_INCREMENT,
  `name` varchar(191) COLLATE utf8mb4_unicode_ci NOT NULL,
  `deleted_at` timestamp NULL DEFAULT NULL,
  `created_at` timestamp NULL DEFAULT NULL,
  `updated_at` timestamp NULL DEFAULT NULL,
  `genitive` varchar(191) COLLATE utf8mb4_unicode_ci NOT NULL,
  PRIMARY KEY (`id`)
) ENGINE=InnoDB DEFAULT CHARSET=utf8mb4 COLLATE=utf8mb4_unicode_ci;
;-- -. . -..- - / . -. - .-. -.--
LOCK TABLES `real_estate_object_types` WRITE;
;-- -. . -..- - / . -. - .-. -.--
/*!40000 ALTER TABLE `real_estate_object_types` DISABLE KEYS */;
;-- -. . -..- - / . -. - .-. -.--
INSERT INTO `real_estate_object_types` (`id`, `name`, `deleted_at`, `created_at`, `updated_at`, `genitive`)
VALUES
	(1,'1-Zi. Eigentumswohnung',NULL,'2019-11-11 02:13:52','2019-11-11 02:13:52','der 1-Zi. Eigentumswohnung'),
	(2,'2-Zi. Eigentumswohnung',NULL,'2019-11-11 02:13:52','2019-11-11 02:13:52','der 2-Zi. Eigentumswohnung'),
	(3,'2,5-Zi. Eigentumswohnung',NULL,'2019-11-11 02:13:52','2019-11-11 02:13:52','der 2,5-Zi. Eigentumswohnung'),
	(4,'3-Zi. Eigentumswohnung',NULL,'2019-11-11 02:13:52','2019-11-11 02:13:52','der 3-Zi. Eigentumswohnung'),
	(5,'4-Zi. Eigentumswohnung',NULL,'2019-11-11 02:13:52','2019-11-11 02:13:52','der 4-Zi. Eigentumswohnung'),
	(6,'Apartment',NULL,'2019-11-11 02:13:52','2019-11-11 02:13:52','des Apartments'),
	(7,'Baugrundstück',NULL,'2019-11-11 02:13:52','2019-11-11 02:13:52','des Baugrundstücks'),
	(8,'Bauträger / Eigentumswohnung',NULL,'2019-11-11 02:13:52','2019-11-11 02:13:52','des Bauträgers / Eigentumswohnung'),
	(9,'Bauträger / Reihenhäuser',NULL,'2019-11-11 02:13:52','2019-11-11 02:13:52','des Bauträger / Reihenhäuser'),
	(10,'Bungalow',NULL,'2019-11-11 02:13:52','2019-11-11 02:13:52','des Bungalows'),
	(11,'Doppelhaus',NULL,'2019-11-11 02:13:52','2019-11-11 02:13:52','des Doppelhauses'),
	(12,'Doppelhaushälfte',NULL,'2019-11-11 02:13:52','2019-11-11 02:13:52','der Doppelhaushälfte'),
	(13,'Eigentumswohnung / Kapitalanlage',NULL,'2019-11-11 02:13:52','2019-11-11 02:13:52','der Eigentumswohnung / Kapitalanlage'),
	(14,'Einfamilienhaus',NULL,'2019-11-11 02:13:52','2019-11-11 02:13:52','des Einfamilienhauses'),
	(15,'Ferienhaus',NULL,'2019-11-11 02:13:52','2019-11-11 02:13:52','des Ferienhauses'),
	(16,'Gewerbegrundstück',NULL,'2019-11-11 02:13:52','2019-11-11 02:13:52','des Gewerbegrundstücks'),
	(17,'Handwerksbetrieb',NULL,'2019-11-11 02:13:52','2019-11-11 02:13:52','des Handwerksbetriebs'),
	(18,'Ladenlokal',NULL,'2019-11-11 02:13:52','2019-11-11 02:13:52','des Ladenlokals'),
	(19,'Lager / Werkstatt / Büro',NULL,'2019-11-11 02:13:52','2019-11-11 02:13:52','des Lagers / der Werkstatt / des Büros'),
	(20,'Ländliches Anwesen',NULL,'2019-11-11 02:13:52','2019-11-11 02:13:52','des ländliches Anwesens'),
	(21,'landwirtschaftliche Nutzfläche',NULL,'2019-11-11 02:13:52','2019-11-11 02:13:52','der landwirtschaftliche Nutzfläche'),
	(22,'Mehrfamilienhaus',NULL,'2019-11-11 02:13:52','2019-11-11 02:13:52','des Mehrfamilienhauses'),
	(23,'Mietobjekt',NULL,'2019-11-11 02:13:52','2019-11-11 02:13:52','des Mietobjekts'),
	(24,'Reihenendhaus',NULL,'2019-11-11 02:13:52','2019-11-11 02:13:52','des Reihenendhauses'),
	(25,'Reihenhaus',NULL,'2019-11-11 02:13:52','2019-11-11 02:13:52','des Reihenhauses'),
	(26,'Sonstiges',NULL,'2019-11-11 02:13:52','2019-11-11 02:13:52','von Sonstiges'),
	(27,'Villa',NULL,'2019-11-11 02:13:52','2019-11-11 02:13:52','der Villa'),
	(28,'Wohn-/Geschäfshaus',NULL,'2019-11-11 02:13:52','2019-11-11 02:13:52','des Wohn-/Geschäfshauses'),
	(29,'Zweifamilienhaus',NULL,'2019-11-11 02:13:52','2019-11-11 02:13:52','des Zweifamilienhauses'),
	(30,'5-Zi. Eigentumswohnung','2020-02-13 11:18:17','2020-02-13 11:17:34','2020-02-13 11:18:17','die'),
	(31,'5-Zi. Eigentumswohnung',NULL,'2020-02-13 11:18:50','2020-02-13 11:18:50','die');
;-- -. . -..- - / . -. - .-. -.--
/*!40000 ALTER TABLE `real_estate_object_types` ENABLE KEYS */;
;-- -. . -..- - / . -. - .-. -.--
DROP TABLE IF EXISTS `real_estates`;
;-- -. . -..- - / . -. - .-. -.--
CREATE TABLE `real_estates` (
  `id` bigint(20) unsigned NOT NULL AUTO_INCREMENT,
  `branch_office_id` bigint(20) unsigned DEFAULT NULL,
  `business_segment_id` bigint(20) unsigned DEFAULT NULL,
  `real_estate_object_type_id` bigint(20) unsigned DEFAULT NULL,
  `is_rented` tinyint(1) NOT NULL DEFAULT '0',
  `is_completed` tinyint(1) NOT NULL DEFAULT '0',
  `settlement_number` varchar(32) COLLATE utf8mb4_unicode_ci DEFAULT NULL,
  `street` varchar(191) COLLATE utf8mb4_unicode_ci DEFAULT NULL,
  `zip` varchar(5) COLLATE utf8mb4_unicode_ci DEFAULT NULL,
  `city` varchar(191) COLLATE utf8mb4_unicode_ci DEFAULT NULL,
  `purchasing_date` date DEFAULT NULL,
  `purchasing_price` decimal(11,2) NOT NULL DEFAULT '0.00',
  `notary_date` date DEFAULT NULL,
  `statistics_date` date DEFAULT NULL,
  `entry_date` date DEFAULT NULL,
  `comment` text COLLATE utf8mb4_unicode_ci,
  `deleted_at` timestamp NULL DEFAULT NULL,
  `created_at` timestamp NULL DEFAULT NULL,
  `updated_at` timestamp NULL DEFAULT NULL,
  PRIMARY KEY (`id`),
  KEY `real_estates_branch_office_id_foreign` (`branch_office_id`),
  KEY `real_estates_business_segment_id_foreign` (`business_segment_id`),
  KEY `real_estates_real_estate_object_type_id_foreign` (`real_estate_object_type_id`),
  CONSTRAINT `real_estates_branch_office_id_foreign` FOREIGN KEY (`branch_office_id`) REFERENCES `branch_offices` (`id`) ON DELETE SET NULL,
  CONSTRAINT `real_estates_business_segment_id_foreign` FOREIGN KEY (`business_segment_id`) REFERENCES `business_segments` (`id`) ON DELETE SET NULL,
  CONSTRAINT `real_estates_real_estate_object_type_id_foreign` FOREIGN KEY (`real_estate_object_type_id`) REFERENCES `real_estate_object_types` (`id`) ON DELETE SET NULL
) ENGINE=InnoDB DEFAULT CHARSET=utf8mb4 COLLATE=utf8mb4_unicode_ci;
;-- -. . -..- - / . -. - .-. -.--
LOCK TABLES `real_estates` WRITE;
;-- -. . -..- - / . -. - .-. -.--
/*!40000 ALTER TABLE `real_estates` DISABLE KEYS */;
;-- -. . -..- - / . -. - .-. -.--
INSERT INTO `real_estates` (`id`, `branch_office_id`, `business_segment_id`, `real_estate_object_type_id`, `is_rented`, `is_completed`, `settlement_number`, `street`, `zip`, `city`, `purchasing_date`, `purchasing_price`, `notary_date`, `statistics_date`, `entry_date`, `comment`, `deleted_at`, `created_at`, `updated_at`)
VALUES
	(1,1,3,5,0,0,'1234','Rothenburg 5','48143','Münster','2019-11-14',350000.00,'2019-11-14','2019-11-14',NULL,NULL,NULL,'2019-11-19 09:05:07','2019-11-19 09:05:07'),
	(2,1,3,14,0,0,'2276','Rüschhausweg 79','48161','Münster','2019-11-15',490000.00,'2019-11-15','2019-11-15',NULL,NULL,NULL,'2019-11-20 10:37:48','2019-11-20 10:54:04'),
	(3,1,3,2,0,1,'M-2042','Lortzingstraße 28','48291','Telgte','2019-12-05',145500.00,'2019-12-05','2019-12-10',NULL,NULL,'2020-01-08 12:53:44','2019-12-10 12:39:16','2020-01-08 12:53:44'),
	(4,4,5,28,0,0,'O-2169','Bahnhofstraße 30','59302','Oelde','2019-12-19',265000.00,'2019-12-19','2019-12-19',NULL,NULL,NULL,'2019-12-20 16:27:51','2019-12-27 10:05:39'),
	(5,1,3,4,0,1,'2825','Hoffschultestraße 5','48155','Münster','2019-12-17',290000.00,'2019-12-17','2019-12-17',NULL,NULL,NULL,'2019-12-20 16:40:50','2020-02-13 10:35:27'),
	(6,1,2,5,0,0,'1694-4','Finkenweg 15 b','48291','Telgte','2019-12-18',425000.00,'2019-12-18','2019-12-19',NULL,NULL,NULL,'2019-12-27 11:02:41','2020-01-28 12:33:03'),
	(7,1,2,12,0,0,'2828-2','Wilhelm-Raabe-Straße 9','48161','Münster','2019-12-18',600000.00,'2019-12-18','2019-12-18',NULL,NULL,NULL,'2019-12-27 11:08:34','2019-12-27 11:08:34'),
	(8,1,2,12,0,0,'2828-1','Wilhelm-Raabe-Str. 7','48161','Münster','2019-12-18',600000.00,'2019-12-18','2019-12-19',NULL,NULL,NULL,'2019-12-27 11:14:18','2020-01-28 12:36:08'),
	(9,1,3,4,0,0,'2062','Von-Einem-Straße 9','48159','Münster','2019-12-18',275000.00,'2019-12-18','2019-12-19',NULL,NULL,NULL,'2019-12-27 11:20:26','2020-01-28 12:40:15'),
	(10,1,3,4,0,1,'2823','Hummelbrink 10','48165','Münster','2019-12-17',315000.00,'2019-12-17','2019-12-17',NULL,NULL,NULL,'2019-12-27 11:40:53','2020-02-13 10:33:38'),
	(11,1,8,1,0,0,'Gemeinschafts-bereich','Test','12345','Münster','2020-01-03',1000000.00,'2020-01-03','2020-01-03',NULL,NULL,'2020-01-03 16:30:59','2020-01-03 16:27:08','2020-01-03 16:30:59'),
	(12,1,8,14,0,0,'Wilhelm-Rabe-Str. 13 in Menden','Wilhelm-Rabe-Str. 13','58708','Menden','2019-12-16',215000.00,'2019-12-16','2019-12-27',NULL,NULL,NULL,'2020-01-03 16:29:00','2020-01-30 13:44:22'),
	(13,1,3,6,0,0,'2820','Hoffmann-von-Fallersleben-Weg 2-4','48165','Münster',NULL,64100.00,'2019-12-13','2019-12-13',NULL,NULL,NULL,'2020-01-07 17:00:19','2020-01-07 17:00:19'),
	(14,3,3,14,0,0,'A-2701','Hans-Böckler-Straße 30','59229','Ahlen',NULL,185000.00,'2019-12-13','2019-12-13',NULL,NULL,NULL,'2020-01-07 17:29:53','2020-01-07 17:29:53'),
	(15,1,3,25,0,0,'2578','Am Hof Schultmann 123','48163','Münster',NULL,496500.00,'2019-12-13','2019-12-13',NULL,NULL,NULL,'2020-01-07 17:56:32','2020-01-07 17:56:32'),
	(16,1,3,14,0,0,'A-1991','Reinhausweg 12','48317','Drensteinfurt',NULL,355000.00,'2019-12-13','2019-12-13',NULL,NULL,NULL,'2020-01-08 09:30:33','2020-01-08 09:30:33'),
	(17,1,8,25,0,0,'Gemeinschaftsgeschäft-Dülmen','Raiffeisenstraße 149','48249','Dülmen',NULL,249000.00,'2019-12-10','2019-12-10',NULL,NULL,NULL,'2020-01-08 09:42:19','2020-01-08 09:42:19'),
	(18,1,3,22,0,0,'2152','Saarstraße 17','48145','Münster',NULL,1120000.00,'2019-12-04','2019-12-04',NULL,NULL,NULL,'2020-01-08 09:52:44','2020-01-08 09:52:44'),
	(19,1,3,22,0,0,'2483','Marktallee 29','48153','Münster',NULL,681000.00,'2019-12-03','2019-12-12',NULL,NULL,NULL,'2020-01-08 11:01:25','2020-01-28 12:58:38'),
	(20,1,3,2,0,0,'2042','Lortzingstraße 28','48291','Telgte',NULL,145500.00,'2019-12-05','2019-12-10',NULL,NULL,NULL,'2020-01-08 11:14:10','2020-01-28 12:59:53'),
	(21,1,3,4,0,0,'2812','Bohlweg 21','48147','Münster',NULL,365000.00,'2020-01-08','2020-01-08',NULL,NULL,NULL,'2020-01-09 12:09:15','2020-01-09 12:09:15'),
	(22,4,3,2,0,0,'O-2559','Heinrich-Tenhumberg-Straße 4','59302','Oelde',NULL,109000.00,'2019-11-05','2019-11-05',NULL,NULL,NULL,'2020-01-09 12:27:25','2020-01-09 12:27:25'),
	(23,1,3,5,0,0,'2840','Am Prillbach 12','48317','Drensteinfurt',NULL,155000.00,'2020-01-10','2020-01-10',NULL,NULL,NULL,'2020-01-14 10:11:01','2020-01-14 10:11:01'),
	(24,3,3,12,0,0,'A-2661','Knäppken 19','48317','Drensteinfurt',NULL,236000.00,'2019-11-27','2019-11-28',NULL,NULL,NULL,'2020-01-14 10:28:43','2020-01-28 13:27:03'),
	(25,3,3,14,0,0,'A-2190','Ostpreußenring 23','48324','Sendenhorst',NULL,217000.00,'2019-10-01','2019-10-01',NULL,NULL,NULL,'2020-01-14 10:50:01','2020-01-14 10:50:01'),
	(26,5,3,10,0,0,'W-2371','Grevener Damm 10a','48346','Ostbevern',NULL,260000.00,'2019-11-25','2019-11-28',NULL,NULL,NULL,'2020-01-14 11:17:05','2020-01-14 11:17:05'),
	(27,3,3,13,0,0,'A-2591','Am Prillbach 12','48317','Drensteinfurt',NULL,187000.00,'2019-11-27','2019-11-28',NULL,NULL,NULL,'2020-01-14 11:26:21','2020-01-14 11:26:21'),
	(28,1,3,12,0,0,'2185','Diekbree 68','48157','Münster',NULL,379000.00,'2019-06-18','2019-06-25',NULL,NULL,NULL,'2020-01-14 11:40:16','2020-01-14 11:40:16'),
	(29,4,3,14,0,0,'O-2525','Holtkamp 13','59302','Oelde',NULL,215500.00,'2019-11-21','2019-11-26',NULL,NULL,NULL,'2020-01-14 11:58:39','2020-01-14 11:58:39'),
	(30,5,3,14,0,0,'W-2809','Krimphovenweg 15','48231','Warendorf',NULL,440000.00,'2020-01-13','2020-01-21',NULL,NULL,NULL,'2020-01-21 12:06:04','2020-01-21 12:06:04'),
	(31,4,3,5,0,1,'O-2697','Wibbeltstraße 66','59302','Oelde',NULL,120000.00,'2020-01-13','2020-01-21',NULL,NULL,NULL,'2020-01-21 12:22:18','2020-02-13 10:30:18'),
	(32,1,2,6,0,0,'2869-339','Von-Steuben-Straße 13-15','48143','Münster',NULL,227426.30,'2020-01-17','2020-01-21',NULL,NULL,NULL,'2020-01-21 12:34:54','2020-01-21 12:34:54'),
	(33,1,3,6,0,0,'2850','Gescherweg 47','48161','Münster',NULL,130000.00,'2020-01-20','2020-01-23',NULL,NULL,NULL,'2020-01-23 11:03:08','2020-01-23 11:03:08'),
	(34,5,3,12,0,0,'W-2538','Zur Hauptschule 7','48231','Warendorf',NULL,306000.00,'2020-01-15','2020-01-23',NULL,NULL,NULL,'2020-01-23 11:12:29','2020-01-23 11:12:29'),
	(35,1,3,5,0,0,'2481','Gutenbergstraße 24','48145','Münster',NULL,386000.00,'2020-01-09','2020-01-23',NULL,NULL,NULL,'2020-01-23 11:22:45','2020-01-23 11:32:29'),
	(36,1,3,4,0,0,'0556','Hohe Geest 2b','48165','Münster',NULL,333000.00,'2019-11-18','2019-11-19',NULL,NULL,NULL,'2020-01-23 11:56:34','2020-01-23 11:56:34'),
	(37,1,3,2,0,0,'2722','Mertensheide','48165','Münster',NULL,198000.00,'2019-12-20','2019-12-27',NULL,NULL,NULL,'2020-01-23 12:20:33','2020-01-23 12:20:33'),
	(38,3,3,12,0,0,'A-2182','Wiesenweg 14a','48317','Drensteinfurt',NULL,275000.00,'2019-09-23','2019-09-26',NULL,NULL,NULL,'2020-01-23 12:52:17','2020-01-23 12:52:17'),
	(39,5,3,14,0,0,'W-2851','Hermann-Löns-Straße 2','48231','Warendorf',NULL,250000.00,'2020-01-20','2020-01-28',NULL,NULL,NULL,'2020-01-28 11:25:16','2020-01-28 11:25:16'),
	(40,1,3,4,0,0,'2709','Dieckmannstraße 64','48161','Münster',NULL,300000.00,'2020-01-24','2020-01-28',NULL,NULL,NULL,'2020-01-28 11:37:25','2020-01-28 11:37:25'),
	(41,1,3,12,0,0,'1058','Martin-Niemöller-Straße 13a','48159','Münster',NULL,286100.00,'2020-01-24','2020-01-28',NULL,'Micro-DHH',NULL,'2020-01-28 11:43:23','2020-01-28 11:43:23'),
	(42,3,3,29,0,0,'A-2381','Uhlandstraße 38','59227','Ahlen',NULL,308000.00,'2019-10-31','2019-10-31',NULL,NULL,NULL,'2020-01-28 12:09:40','2020-01-28 14:18:31'),
	(43,1,3,2,0,0,'2774','Hofstraße 15','48167','Münster',NULL,117000.00,'2019-12-20','2019-12-27',NULL,NULL,NULL,'2020-01-28 12:26:40','2020-01-28 12:26:40'),
	(44,3,3,4,0,0,'A-2756','Zeppelinstraße 2','59229','Ahlen',NULL,110000.00,'2019-11-29','2019-11-30',NULL,NULL,NULL,'2020-01-28 13:17:46','2020-01-28 13:17:46'),
	(45,3,3,14,0,0,'A-2766','Lambertistraße 23','59229','Ahlen',NULL,181000.00,'2019-11-29','2019-11-30',NULL,NULL,NULL,'2020-01-28 13:23:43','2020-01-28 13:24:00'),
	(46,1,3,5,0,0,'1944','Wolbecker Straße 290','48155','Münster',NULL,309000.00,'2019-11-25','2019-11-28',NULL,NULL,NULL,'2020-01-28 13:31:51','2020-01-28 13:31:51'),
	(47,1,3,4,0,0,'2769','Hogenbergstraße 100','48153','Münster',NULL,125000.00,'2019-11-22','2019-11-26',NULL,NULL,NULL,'2020-01-28 13:39:27','2020-01-28 13:39:27'),
	(48,1,1,26,0,0,'891','Paul-Gerhardt-Straße 38-44','48161','Münster',NULL,25200.00,'2019-05-10','2019-09-26',NULL,NULL,NULL,'2020-01-28 13:52:45','2020-01-28 13:55:45'),
	(49,1,3,26,0,0,'2712','Lühnstiege 10','48151','Münster',NULL,448000.00,'2019-11-25','2019-11-26',NULL,NULL,NULL,'2020-01-28 14:11:45','2020-01-28 14:11:45'),
	(50,5,3,14,0,1,'W-2304','Lange Kesselstraße 15','48231','Warendorf',NULL,585000.00,'2019-11-30','2019-11-30',NULL,NULL,NULL,'2020-01-28 14:27:44','2020-02-04 16:00:07'),
	(51,1,3,14,0,0,'2767','Vennheideweg 64','48153','Münster',NULL,630000.00,'2019-11-06','2019-11-07',NULL,NULL,NULL,'2020-01-28 14:34:47','2020-01-28 14:34:47'),
	(52,1,3,2,0,0,'2808','Gartenstraße 25','48147','Münster',NULL,285000.00,'2020-01-31','2020-01-30',NULL,NULL,NULL,'2020-01-30 10:44:03','2020-01-30 10:44:03'),
	(53,1,3,25,0,0,'2717','Clara-Ratzka-Weg 30','48155','Münster',NULL,390000.00,'2020-01-24','2020-01-30',NULL,NULL,NULL,'2020-01-30 10:50:25','2020-01-30 10:50:25'),
	(54,3,3,5,0,0,'A-2770','Martinstraße 49','59227','Ahlen',NULL,109000.00,'2020-01-28','2020-01-30',NULL,NULL,NULL,'2020-01-30 10:57:11','2020-01-30 10:57:11'),
	(55,4,3,25,0,0,'O-2864','Schilgeskamp 14','59302','Oelde',NULL,139000.00,'2020-01-24','2020-01-30',NULL,NULL,NULL,'2020-01-30 11:01:55','2020-01-30 11:01:55'),
	(56,1,3,12,0,0,'2306','Am Roggenkamp 1','48165','Münster',NULL,265000.00,'2019-11-14','2019-11-19',NULL,NULL,NULL,'2020-01-30 11:44:02','2020-01-30 11:44:02'),
	(57,4,3,5,0,0,'O-2590','Gustav-Stresemann-Straße 25','59302','Oelde',NULL,229000.00,'2019-10-31','2019-11-12',NULL,NULL,NULL,'2020-01-30 11:59:36','2020-01-30 11:59:36'),
	(58,1,3,2,0,0,'1608','Hohe Geist 58','48163','Münster',NULL,83000.00,'2020-01-30','2020-01-31',NULL,NULL,NULL,'2020-02-03 09:07:41','2020-02-03 09:07:51'),
	(59,1,3,12,0,0,'A-2660','Weidenbrede 6','48317','Drensteinfurt',NULL,365000.00,'2020-01-31','2020-01-31',NULL,NULL,NULL,'2020-02-03 09:23:18','2020-02-03 09:23:27'),
	(60,1,3,22,0,0,'2054','Lühnstiege 6','48151','Münster',NULL,3425000.00,'2020-01-22','2020-01-31',NULL,NULL,NULL,'2020-02-03 09:32:09','2020-02-03 09:32:09'),
	(61,1,2,6,0,0,'2869-521','Von-Steuben-Straße 13-15','48143','Münster',NULL,175960.10,'2020-01-24','2020-01-30',NULL,NULL,NULL,'2020-02-03 09:44:35','2020-02-03 09:44:35'),
	(62,1,3,26,0,0,'2524','Klostertraße 90','48143','Münster',NULL,2085000.00,'2019-12-11','2020-01-30',NULL,NULL,NULL,'2020-02-03 09:53:39','2020-02-03 09:53:39'),
	(63,3,3,29,0,0,'A-1593','Göttendorfer Weg 13a','48317','Drensteinfurt-Rinkerode',NULL,395000.00,'2019-07-31','2019-07-31',NULL,NULL,NULL,'2020-02-03 10:58:31','2020-02-03 10:58:54'),
	(64,5,3,14,0,0,'W-2684','In de Brinke 32','48231','Warendorf',NULL,280000.00,'2020-02-06','2020-02-11',NULL,NULL,NULL,'2020-02-11 11:30:18','2020-02-11 11:30:18'),
	(65,5,3,4,0,0,'W-2819','Von-Vincke-Platz 2','48231','Warendorf',NULL,155000.00,'2020-02-05','2020-02-11',NULL,NULL,NULL,'2020-02-11 11:38:44','2020-02-11 11:38:44'),
	(66,1,3,4,0,0,'2729','Gartenstraße 52','48147','Münster',NULL,281785.00,'2020-02-04','2020-02-11',NULL,NULL,NULL,'2020-02-11 11:51:42','2020-02-11 11:51:42'),
	(67,1,3,2,0,0,'2873','Bentelerstraße 64','48149','Münster',NULL,152000.00,'2020-02-03','2020-02-11',NULL,NULL,NULL,'2020-02-11 11:56:52','2020-02-11 11:56:52'),
	(68,1,3,12,0,0,'A-2311','Nelkenstraße 56','59229','Ahlen',NULL,250000.00,'2020-02-11','2020-02-13',NULL,NULL,NULL,'2020-02-13 08:49:27','2020-02-13 08:49:27'),
	(69,1,3,5,0,0,'2738','Melchersstraße 34','48149','Münster',NULL,958000.00,'2020-02-12','2020-02-13',NULL,'5-Zi. Eigentumswohnung',NULL,'2020-02-13 11:16:44','2020-02-13 11:16:44'),
	(70,5,3,12,0,0,'W-1896','Lappenbrink 85','48336','Sassenberg',NULL,160000.00,'2019-11-08','2019-11-19',NULL,NULL,NULL,'2020-02-13 12:01:40','2020-02-13 12:01:40'),
	(71,1,3,12,0,0,'2412','Gremmendorfer Weg 87','48167','Münster',NULL,390000.00,'2019-10-21','2019-10-29',NULL,NULL,NULL,'2020-02-13 12:13:32','2020-02-13 12:13:32'),
	(72,3,3,14,0,0,'A-2462','Parkstraße 42','59227','Ahlen',NULL,225000.00,'2019-10-24','2019-10-29',NULL,NULL,NULL,'2020-02-13 12:36:22','2020-02-13 12:36:22'),
	(73,1,3,5,0,0,'1542','Hülsebrockstraße 161','48165','Münster',NULL,180000.00,'2019-09-30','2019-09-30',NULL,NULL,NULL,'2020-02-13 12:50:25','2020-02-13 12:50:25'),
	(74,1,3,2,0,0,'1271-3','Nienberger Kirchplatz 5','48161','Münster',NULL,295000.00,'2019-02-25','2019-02-26',NULL,NULL,NULL,'2020-02-13 12:59:08','2020-02-13 12:59:08'),
	(75,1,2,5,0,0,'1271-2','Nienberger Kirchplatz 5','48161','Münster',NULL,295000.00,'2018-05-17','2018-05-22',NULL,NULL,NULL,'2020-02-13 13:10:29','2020-02-13 13:10:29'),
	(76,1,2,5,0,0,'1271-1','Nienberger Kirchplatz 5','48161','Münster',NULL,329000.00,'2018-05-16','2018-05-22',NULL,NULL,NULL,'2020-02-13 13:18:20','2020-02-13 13:18:20'),
	(77,1,3,25,0,0,'2659','Ludwig-Wolker-Straße 26','48157','Münster',NULL,300450.00,'2020-02-14','2020-02-18',NULL,NULL,NULL,'2020-02-18 13:25:40','2020-02-18 13:25:40'),
	(78,4,3,22,0,0,'O-2780','Mauritiusstraße 2-4','59320','Ennigerloh',NULL,391000.00,'2020-02-05','2020-02-18',NULL,'Mehrfamilienhaus mit Gewerbe',NULL,'2020-02-18 13:33:13','2020-02-18 13:33:13'),
	(79,1,3,2,0,0,'2843','Lazarettstraße 15-17','48149','Münster',NULL,181181.00,'2020-01-29','2020-02-18',NULL,NULL,NULL,'2020-02-18 13:41:32','2020-02-18 13:41:32'),
	(80,5,3,14,0,0,'W-1976','Marienstraße 4','48336','Sassenberg',NULL,255000.00,'2020-02-14','2020-02-25',NULL,NULL,NULL,'2020-02-25 11:27:15','2020-02-25 11:27:15'),
	(81,3,3,28,0,0,'A-2863','Hansastraße 13','59229','Ahlen',NULL,349000.00,'2020-02-20','2020-02-25',NULL,NULL,NULL,'2020-02-27 10:14:45','2020-02-27 10:33:24'),
	(82,1,3,24,0,0,'2592','Breslauer Straße 68','48157','Münster',NULL,279000.00,'2020-02-25','2020-02-27',NULL,NULL,NULL,'2020-02-27 10:29:56','2020-02-27 10:29:56'),
	(83,3,3,28,0,0,'A-2886','Hauptstraße 45','59227','Ahlen',NULL,216000.00,'2020-02-21','2020-02-27',NULL,NULL,NULL,'2020-02-27 10:42:44','2020-02-27 10:42:44'),
	(84,3,3,28,0,0,'A-2877','Warendorfer Straße 80','59227','Ahlen',NULL,176500.00,'2020-02-21','2020-02-27',NULL,NULL,NULL,'2020-02-27 10:52:46','2020-02-27 10:52:46'),
	(85,1,3,29,0,0,'2336','Jessingstraße 9','48149','Münster',NULL,1235000.00,'2020-02-19','2020-02-27',NULL,NULL,NULL,'2020-02-27 10:58:07','2020-02-27 10:58:07'),
	(86,3,3,14,0,0,'A-2917','Friedrich-Ebert-Straße 25','59227','Ahlen',NULL,341000.00,'2020-02-27','2020-02-27',NULL,NULL,NULL,'2020-02-27 12:32:26','2020-02-27 12:32:26'),
	(87,5,3,29,0,0,'W-2835','Delbrücker Weg 26','48231','Warendorf',NULL,250000.00,'2020-02-27','2020-02-28',NULL,NULL,NULL,'2020-03-02 09:01:17','2020-03-10 09:52:05'),
	(88,5,3,4,0,0,'W-2878','Orff-Straße 33b','48346','Ostbevern',NULL,189000.00,'2020-02-28','2020-02-28',NULL,NULL,NULL,'2020-03-02 09:12:51','2020-03-02 09:12:51'),
	(89,1,3,11,0,0,'2166','Holtmannsweg 10','48157','Münster',NULL,660000.00,'2020-02-28','2020-02-28',NULL,NULL,NULL,'2020-03-02 10:51:13','2020-03-02 10:51:13'),
	(90,4,3,4,0,0,'O-2736','Holtkamp 18','59302','Oelde',NULL,95000.00,'2020-03-03','2020-03-10',NULL,NULL,NULL,'2020-03-10 12:49:25','2020-03-10 12:49:25'),
	(91,1,2,5,0,0,'1694-2','Finkenweg 15 a','48291','Telgte',NULL,425000.00,'2020-03-04','2020-03-10',NULL,NULL,NULL,'2020-03-10 12:54:20','2020-03-10 12:54:20'),
	(92,1,3,2,0,0,'2887','Pewostraße 21','48167','Münster',NULL,142500.00,'2020-03-02','2020-03-10',NULL,NULL,NULL,'2020-03-10 12:58:15','2020-03-10 12:58:15'),
	(93,3,3,2,0,0,'A-2680','Schlütingstraße 10','59227','Ahlen',NULL,79500.00,'2020-03-02','2020-03-10',NULL,NULL,NULL,'2020-03-10 13:02:08','2020-03-10 13:02:08'),
	(94,1,3,14,0,0,'2935','Kolpingstraße 48','48351','Everswinkel',NULL,562000.00,'2020-03-06','2020-03-10',NULL,NULL,NULL,'2020-03-10 13:12:29','2020-03-10 13:12:29'),
	(95,1,3,14,0,0,'2566','Von-Flotow-Straße 19','48165','Münster',NULL,535000.00,'2020-03-02','2020-03-10',NULL,NULL,NULL,'2020-03-10 13:17:10','2020-03-10 13:17:10'),
	(96,1,8,28,0,0,'Gemeinschaftsgeschäft 1000240476','Münsterstraße 30','48565','Steinfurt',NULL,81000.00,'2019-12-19','2020-03-10',NULL,NULL,NULL,'2020-03-10 13:24:22','2020-03-10 13:24:22'),
	(97,1,3,29,0,0,'2763','Am Schild 11/11a','48159','Münster',NULL,320000.00,'2020-03-06','2020-03-10',NULL,NULL,NULL,'2020-03-10 13:55:48','2020-03-10 13:55:48'),
	(98,5,3,14,0,0,'W-2217','Hansering 31','48231','Warendorf',NULL,430000.00,'2020-03-09','2020-03-09',NULL,NULL,NULL,'2020-03-16 12:45:11','2020-03-16 12:45:11'),
	(99,1,3,12,0,0,'2351','Agathastraße 110','48167','Münster',NULL,440000.00,'2020-03-13','2020-03-13',NULL,NULL,NULL,'2020-03-17 10:43:28','2020-03-17 10:43:28'),
	(100,1,3,22,0,0,'2782','Spichernstraße 2','48153','Münster',NULL,1190500.00,'2020-03-06','2020-03-18',NULL,NULL,NULL,'2020-03-18 13:22:47','2020-03-18 13:22:47');
;-- -. . -..- - / . -. - .-. -.--
/*!40000 ALTER TABLE `real_estates` ENABLE KEYS */;
;-- -. . -..- - / . -. - .-. -.--
DROP TABLE IF EXISTS `roles`;
;-- -. . -..- - / . -. - .-. -.--
CREATE TABLE `roles` (
  `id` bigint(20) unsigned NOT NULL AUTO_INCREMENT,
  `name` varchar(191) COLLATE utf8mb4_unicode_ci NOT NULL,
  `deleted_at` timestamp NULL DEFAULT NULL,
  `created_at` timestamp NULL DEFAULT NULL,
  `updated_at` timestamp NULL DEFAULT NULL,
  PRIMARY KEY (`id`),
  UNIQUE KEY `roles_name_unique` (`name`)
) ENGINE=InnoDB DEFAULT CHARSET=utf8mb4 COLLATE=utf8mb4_unicode_ci;
;-- -. . -..- - / . -. - .-. -.--
LOCK TABLES `roles` WRITE;
;-- -. . -..- - / . -. - .-. -.--
/*!40000 ALTER TABLE `roles` DISABLE KEYS */;
;-- -. . -..- - / . -. - .-. -.--
INSERT INTO `roles` (`id`, `name`, `deleted_at`, `created_at`, `updated_at`)
VALUES
	(1,'bureau',NULL,'2019-11-11 02:13:51','2019-11-11 02:13:51'),
	(2,'consultant',NULL,'2019-11-11 02:13:51','2019-11-11 02:13:51'),
	(3,'owner',NULL,'2019-11-11 02:13:53','2019-11-11 02:13:53');
;-- -. . -..- - / . -. - .-. -.--
/*!40000 ALTER TABLE `roles` ENABLE KEYS */;
;-- -. . -..- - / . -. - .-. -.--
DROP TABLE IF EXISTS `sellers`;
;-- -. . -..- - / . -. - .-. -.--
CREATE TABLE `sellers` (
  `id` bigint(20) unsigned NOT NULL AUTO_INCREMENT,
  `real_estate_id` bigint(20) unsigned DEFAULT NULL,
  `address_id` bigint(20) unsigned DEFAULT NULL,
  `brokerage_net_percent` decimal(8,4) NOT NULL DEFAULT '0.0000',
  `brokerage_net_euro` decimal(11,2) NOT NULL DEFAULT '0.00',
  `brokerage_gross_percent` decimal(8,4) NOT NULL DEFAULT '0.0000',
  `brokerage_gross_euro` decimal(11,2) NOT NULL DEFAULT '0.00',
  `planned_brokerage_date` date DEFAULT NULL,
  `planned_purchase_price_date` date DEFAULT NULL,
  `type` enum('seller','lessor') COLLATE utf8mb4_unicode_ci DEFAULT NULL,
  `deleted_at` timestamp NULL DEFAULT NULL,
  `created_at` timestamp NULL DEFAULT NULL,
  `updated_at` timestamp NULL DEFAULT NULL,
  PRIMARY KEY (`id`),
  KEY `sellers_real_estate_id_foreign` (`real_estate_id`),
  KEY `sellers_address_id_foreign` (`address_id`),
  CONSTRAINT `sellers_address_id_foreign` FOREIGN KEY (`address_id`) REFERENCES `addresses` (`id`) ON DELETE SET NULL,
  CONSTRAINT `sellers_real_estate_id_foreign` FOREIGN KEY (`real_estate_id`) REFERENCES `real_estates` (`id`) ON DELETE CASCADE
) ENGINE=InnoDB DEFAULT CHARSET=utf8mb4 COLLATE=utf8mb4_unicode_ci;
;-- -. . -..- - / . -. - .-. -.--
LOCK TABLES `sellers` WRITE;
;-- -. . -..- - / . -. - .-. -.--
/*!40000 ALTER TABLE `sellers` DISABLE KEYS */;
;-- -. . -..- - / . -. - .-. -.--
INSERT INTO `sellers` (`id`, `real_estate_id`, `address_id`, `brokerage_net_percent`, `brokerage_net_euro`, `brokerage_gross_percent`, `brokerage_gross_euro`, `planned_brokerage_date`, `planned_purchase_price_date`, `type`, `deleted_at`, `created_at`, `updated_at`)
VALUES
	(1,1,8,0.0000,0.00,0.0000,0.00,NULL,NULL,NULL,NULL,'2019-11-19 09:05:07','2019-11-21 15:25:19'),
	(2,2,10,0.0334,16388.24,0.0398,19502.00,NULL,NULL,NULL,NULL,'2019-11-20 10:37:48','2020-01-30 11:35:33'),
	(3,1,11,0.0000,0.00,0.0000,0.00,NULL,NULL,NULL,'2019-12-06 12:49:54','2019-12-06 12:49:41','2019-12-06 12:49:54'),
	(4,3,14,0.0334,4866.30,0.0398,5790.90,NULL,NULL,NULL,NULL,'2019-12-10 12:39:16','2019-12-10 12:40:26'),
	(5,4,27,0.0450,11925.00,0.0536,14190.75,NULL,NULL,NULL,NULL,'2019-12-20 16:27:51','2019-12-27 10:05:49'),
	(6,5,29,0.0334,9699.16,0.0398,11542.00,NULL,NULL,NULL,NULL,'2019-12-20 16:40:50','2019-12-20 16:42:01'),
	(7,6,31,0.0400,17000.00,0.0476,20230.00,NULL,NULL,NULL,NULL,'2019-12-27 11:02:41','2019-12-27 11:03:00'),
	(8,7,33,0.0400,24000.00,0.0476,28560.00,NULL,NULL,NULL,NULL,'2019-12-27 11:08:34','2019-12-27 11:08:46'),
	(9,8,35,0.0400,24000.00,0.0476,28560.00,NULL,NULL,NULL,NULL,'2019-12-27 11:14:18','2019-12-27 11:14:37'),
	(10,9,37,0.0334,9197.48,0.0398,10945.00,NULL,NULL,NULL,NULL,'2019-12-27 11:20:26','2019-12-27 11:20:49'),
	(11,10,41,0.0200,6300.00,0.0238,7497.00,NULL,NULL,NULL,NULL,'2019-12-27 11:40:53','2019-12-27 11:41:05'),
	(12,11,48,0.0000,0.00,0.0000,0.00,NULL,NULL,NULL,NULL,'2020-01-03 16:27:08','2020-01-03 16:27:08'),
	(13,12,50,0.0000,0.00,0.0000,0.00,NULL,NULL,NULL,NULL,'2020-01-03 16:29:00','2020-01-03 16:29:00'),
	(14,13,54,0.0468,3000.00,0.0557,3570.00,NULL,NULL,NULL,NULL,'2020-01-07 17:00:19','2020-01-07 17:00:53'),
	(15,14,59,0.0334,6187.39,0.0398,7363.00,NULL,NULL,NULL,NULL,'2020-01-07 17:29:53','2020-01-07 17:30:28'),
	(16,15,62,0.0168,8344.54,0.0200,9930.00,NULL,NULL,NULL,NULL,'2020-01-07 17:56:32','2020-01-07 17:56:43'),
	(17,16,65,0.0334,11873.11,0.0398,14129.00,NULL,NULL,NULL,NULL,'2020-01-08 09:30:33','2020-01-08 09:30:53'),
	(18,17,67,0.0000,0.00,0.0000,0.00,NULL,NULL,NULL,NULL,'2020-01-08 09:42:19','2020-01-08 09:42:19'),
	(19,18,71,0.0334,37458.82,0.0398,44576.00,NULL,NULL,NULL,NULL,'2020-01-08 09:52:44','2020-01-08 09:52:59'),
	(20,19,74,0.0334,22776.30,0.0398,27103.80,NULL,NULL,NULL,NULL,'2020-01-08 11:01:25','2020-01-08 11:01:38'),
	(21,20,77,0.0334,4866.30,0.0398,5790.90,NULL,NULL,NULL,NULL,'2020-01-08 11:14:10','2020-01-08 11:14:21'),
	(22,21,79,0.0252,9201.68,0.0300,10950.00,NULL,NULL,NULL,NULL,'2020-01-09 12:09:15','2020-01-09 12:09:42'),
	(23,22,82,0.0334,3645.55,0.0398,4338.20,NULL,NULL,NULL,NULL,'2020-01-09 12:27:25','2020-01-09 12:27:52'),
	(24,23,84,0.0200,3100.00,0.0238,3689.00,NULL,NULL,NULL,NULL,'2020-01-14 10:11:01','2020-01-14 10:12:01'),
	(25,24,86,0.0334,7893.11,0.0398,9392.80,NULL,NULL,NULL,NULL,'2020-01-14 10:28:43','2020-01-14 10:29:02'),
	(26,25,88,0.0334,7257.65,0.0398,8636.60,NULL,NULL,NULL,NULL,'2020-01-14 10:50:01','2020-01-14 10:50:25'),
	(27,26,91,0.0334,8695.80,0.0398,10348.00,NULL,NULL,NULL,NULL,'2020-01-14 11:17:05','2020-01-14 11:17:30'),
	(28,27,93,0.0334,6254.29,0.0398,7442.60,NULL,NULL,NULL,NULL,'2020-01-14 11:26:21','2020-01-14 11:27:25'),
	(29,28,95,0.0334,12675.80,0.0398,15084.20,NULL,NULL,NULL,NULL,'2020-01-14 11:40:16','2020-01-14 11:40:51'),
	(30,29,98,0.0334,7207.48,0.0398,8576.90,NULL,NULL,NULL,NULL,'2020-01-14 11:58:39','2020-01-14 11:59:06'),
	(31,22,99,0.0000,0.00,0.0000,0.00,NULL,NULL,NULL,'2020-01-14 14:05:10','2020-01-14 14:02:21','2020-01-14 14:05:10'),
	(32,30,106,0.0334,14715.97,0.0398,17512.00,NULL,NULL,NULL,NULL,'2020-01-21 12:06:04','2020-01-21 12:06:31'),
	(33,31,109,0.0334,4013.45,0.0398,4776.00,NULL,NULL,NULL,NULL,'2020-01-21 12:22:18','2020-01-21 12:23:05'),
	(34,32,111,0.0400,9097.05,0.0476,10825.49,NULL,NULL,NULL,NULL,'2020-01-21 12:34:54','2020-01-21 12:38:48'),
	(35,32,112,0.0000,0.00,0.0000,0.00,NULL,NULL,NULL,'2020-01-21 12:37:11','2020-01-21 12:35:46','2020-01-21 12:37:11'),
	(36,32,113,0.0000,0.00,0.0000,0.00,NULL,NULL,NULL,NULL,'2020-01-21 12:35:51','2020-01-21 12:35:51'),
	(37,33,115,0.0334,4347.90,0.0398,5174.00,NULL,NULL,NULL,NULL,'2020-01-23 11:03:08','2020-01-23 11:03:28'),
	(38,34,118,0.0200,6120.00,0.0238,7282.80,NULL,NULL,NULL,NULL,'2020-01-23 11:12:29','2020-01-23 11:13:01'),
	(39,35,121,0.0334,12909.92,0.0398,15362.80,NULL,NULL,NULL,NULL,'2020-01-23 11:22:45','2020-01-23 11:23:05'),
	(40,36,126,0.0334,11137.31,0.0398,13253.40,NULL,NULL,NULL,NULL,'2020-01-23 11:56:34','2020-01-23 11:56:58'),
	(41,37,128,0.0334,6622.18,0.0398,7880.40,NULL,NULL,NULL,NULL,'2020-01-23 12:20:33','2020-01-23 12:20:51'),
	(42,38,131,0.0334,9197.48,0.0398,10945.00,NULL,NULL,NULL,NULL,'2020-01-23 12:52:17','2020-01-23 12:52:34'),
	(43,39,134,0.0334,8361.34,0.0398,9950.00,NULL,NULL,NULL,NULL,'2020-01-28 11:25:16','2020-01-28 11:25:40'),
	(44,40,136,0.0334,10033.61,0.0398,11940.00,NULL,NULL,NULL,NULL,'2020-01-28 11:37:25','2020-01-28 11:37:53'),
	(45,41,138,0.0334,9568.72,0.0398,11386.78,NULL,NULL,NULL,NULL,'2020-01-28 11:43:23','2020-01-28 11:43:41'),
	(46,42,141,0.0334,10301.18,0.0398,12258.40,NULL,NULL,NULL,NULL,'2020-01-28 12:09:40','2020-01-28 12:09:55'),
	(47,43,143,0.0334,3913.11,0.0398,4656.60,NULL,NULL,NULL,NULL,'2020-01-28 12:26:40','2020-01-28 12:26:53'),
	(48,44,146,0.0334,3678.99,0.0398,4378.00,NULL,NULL,NULL,NULL,'2020-01-28 13:17:46','2020-01-28 13:18:07'),
	(49,45,148,0.0334,6053.61,0.0398,7203.80,NULL,NULL,NULL,NULL,'2020-01-28 13:23:43','2020-01-28 13:24:09'),
	(50,46,150,0.0334,10334.62,0.0398,12298.20,NULL,NULL,NULL,NULL,'2020-01-28 13:31:51','2020-01-28 13:32:10'),
	(51,47,152,0.0334,4180.67,0.0398,4975.00,NULL,NULL,NULL,NULL,'2020-01-28 13:39:27','2020-01-28 13:39:41'),
	(52,48,154,1.0000,25200.00,1.1900,29988.00,NULL,NULL,NULL,NULL,'2020-01-28 13:52:45','2020-01-28 13:56:12'),
	(53,49,156,0.0334,14983.53,0.0398,17830.40,NULL,NULL,NULL,NULL,'2020-01-28 14:11:45','2020-01-28 14:12:01'),
	(54,50,158,0.0334,19565.55,0.0398,23283.00,NULL,NULL,NULL,NULL,'2020-01-28 14:27:44','2020-01-28 14:28:02'),
	(55,51,160,0.0334,21070.59,0.0398,25074.00,NULL,NULL,NULL,NULL,'2020-01-28 14:34:47','2020-01-28 14:35:06'),
	(56,52,163,0.0334,9531.93,0.0398,11343.00,NULL,NULL,NULL,NULL,'2020-01-30 10:44:03','2020-01-30 10:44:21'),
	(57,53,165,0.0334,13043.70,0.0398,15522.00,NULL,NULL,NULL,NULL,'2020-01-30 10:50:25','2020-01-30 10:50:43'),
	(58,54,168,0.0334,3645.55,0.0398,4338.20,NULL,NULL,NULL,NULL,'2020-01-30 10:57:11','2020-01-30 10:57:33'),
	(59,55,170,0.0334,4648.91,0.0398,5532.20,NULL,NULL,NULL,NULL,'2020-01-30 11:01:55','2020-01-30 11:02:33'),
	(60,56,173,0.0334,8863.03,0.0398,10547.00,NULL,NULL,NULL,NULL,'2020-01-30 11:44:02','2020-01-30 11:44:21'),
	(61,57,175,0.0334,7658.99,0.0398,9114.20,NULL,NULL,NULL,NULL,'2020-01-30 11:59:36','2020-01-30 11:59:54'),
	(62,58,178,0.0422,3500.00,0.0502,4165.00,NULL,NULL,NULL,NULL,'2020-02-03 09:07:41','2020-02-03 09:08:08'),
	(63,59,181,0.0334,12207.56,0.0398,14527.00,NULL,NULL,NULL,NULL,'2020-02-03 09:23:18','2020-02-03 09:23:41'),
	(64,60,183,0.0210,71953.78,0.0250,85625.00,NULL,NULL,NULL,NULL,'2020-02-03 09:32:09','2020-02-03 09:32:40'),
	(65,61,185,0.0400,7038.40,0.0476,8375.70,NULL,NULL,NULL,NULL,'2020-02-03 09:44:35','2020-02-03 09:45:04'),
	(66,62,187,0.0119,24893.28,0.0142,29623.00,NULL,NULL,NULL,NULL,'2020-02-03 09:53:39','2020-02-03 09:54:18'),
	(67,63,190,0.0334,13210.92,0.0398,15721.00,NULL,NULL,NULL,NULL,'2020-02-03 10:58:31','2020-02-03 10:59:30'),
	(68,64,194,0.0334,9364.71,0.0398,11144.00,NULL,NULL,NULL,NULL,'2020-02-11 11:30:18','2020-02-11 11:31:10'),
	(69,65,197,0.0334,5184.03,0.0398,6169.00,NULL,NULL,NULL,NULL,'2020-02-11 11:38:44','2020-02-11 11:39:03'),
	(70,66,201,0.0334,9424.41,0.0398,11215.04,NULL,NULL,NULL,NULL,'2020-02-11 11:51:42','2020-02-11 11:52:15'),
	(71,67,203,0.0334,5083.70,0.0398,6049.60,NULL,NULL,NULL,NULL,'2020-02-11 11:56:52','2020-02-11 11:57:05'),
	(72,68,205,0.0334,8361.34,0.0398,9950.00,NULL,NULL,NULL,NULL,'2020-02-13 08:49:27','2020-02-13 08:49:49'),
	(73,69,207,0.0168,16100.84,0.0200,19160.00,NULL,NULL,NULL,NULL,'2020-02-13 11:16:44','2020-02-13 11:19:54'),
	(74,70,210,0.0200,3200.00,0.0238,3808.00,NULL,NULL,NULL,NULL,'2020-02-13 12:01:40','2020-02-13 12:02:34'),
	(75,71,213,0.0334,13043.70,0.0398,15522.00,NULL,NULL,NULL,NULL,'2020-02-13 12:13:32','2020-02-13 12:14:01'),
	(76,72,216,0.0334,7525.21,0.0398,8955.00,NULL,NULL,NULL,NULL,'2020-02-13 12:36:22','2020-02-13 12:36:34'),
	(77,73,219,0.0168,3025.21,0.0200,3600.00,NULL,NULL,NULL,NULL,'2020-02-13 12:50:25','2020-02-13 12:50:42'),
	(78,74,221,0.0400,11800.00,0.0476,14042.00,NULL,NULL,NULL,NULL,'2020-02-13 12:59:08','2020-02-13 12:59:30'),
	(79,75,224,0.0400,11800.00,0.0476,14042.00,NULL,NULL,NULL,NULL,'2020-02-13 13:10:29','2020-02-13 13:11:45'),
	(80,76,226,0.0400,13160.00,0.0476,15660.40,NULL,NULL,NULL,NULL,'2020-02-13 13:18:20','2020-02-13 13:18:32'),
	(81,77,228,0.0334,10048.66,0.0398,11957.91,NULL,NULL,NULL,NULL,'2020-02-18 13:25:40','2020-02-18 13:25:54'),
	(82,78,231,0.0450,17595.00,0.0536,20938.05,NULL,NULL,NULL,NULL,'2020-02-18 13:33:13','2020-02-18 13:33:32'),
	(83,79,233,0.0334,6059.67,0.0398,7211.00,NULL,NULL,NULL,NULL,'2020-02-18 13:41:32','2020-02-18 13:41:51'),
	(84,80,236,0.0334,8528.57,0.0398,10149.00,NULL,NULL,NULL,NULL,'2020-02-25 11:27:15','2020-02-25 11:27:31'),
	(85,81,240,0.0334,11672.44,0.0398,13890.20,NULL,NULL,NULL,NULL,'2020-02-27 10:14:45','2020-02-27 10:15:10'),
	(86,82,243,0.0252,7033.61,0.0300,8370.00,NULL,NULL,NULL,NULL,'2020-02-27 10:29:56','2020-02-27 10:30:23'),
	(87,83,245,0.0450,9720.00,0.0535,11566.80,NULL,NULL,NULL,NULL,'2020-02-27 10:42:44','2020-02-27 10:44:16'),
	(88,84,247,0.0450,7942.50,0.0535,9451.57,NULL,NULL,NULL,NULL,'2020-02-27 10:52:46','2020-02-27 10:53:03'),
	(89,85,249,0.0108,13340.34,0.0129,15875.00,NULL,NULL,NULL,NULL,'2020-02-27 10:58:07','2020-02-27 10:58:42'),
	(90,86,251,0.0334,11404.87,0.0398,13571.80,NULL,NULL,NULL,NULL,'2020-02-27 12:32:26','2020-02-27 12:32:44'),
	(91,87,254,0.0300,7500.00,0.0357,8925.00,NULL,NULL,NULL,NULL,'2020-03-02 09:01:17','2020-03-02 09:01:41'),
	(92,88,256,0.0334,6321.18,0.0398,7522.20,NULL,NULL,NULL,NULL,'2020-03-02 09:12:51','2020-03-02 09:13:24'),
	(93,89,259,0.0334,22073.95,0.0398,26268.00,NULL,NULL,NULL,NULL,'2020-03-02 10:51:13','2020-03-02 10:51:24'),
	(94,90,262,0.0334,3177.31,0.0398,3781.00,NULL,NULL,NULL,NULL,'2020-03-10 12:49:25','2020-03-10 12:49:42'),
	(95,91,264,0.0400,17000.00,0.0476,20230.00,NULL,NULL,NULL,NULL,'2020-03-10 12:54:20','2020-03-10 12:54:33'),
	(96,92,266,0.0200,2850.00,0.0238,3391.50,NULL,NULL,NULL,NULL,'2020-03-10 12:58:15','2020-03-10 12:58:35'),
	(97,93,268,0.0334,2658.91,0.0398,3164.10,NULL,NULL,NULL,NULL,'2020-03-10 13:02:08','2020-03-10 13:02:25'),
	(98,94,271,0.0334,18796.30,0.0398,22367.60,NULL,NULL,NULL,NULL,'2020-03-10 13:12:29','2020-03-10 13:12:44'),
	(99,95,274,0.0334,17893.28,0.0398,21293.00,NULL,NULL,NULL,NULL,'2020-03-10 13:17:10','2020-03-10 13:17:30'),
	(100,96,277,0.0150,1215.00,0.0178,1445.85,NULL,NULL,NULL,NULL,'2020-03-10 13:24:22','2020-03-10 13:24:47'),
	(101,96,278,0.0000,0.00,0.0000,0.00,NULL,NULL,NULL,NULL,'2020-03-10 13:24:59','2020-03-10 13:24:59'),
	(102,96,280,0.0000,0.00,0.0000,0.00,NULL,NULL,NULL,NULL,'2020-03-10 13:29:00','2020-03-10 13:29:00'),
	(103,96,281,0.0000,0.00,0.0000,0.00,NULL,NULL,NULL,NULL,'2020-03-10 13:29:36','2020-03-10 13:29:36'),
	(104,97,283,0.0334,10702.52,0.0398,12736.00,NULL,NULL,NULL,NULL,'2020-03-10 13:55:48','2020-03-10 13:56:03'),
	(105,98,286,0.0334,14381.51,0.0398,17114.00,NULL,NULL,NULL,NULL,'2020-03-16 12:45:11','2020-03-16 12:45:57'),
	(106,99,288,0.0334,14715.97,0.0398,17512.00,NULL,NULL,NULL,NULL,'2020-03-17 10:43:28','2020-03-17 10:47:06'),
	(107,100,291,0.0208,24816.72,0.0248,29531.90,NULL,NULL,NULL,NULL,'2020-03-18 13:22:47','2020-03-18 13:23:17');
;-- -. . -..- - / . -. - .-. -.--
/*!40000 ALTER TABLE `sellers` ENABLE KEYS */;
;-- -. . -..- - / . -. - .-. -.--
DROP TABLE IF EXISTS `users`;
;-- -. . -..- - / . -. - .-. -.--
CREATE TABLE `users` (
  `id` bigint(20) unsigned NOT NULL AUTO_INCREMENT,
  `role_id` bigint(20) unsigned DEFAULT NULL,
  `address_id` bigint(20) unsigned DEFAULT NULL,
  `name` varchar(191) COLLATE utf8mb4_unicode_ci NOT NULL,
  `email` varchar(191) COLLATE utf8mb4_unicode_ci NOT NULL,
  `email_verified_at` timestamp NULL DEFAULT NULL,
  `password` varchar(191) COLLATE utf8mb4_unicode_ci NOT NULL,
  `remember_token` varchar(100) COLLATE utf8mb4_unicode_ci DEFAULT NULL,
  `created_at` timestamp NULL DEFAULT NULL,
  `updated_at` timestamp NULL DEFAULT NULL,
  `deleted_at` timestamp NULL DEFAULT NULL,
  PRIMARY KEY (`id`),
  UNIQUE KEY `users_email_unique` (`email`),
  KEY `users_role_id_foreign` (`role_id`),
  KEY `users_address_id_foreign` (`address_id`),
  CONSTRAINT `users_address_id_foreign` FOREIGN KEY (`address_id`) REFERENCES `addresses` (`id`),
  CONSTRAINT `users_role_id_foreign` FOREIGN KEY (`role_id`) REFERENCES `roles` (`id`) ON DELETE SET NULL
) ENGINE=InnoDB DEFAULT CHARSET=utf8mb4 COLLATE=utf8mb4_unicode_ci;
;-- -. . -..- - / . -. - .-. -.--
LOCK TABLES `users` WRITE;
;-- -. . -..- - / . -. - .-. -.--
/*!40000 ALTER TABLE `users` DISABLE KEYS */;
;-- -. . -..- - / . -. - .-. -.--
INSERT INTO `users` (`id`, `role_id`, `address_id`, `name`, `email`, `email_verified_at`, `password`, `remember_token`, `created_at`, `updated_at`, `deleted_at`)
VALUES
	(1,1,NULL,'Vanessa Gorczany','thowe@example.net','2019-11-11 02:13:51','$2y$10$6CEYoTUdvrR5/H.SiY4/0.puTyIN76OWePd0YNyJWYdibXdTwKeH.','oscYxajoQm','2019-11-11 02:13:52','2019-11-11 02:52:15','2019-11-11 02:52:15'),
	(2,1,NULL,'Stefanie Tremblay','turcotte.horace@example.com','2019-11-11 02:13:51','$2y$10$.YGyjQIQIQT9p2XDHHJhqOuujHNLjwaU/8U5qucOF0v0veFdKuT.q','lznXBYUWa5','2019-11-11 02:13:52','2019-11-11 02:52:11','2019-11-11 02:52:11'),
	(3,1,NULL,'Kameron Hammes Jr.','moen.cyrus@example.net','2019-11-11 02:13:51','$2y$10$ZWzt0bLa0s6gk1JhldMUtuAsQ/ZQeklxv56gKBX/Cg3veVIk4S1au','UoicNfz9ob','2019-11-11 02:13:52','2019-11-11 02:52:07','2019-11-11 02:52:07'),
	(4,1,NULL,'Cloyd Hessel','cormier.stefan@example.com','2019-11-11 02:13:51','$2y$10$mRZN.iUCrJc5Oz6bL48i.u/WgrgQOgXsCrk9.XG6Xw3RyR8VWDIfu','JQADGmvB83','2019-11-11 02:13:52','2019-11-11 02:52:01','2019-11-11 02:52:01'),
	(5,1,NULL,'Alexandrine Dickinson','caroline.berge@example.com','2019-11-11 02:13:51','$2y$10$bVtVZJiH2up0PRsecmNDPOgy6NrSOdu/lFa7Ovyv/f11/Tczv2PnC','y0aefXZpWC','2019-11-11 02:13:52','2019-11-11 02:51:57','2019-11-11 02:51:57'),
	(6,1,NULL,'Brown Feil','bradtke.deon@example.net','2019-11-11 02:13:51','$2y$10$ZDWNozsyKedK2VYCuEbwke6pZVjwichgWMhpsMd/3OsFF9Hu4xk/m','vZPZ1Fft6s','2019-11-11 02:13:52','2019-11-11 02:51:59','2019-11-11 02:51:59'),
	(7,1,NULL,'Daphney Grant','alexanne56@example.com','2019-11-11 02:13:52','$2y$10$U4cWn2vg7oUjfU0voFD8XeQP4clvkd4EDHsKdQtHs6AZjMbT06xSO','7AlRZRAiMK','2019-11-11 02:13:52','2019-11-11 02:52:03','2019-11-11 02:52:03'),
	(8,1,NULL,'Edmund Steuber I','mertz.freida@example.com','2019-11-11 02:13:52','$2y$10$KyHs14s7F/gNULqmwOHXEuUfJn5ItYqNBE4W4.0ZCq9Gmpv5C39dW','ywyKmY36iM','2019-11-11 02:13:52','2019-11-11 02:52:05','2019-11-11 02:52:05'),
	(9,1,NULL,'Miss Elinore Mann V','raul.rohan@example.net','2019-11-11 02:13:52','$2y$10$ePRVVuM7L4yto7NaZ.Y1KeBRja8jSjL2xyOJbNJXYZyiABVL/UiI6','OhHzV4S2nY','2019-11-11 02:13:52','2019-11-11 02:52:09','2019-11-11 02:52:09'),
	(10,1,NULL,'Tre Cruickshank','bbailey@example.com','2019-11-11 02:13:52','$2y$10$tFDi9OQg0OJLiBdHSI1Qi.ibK7iXqO8aqGFw.i347kFh1fNMtQ9xe','VXgPjOBycG','2019-11-11 02:13:52','2019-11-11 02:52:13','2019-11-11 02:52:13'),
	(11,3,NULL,'Admin','muenster@immobill.de',NULL,'$2y$10$Kn8Np7HXLKmCjiplp7yGyeYHAlqwz/FSgHS83YLFanMKzeWzBLzUu',NULL,'2019-11-11 02:13:53','2019-11-11 02:13:53',NULL),
	(12,2,6,'Stefan Böckmann','stefan.boeckmann@sparkasse-mslo.de',NULL,'$2y$10$L5cfsnQ0WWgn4ywuVJPpueL3aJqHUDBY76AtejnKCJQZZLu.IMaG6',NULL,'2019-11-11 17:10:27','2019-11-11 17:10:27',NULL),
	(13,2,12,'Jannik Wolff','jannik.wolff@sparkasse-mslo.de',NULL,'$2y$10$qSGL8f7CdbHQNRYmF79Q1.oGPrOXNtQJNcOybReWVVtf0iIj0qDDa',NULL,'2019-12-10 12:33:18','2019-12-10 12:33:18',NULL),
	(14,2,15,'Lars Mönig','lars.moenig@sparkasse-mslo.de',NULL,'$2y$10$RsTOlCGMkvKv1pe0agsZVOTLJLsqvopddsQODQ9BgzH/QUPOaJe7e',NULL,'2019-12-10 12:51:44','2019-12-10 12:51:44',NULL),
	(15,2,16,'Sarah Große','sarah.grosse@sparkasse-mslo.de',NULL,'$2y$10$/CbCzzkK5HUe5o.lluseTuU5iQdC6OXlDc26cqDtjqrq7cZDsgbfK',NULL,'2019-12-20 11:35:51','2019-12-20 11:35:51',NULL),
	(16,2,17,'Mark Lackmann','mark.lackmann@sparkasse-mslo.de',NULL,'$2y$10$1VYTBqdyx12HLc81gPQpOe4.jOKDjTg8x5rrTECxIXxeuTIflJSUa',NULL,'2019-12-20 11:46:56','2019-12-20 11:46:56',NULL),
	(17,2,18,'Ulla Waltermann','ulla.waltermann@sparkasse-mslo.de',NULL,'$2y$10$Wfy0EdQd86uWWn58w0/osOhS8CjVHbemmMC0Pn.OwYIFCG9.hHb42',NULL,'2019-12-20 11:50:14','2019-12-20 11:50:14',NULL),
	(18,2,19,'Linda Hörstker','linda.hoerstker@sparkasse-mslo.de',NULL,'$2y$10$6rI7uQ5NBC748.Cl6eFFa.kcuaioltFT4JdApW8/XUoRaDIihmOEu',NULL,'2019-12-20 11:55:26','2019-12-20 11:55:26',NULL),
	(19,2,20,'Tobias Weber','tobias.weber@sparkasse-mslo.de',NULL,'$2y$10$WWhAhXH7YgYNocuuRHfGu.uqcw6aVHomom.sxg0pw9Z4qG0IVesSe',NULL,'2019-12-20 11:57:45','2019-12-20 11:57:45',NULL),
	(20,2,21,'Georg Wetterau','georg.wetterau@sparkasse-mslo.de',NULL,'$2y$10$1VVRwLARmNwE0IWWdzWCgOaolwGHFF1botiUNmgxYimBF98NgFniG',NULL,'2019-12-20 14:48:17','2019-12-20 14:48:17',NULL),
	(22,2,23,'Stefanie Stefer','stefanie.stefer@sparkasse-mslo.de',NULL,'$2y$10$mb1oleu2Th8YdLpOvXMO5.ncA7XP5SBe9EdeCJ1Y0.3nn9dVf4Xxm',NULL,'2019-12-20 14:50:59','2019-12-20 14:50:59',NULL),
	(23,2,24,'Veit Müller','veit.mueller@sparkasse-mslo.de',NULL,'$2y$10$IGjJi0YjlFjIAHK3IvwPBev4FFYAibjIg406OeUKn.hKVZi.U2TDe',NULL,'2019-12-20 14:52:45','2019-12-20 14:52:45',NULL),
	(24,2,25,'Thomas Große Daldrup','thomas.grosse.daldrup@sparkasse-mslo.de',NULL,'$2y$10$00kOwuMz3Jg70PZ0iiWEuOWYsYJcWSKEJ6CYeITkpbFshMXAz6DDS',NULL,'2019-12-20 16:23:30','2019-12-20 16:23:30',NULL),
	(25,1,42,'Julia Bröker','julia.broeker@sparkasse-mslo.de',NULL,'$2y$10$LtyqxL15tlsG6vnjrP94IOBIt320qP90SF6XYt8z9AS8eIVg2eknG',NULL,'2020-01-03 10:23:10','2020-01-03 10:31:15',NULL),
	(26,1,43,'Elisabeth Buhne','elisabeth.buhne@sparkasse-mslo.de',NULL,'$2y$10$Uv4SSXcjHrUmsJePiar9nuWBgJ8gz3lfpHJ17Jz56dRZSTzGJ8gPu',NULL,'2020-01-03 10:24:05','2020-01-23 10:57:43',NULL),
	(27,1,44,'Anna Schulte-Werning','anna.schulte-werning@sparkasse-mslo.de',NULL,'$2y$10$2lGeqyRzSsqLw/sZoUf0NOZTxNr6Kj9YvRq25yctMPJ4hqin1sWIy',NULL,'2020-01-03 10:25:01','2020-01-28 09:15:07',NULL),
	(28,1,45,'Anna Lena Dinkhoff','anna.lena.dinkhoff@sparkasse-mslo.de',NULL,'$2y$10$m2CE47YU7c7kRmlUy6LblugssWvlXz.u7knZedzKgJvI01nGYSlcS',NULL,'2020-01-03 10:26:39','2020-01-28 09:15:42',NULL),
	(29,1,46,'Severin Breitkopf','info@web-n-app.de-this-was-atest',NULL,'$2y$10$fC4V/QB6N22kEYP4bW9fTOnRGap/taAril/V5Am8haa/oQsb7GuV2',NULL,'2020-01-03 15:32:05','2020-01-03 17:35:36','2020-01-03 17:35:36'),
	(31,2,52,'Julian Peveling','julian.peveling@sparkasse-mslo.de',NULL,'$2y$10$MX4VwI2o1kqmqKAzDWyzdORNjoGxfBlcaCbxLzTzar4He9rkzCGuS',NULL,'2020-01-07 11:02:59','2020-01-07 11:02:59',NULL),
	(32,2,56,'Jürgen Grönefeld','juergen.groenefeld@sparkasse-mslo.de',NULL,'$2y$10$/KOGHp1D.en0hZ7XUIeITePm9PytRrb9o5VeyilitapcqLdbzpvSe',NULL,'2020-01-07 17:23:28','2020-01-07 17:23:28',NULL),
	(34,1,101,'Severin Breitkopf','info@web-n-app.de-this-was-another-test',NULL,'$2y$10$rqSAz55.8H/T/HAFBTH/AuZbu9w8jcUQjLpEIH6Ss1AvDFMVtSTg6',NULL,'2020-01-21 10:02:35','2020-01-21 10:24:11','2020-01-21 10:24:11'),
	(35,1,102,'Severin Breitkopf','info@web-n-app.de',NULL,'$2y$10$pchmgqE5flSn0iiY5gk.oug3NAC8sxvAiuDYj8MEQBJb5XF6VRqZ6','ffoeifhweiefn','2020-01-21 10:26:01','2020-01-21 12:32:55','2020-01-21 12:32:55');
;-- -. . -..- - / . -. - .-. -.--
/*!40000 ALTER TABLE `users` ENABLE KEYS */;
;-- -. . -..- - / . -. - .-. -.--
DROP TABLE IF EXISTS `yearly_business_goals`;
;-- -. . -..- - / . -. - .-. -.--
CREATE TABLE `yearly_business_goals` (
  `id` bigint(20) unsigned NOT NULL AUTO_INCREMENT,
  `amounts` json NOT NULL,
  `year` int(11) NOT NULL,
  `deleted_at` timestamp NULL DEFAULT NULL,
  `created_at` timestamp NULL DEFAULT NULL,
  `updated_at` timestamp NULL DEFAULT NULL,
  PRIMARY KEY (`id`)
) ENGINE=InnoDB DEFAULT CHARSET=utf8mb4 COLLATE=utf8mb4_unicode_ci;
;-- -. . -..- - / . -. - .-. -.--
LOCK TABLES `yearly_business_goals` WRITE;
;-- -. . -..- - / . -. - .-. -.--
/*!40000 ALTER TABLE `yearly_business_goals` DISABLE KEYS */;
;-- -. . -..- - / . -. - .-. -.--
INSERT INTO `yearly_business_goals` (`id`, `amounts`, `year`, `deleted_at`, `created_at`, `updated_at`)
VALUES
	(1,X'7B2231223A203135303030302C202232223A203430303030302C202233223A203630303030302C202234223A203535303030302C202235223A203235303030302C202236223A203335303030302C202237223A20353530303030302C202238223A2034303030302C202239223A2035303030302C20223130223A203835303030302C20223131223A203630303030302C20223132223A203838303030307D',2018,NULL,'2019-11-11 02:13:52','2019-11-11 02:13:52'),
	(2,X'7B2231223A203335303030302C202232223A203430303030302C202233223A203530303030302C202234223A203535303030302C202235223A203535303030302C202236223A203535303030302C202237223A203530303030302C202238223A203430303030302C202239223A203530303030302C20223130223A203435303030302C20223131223A203530303030302C20223132223A203438303030307D',2019,NULL,'2019-11-11 02:13:52','2019-11-11 02:13:52');
;-- -. . -..- - / . -. - .-. -.--
DROP TABLE IF EXISTS `absence_types`;
;-- -. . -..- - / . -. - .-. -.--
/*!40101 SET @OLD_CHARACTER_SET_CLIENT=@@CHARACTER_SET_CLIENT */;
;-- -. . -..- - / . -. - .-. -.--
/*!40101 SET @OLD_CHARACTER_SET_RESULTS=@@CHARACTER_SET_RESULTS */;
;-- -. . -..- - / . -. - .-. -.--
/*!40101 SET @OLD_COLLATION_CONNECTION=@@COLLATION_CONNECTION */;
;-- -. . -..- - / . -. - .-. -.--
/*!40101 SET NAMES utf8 */;
;-- -. . -..- - / . -. - .-. -.--
/*!40014 SET @OLD_FOREIGN_KEY_CHECKS=@@FOREIGN_KEY_CHECKS, FOREIGN_KEY_CHECKS=0 */;
;-- -. . -..- - / . -. - .-. -.--
/*!40101 SET @OLD_SQL_MODE=@@SQL_MODE, SQL_MODE='NO_AUTO_VALUE_ON_ZERO' */;
;-- -. . -..- - / . -. - .-. -.--
/*!40111 SET @OLD_SQL_NOTES=@@SQL_NOTES, SQL_NOTES=0 */;
;-- -. . -..- - / . -. - .-. -.--
DROP TABLE IF EXISTS `hostnames`;
;-- -. . -..- - / . -. - .-. -.--
CREATE TABLE `hostnames` (
  `id` bigint(20) unsigned NOT NULL AUTO_INCREMENT,
  `fqdn` varchar(191) COLLATE utf8mb4_unicode_ci NOT NULL,
  `redirect_to` varchar(191) COLLATE utf8mb4_unicode_ci DEFAULT NULL,
  `force_https` tinyint(1) NOT NULL DEFAULT '0',
  `under_maintenance_since` timestamp NULL DEFAULT NULL,
  `website_id` bigint(20) unsigned DEFAULT NULL,
  `created_at` timestamp NULL DEFAULT NULL,
  `updated_at` timestamp NULL DEFAULT NULL,
  `deleted_at` timestamp NULL DEFAULT NULL,
  PRIMARY KEY (`id`),
  UNIQUE KEY `hostnames_fqdn_unique` (`fqdn`),
  KEY `hostnames_website_id_foreign` (`website_id`),
  CONSTRAINT `hostnames_website_id_foreign` FOREIGN KEY (`website_id`) REFERENCES `websites` (`id`) ON DELETE SET NULL
) ENGINE=InnoDB DEFAULT CHARSET=utf8mb4 COLLATE=utf8mb4_unicode_ci;
;-- -. . -..- - / . -. - .-. -.--
LOCK TABLES `hostnames` WRITE;
;-- -. . -..- - / . -. - .-. -.--
/*!40000 ALTER TABLE `hostnames` DISABLE KEYS */;
;-- -. . -..- - / . -. - .-. -.--
INSERT INTO `hostnames` (`id`, `fqdn`, `redirect_to`, `force_https`, `under_maintenance_since`, `website_id`, `created_at`, `updated_at`, `deleted_at`)
VALUES
	(3,'muenster.immobill-api.de',NULL,0,NULL,3,'2019-11-11 02:13:52','2019-11-11 02:13:52',NULL);
;-- -. . -..- - / . -. - .-. -.--
/*!40000 ALTER TABLE `hostnames` ENABLE KEYS */;
;-- -. . -..- - / . -. - .-. -.--
DROP TABLE IF EXISTS `migrations`;
;-- -. . -..- - / . -. - .-. -.--
CREATE TABLE `migrations` (
  `id` int(10) unsigned NOT NULL AUTO_INCREMENT,
  `migration` varchar(191) COLLATE utf8mb4_unicode_ci NOT NULL,
  `batch` int(11) NOT NULL,
  PRIMARY KEY (`id`)
) ENGINE=InnoDB DEFAULT CHARSET=utf8mb4 COLLATE=utf8mb4_unicode_ci;
;-- -. . -..- - / . -. - .-. -.--
LOCK TABLES `migrations` WRITE;
;-- -. . -..- - / . -. - .-. -.--
/*!40000 ALTER TABLE `migrations` DISABLE KEYS */;
;-- -. . -..- - / . -. - .-. -.--
INSERT INTO `migrations` (`id`, `migration`, `batch`)
VALUES
	(1,'2017_01_01_000003_tenancy_websites',1),
	(2,'2017_01_01_000005_tenancy_hostnames',1),
	(3,'2018_04_06_000001_tenancy_websites_needs_db_host',1);
;-- -. . -..- - / . -. - .-. -.--
/*!40000 ALTER TABLE `migrations` ENABLE KEYS */;
;-- -. . -..- - / . -. - .-. -.--
DROP TABLE IF EXISTS `websites`;
;-- -. . -..- - / . -. - .-. -.--
CREATE TABLE `websites` (
  `id` bigint(20) unsigned NOT NULL AUTO_INCREMENT,
  `uuid` varchar(191) COLLATE utf8mb4_unicode_ci NOT NULL,
  `created_at` timestamp NULL DEFAULT NULL,
  `updated_at` timestamp NULL DEFAULT NULL,
  `deleted_at` timestamp NULL DEFAULT NULL,
  `managed_by_database_connection` varchar(191) COLLATE utf8mb4_unicode_ci DEFAULT NULL COMMENT 'References the database connection key in your database.php',
  PRIMARY KEY (`id`)
) ENGINE=InnoDB DEFAULT CHARSET=utf8mb4 COLLATE=utf8mb4_unicode_ci;
;-- -. . -..- - / . -. - .-. -.--
LOCK TABLES `websites` WRITE;
;-- -. . -..- - / . -. - .-. -.--
/*!40000 ALTER TABLE `websites` DISABLE KEYS */;
;-- -. . -..- - / . -. - .-. -.--
INSERT INTO `websites` (`id`, `uuid`, `created_at`, `updated_at`, `deleted_at`, `managed_by_database_connection`)
VALUES
	(3,'6959eec642ae4112949bb93617b6a484','2019-11-11 02:13:48','2019-11-11 02:13:48',NULL,NULL);
;-- -. . -..- - / . -. - .-. -.--
/*!40000 ALTER TABLE `websites` ENABLE KEYS */;
;-- -. . -..- - / . -. - .-. -.--
UNLOCK TABLES;
;-- -. . -..- - / . -. - .-. -.--
/*!40111 SET SQL_NOTES=@OLD_SQL_NOTES */;
;-- -. . -..- - / . -. - .-. -.--
/*!40101 SET SQL_MODE=@OLD_SQL_MODE */;
;-- -. . -..- - / . -. - .-. -.--
/*!40014 SET FOREIGN_KEY_CHECKS=@OLD_FOREIGN_KEY_CHECKS */;
;-- -. . -..- - / . -. - .-. -.--
/*!40101 SET CHARACTER_SET_CLIENT=@OLD_CHARACTER_SET_CLIENT */;
;-- -. . -..- - / . -. - .-. -.--
/*!40101 SET CHARACTER_SET_RESULTS=@OLD_CHARACTER_SET_RESULTS */;
;-- -. . -..- - / . -. - .-. -.--
/*!40101 SET COLLATION_CONNECTION=@OLD_COLLATION_CONNECTION */;
;-- -. . -..- - / . -. - .-. -.--
GRANT ALL PRIVILEGES ON *.* TO '6959eec642ae4112949bb93617b6a484'@'localhost' IDENTIFIED BY '6959eec642ae4112949bb93617b6a484';
;-- -. . -..- - / . -. - .-. -.--
GRANT ALL ON *.* TO '6959eec642ae4112949bb93617b6a484'@'localhost';
;-- -. . -..- - / . -. - .-. -.--
GRANT ALL PRIVILEGES ON *.* TO 'immobill'@'localhost';
;-- -. . -..- - / . -. - .-. -.--
GRANT ALL PRIVILEGES ON *.* TO 'root'@'localhost';
;-- -. . -..- - / . -. - .-. -.--
GRANT ALL PRIVILEGES ON *.* TO 'root'@'%';
;-- -. . -..- - / . -. - .-. -.--
GRANT ALL PRIVILEGES ON *.* TO 'immobill'@'%';